<?xml version='1.0' encoding='UTF-8'?>
<mets xmlns="http://www.loc.gov/METS/" xmlns:MODS="http://www.loc.gov/mods/v3"><dmdSec ID="MODSMD">
    <mdWrap LABEL="Bibliographic meta-data of the printed version" MDTYPE="MODS" MIMETYPE="text/xml">
      <xmlData>
        <MODS:mods version="3.1">
          <MODS:titleInfo>
            <MODS:title>See-Saw; a novel ... Edited [or rather, written] by W. W. Reade</MODS:title>
          </MODS:titleInfo>
          <MODS:name type="personal">
            <MODS:namePart>ABATI, Francesco.</MODS:namePart>
            <MODS:role>
              <MODS:roleTerm authority="marcrelator" type="text">creator</MODS:roleTerm>
            </MODS:role>
          </MODS:name>
          <MODS:name type="personal">
            <MODS:namePart>READE, William Winwood.</MODS:namePart>
          </MODS:name>
          <MODS:typeOfResource>text</MODS:typeOfResource>
          <MODS:originInfo>
            <MODS:place>
              <MODS:placeTerm type="text">London</MODS:placeTerm>
            </MODS:place>
            <MODS:publisher>E. Moxon &amp; Co.</MODS:publisher>
            <MODS:dateIssued>1865</MODS:dateIssued>
            <MODS:issuance>monographic</MODS:issuance>
          </MODS:originInfo>
          <MODS:physicalDescription>
            <MODS:extent>2 vol. ; 8º.</MODS:extent>
          </MODS:physicalDescription>
          <MODS:location>
            <MODS:physicalLocation>British Library HMNTS 12623.bbb.12.</MODS:physicalLocation>
          </MODS:location>
          <MODS:recordInfo>
            <MODS:recordContentSource authority="marcorg">Uk</MODS:recordContentSource>
            <MODS:recordCreationDate encoding="w3cdtf">1987-08-13</MODS:recordCreationDate>
            <MODS:recordChangeDate encoding="w3cdtf">1987-08-13</MODS:recordChangeDate>
            <MODS:recordIdentifier>000002854</MODS:recordIdentifier>
          </MODS:recordInfo>
          <MODS:accessCondition type="Copyright Status">Out of Copyright</MODS:accessCondition>
        </MODS:mods>
      </xmlData>
    </mdWrap>
  </dmdSec>
  </mets>