<?xml version="1.0" encoding="UTF-8"?>
<alto xmlns:xsi="http://www.w3.org/2001/XMLSchema-instance" xsi:noNamespaceSchemaLocation="http://www.bl.uk/schemas/alto/alto-1-4.xsd" xmlns:xlink="http://www.w3.org/1999/xlink">
	<Description>
		<MeasurementUnit>mm10</MeasurementUnit>
		<sourceImageInformation>
			<fileName>//head1/IN/2007-44/A0010858537.2/001864.jp2</fileName>
		</sourceImageInformation>
		<OCRProcessing ID="OCRPROCESSING_1">
			<preProcessingStep>
				<processingSoftware>
					<softwareCreator>CCS Content Conversion Specialists GmbH, Germany</softwareCreator>
					<softwareName>CCS docWORKS</softwareName>
					<softwareVersion>6.1-0.59</softwareVersion>
				</processingSoftware>
			</preProcessingStep>
			<ocrProcessingStep>
				<processingSoftware>
					<softwareCreator>ABBYY (BIT Software), Russia</softwareCreator>
					<softwareName>Finereader</softwareName>
				</processingSoftware>
			</ocrProcessingStep>
		</OCRProcessing>
	</Description>
	<Styles>
		<TextStyle ID="TXT_0" FONTSIZE="10" FONTFAMILY="Courier New"/>
		<TextStyle ID="TXT_1" FONTSIZE="9" FONTFAMILY="Courier New"/>
		<ParagraphStyle ID="PAR_LEFT" ALIGN="Left"/>
		<ParagraphStyle ID="PAR_RIGHT" ALIGN="Right"/>
		<ParagraphStyle ID="PAR_CENTER" ALIGN="Center"/>
	</Styles>
	<Layout>
		<Page ID="P86" PHYSICAL_IMG_NR="86" HEIGHT="1683" WIDTH="989" PRINTED_IMG_NR="78" POSITION="Left" ACCURACY="68.38">
			<TopMargin ID="P86_TM00001" HPOS="0" VPOS="0" WIDTH="988" HEIGHT="110">
				<TextBlock ID="P86_TB00001" HPOS="117" VPOS="81" WIDTH="37" HEIGHT="28" STYLEREFS="TXT_0 PAR_LEFT">
					<TextLine ID="P86_TL00001" HPOS="119" VPOS="83" WIDTH="35" HEIGHT="26">
						<String ID="P86_ST00001" HPOS="119" VPOS="83" WIDTH="35" HEIGHT="26" CONTENT="78" WC="0.75" CC="04"/>
					</TextLine>
				</TextBlock>
				<TextBlock ID="P86_TB00002" HPOS="459" VPOS="88" WIDTH="134" HEIGHT="22" STYLEREFS="TXT_1 PAR_RIGHT">
					<TextLine ID="P86_TL00002" HPOS="460" VPOS="89" WIDTH="133" HEIGHT="21">
						<String ID="P86_ST00002" HPOS="460" VPOS="89" WIDTH="133" HEIGHT="21" CONTENT="SEE-SAw." WC="0.46" CC="74905095"/>
					</TextLine>
				</TextBlock>
			</TopMargin>
			<LeftMargin ID="P86_LM00001" HPOS="0" VPOS="110" WIDTH="101" HEIGHT="1432"/>
			<RightMargin ID="P86_RM00001" HPOS="938" VPOS="110" WIDTH="50" HEIGHT="1432"/>
			<BottomMargin ID="P86_BM00001" HPOS="0" VPOS="1542" WIDTH="988" HEIGHT="141"/>
			<PrintSpace ID="P86_PS00001" HPOS="101" VPOS="110" WIDTH="837" HEIGHT="1432">
				<TextBlock ID="P86_TB00003" HPOS="111" VPOS="169" WIDTH="827" HEIGHT="385" STYLEREFS="TXT_1 PAR_LEFT">
					<TextLine ID="P86_TL00003" HPOS="118" VPOS="170" WIDTH="820" HEIGHT="35">
						<String ID="P86_ST00003" HPOS="118" VPOS="171" WIDTH="117" HEIGHT="28" CONTENT="climbed" WC="0.67" CC="0347700"/>
						<SP ID="P86_SP00001" HPOS="235" VPOS="199" WIDTH="22"/>
						<String ID="P86_ST00004" HPOS="257" VPOS="182" WIDTH="34" HEIGHT="17" CONTENT="on" WC="0.71" CC="05"/>
						<SP ID="P86_SP00002" HPOS="291" VPOS="199" WIDTH="22"/>
						<String ID="P86_ST00005" HPOS="313" VPOS="172" WIDTH="44" HEIGHT="27" CONTENT="till" WC="0.76" CC="0441"/>
						<SP ID="P86_SP00003" HPOS="357" VPOS="199" WIDTH="22"/>
						<String ID="P86_ST00006" HPOS="379" VPOS="172" WIDTH="35" HEIGHT="27" CONTENT="he" WC="0.63" CC="70"/>
						<SP ID="P86_SP00004" HPOS="414" VPOS="199" WIDTH="23"/>
						<String ID="P86_ST00007" HPOS="437" VPOS="172" WIDTH="54" HEIGHT="27" CONTENT="had" WC="0.42" CC="709"/>
						<SP ID="P86_SP00005" HPOS="491" VPOS="199" WIDTH="21"/>
						<String ID="P86_ST00008" HPOS="512" VPOS="172" WIDTH="130" HEIGHT="28" CONTENT="screened" WC="0.71" CC="50400704"/>
						<SP ID="P86_SP00006" HPOS="642" VPOS="200" WIDTH="19"/>
						<String ID="P86_ST00009" HPOS="661" VPOS="171" WIDTH="25" HEIGHT="28" CONTENT="it" WC="0.18" CC="69"/>
						<SP ID="P86_SP00007" HPOS="686" VPOS="200" WIDTH="16"/>
						<String ID="P86_ST00010" HPOS="702" VPOS="171" WIDTH="70" HEIGHT="27" CONTENT="from" WC="0.59" CC="9060"/>
						<SP ID="P86_SP00008" HPOS="772" VPOS="200" WIDTH="20"/>
						<String ID="P86_ST00011" HPOS="792" VPOS="170" WIDTH="59" HEIGHT="27" CONTENT="him" WC="0.61" CC="640"/>
						<SP ID="P86_SP00009" HPOS="851" VPOS="200" WIDTH="19"/>
						<String ID="P86_ST00012" HPOS="870" VPOS="170" WIDTH="39" HEIGHT="35" CONTENT="by" WC="0.70" CC="50"/>
						<SP ID="P86_SP00010" HPOS="909" VPOS="205" WIDTH="13"/>
						<String ID="P86_ST00013" HPOS="922" VPOS="178" WIDTH="16" HEIGHT="19" CONTENT="a" WC="0.12" CC="8"/>
					</TextLine>
					<TextLine ID="P86_TL00004" HPOS="117" VPOS="227" WIDTH="820" HEIGHT="40">
						<String ID="P86_ST00014" HPOS="117" VPOS="232" WIDTH="62" HEIGHT="26" CONTENT="wall" WC="0.65" CC="0067"/>
						<SP ID="P86_SP00011" HPOS="179" VPOS="258" WIDTH="13"/>
						<String ID="P86_ST00015" HPOS="192" VPOS="232" WIDTH="30" HEIGHT="26" CONTENT="of" WC="1.00" CC="00"/>
						<SP ID="P86_SP00012" HPOS="222" VPOS="258" WIDTH="9"/>
						<String ID="P86_ST00016" HPOS="231" VPOS="232" WIDTH="106" HEIGHT="35" CONTENT="foliage." WC="0.87" CC="00630000"/>
						<SP ID="P86_SP00013" HPOS="337" VPOS="267" WIDTH="38"/>
						<String ID="P86_ST00017" HPOS="375" VPOS="232" WIDTH="70" HEIGHT="27" CONTENT="Now" WC="0.99" CC="000"/>
						<SP ID="P86_SP00014" HPOS="445" VPOS="267" WIDTH="12"/>
						<String ID="P86_ST00018" HPOS="457" VPOS="232" WIDTH="36" HEIGHT="27" CONTENT="he" WC="0.62" CC="70"/>
						<SP ID="P86_SP00015" HPOS="493" VPOS="267" WIDTH="13"/>
						<String ID="P86_ST00019" HPOS="506" VPOS="241" WIDTH="55" HEIGHT="18" CONTENT="was" WC="0.83" CC="004"/>
						<SP ID="P86_SP00016" HPOS="561" VPOS="267" WIDTH="14"/>
						<String ID="P86_ST00020" HPOS="575" VPOS="232" WIDTH="86" HEIGHT="27" CONTENT="alone." WC="0.79" CC="500600"/>
						<SP ID="P86_SP00017" HPOS="661" VPOS="267" WIDTH="39"/>
						<String ID="P86_ST00021" HPOS="700" VPOS="228" WIDTH="126" HEIGHT="36" CONTENT="Looking" WC="0.84" CC="0000370"/>
						<SP ID="P86_SP00018" HPOS="826" VPOS="267" WIDTH="17"/>
						<String ID="P86_ST00022" HPOS="843" VPOS="227" WIDTH="94" HEIGHT="27" CONTENT="'round" WC="0.62" CC="030666"/>
					</TextLine>
					<TextLine ID="P86_TL00005" HPOS="116" VPOS="282" WIDTH="821" HEIGHT="38">
						<String ID="P86_ST00023" HPOS="116" VPOS="286" WIDTH="65" HEIGHT="32" CONTENT="him," WC="0.73" CC="7300"/>
						<SP ID="P86_SP00019" HPOS="181" VPOS="318" WIDTH="14"/>
						<String ID="P86_ST00024" HPOS="195" VPOS="286" WIDTH="35" HEIGHT="27" CONTENT="he" WC="0.63" CC="70"/>
						<SP ID="P86_SP00020" HPOS="230" VPOS="318" WIDTH="20"/>
						<String ID="P86_ST00025" HPOS="250" VPOS="296" WIDTH="54" HEIGHT="17" CONTENT="saw" WC="0.92" CC="020"/>
						<SP ID="P86_SP00021" HPOS="304" VPOS="318" WIDTH="13"/>
						<String ID="P86_ST00026" HPOS="317" VPOS="296" WIDTH="35" HEIGHT="17" CONTENT="no" WC="0.45" CC="73"/>
						<SP ID="P86_SP00022" HPOS="352" VPOS="318" WIDTH="19"/>
						<String ID="P86_ST00027" HPOS="371" VPOS="289" WIDTH="87" HEIGHT="24" CONTENT="traces" WC="0.69" CC="740006"/>
						<SP ID="P86_SP00023" HPOS="458" VPOS="318" WIDTH="15"/>
						<String ID="P86_ST00028" HPOS="473" VPOS="287" WIDTH="29" HEIGHT="26" CONTENT="of" WC="0.76" CC="40"/>
						<SP ID="P86_SP00024" HPOS="502" VPOS="318" WIDTH="16"/>
						<String ID="P86_ST00029" HPOS="518" VPOS="296" WIDTH="73" HEIGHT="17" CONTENT="man." WC="0.57" CC="0970"/>
						<SP ID="P86_SP00025" HPOS="591" VPOS="318" WIDTH="39"/>
						<String ID="P86_ST00030" HPOS="630" VPOS="284" WIDTH="152" HEIGHT="36" CONTENT="Listening," WC="0.74" CC="6500004504"/>
						<SP ID="P86_SP00026" HPOS="782" VPOS="320" WIDTH="17"/>
						<String ID="P86_ST00031" HPOS="799" VPOS="283" WIDTH="36" HEIGHT="27" CONTENT="he" WC="0.63" CC="70"/>
						<SP ID="P86_SP00027" HPOS="835" VPOS="320" WIDTH="14"/>
						<String ID="P86_ST00032" HPOS="849" VPOS="282" WIDTH="88" HEIGHT="27" CONTENT="heard" WC="0.86" CC="70000"/>
					</TextLine>
					<TextLine ID="P86_TL00006" HPOS="114" VPOS="342" WIDTH="824" HEIGHT="39">
						<String ID="P86_ST00033" HPOS="114" VPOS="354" WIDTH="36" HEIGHT="18" CONTENT="no" WC="0.48" CC="73"/>
						<SP ID="P86_SP00028" HPOS="150" VPOS="372" WIDTH="23"/>
						<String ID="P86_ST00034" HPOS="173" VPOS="345" WIDTH="100" HEIGHT="27" CONTENT="sounds" WC="0.53" CC="707705"/>
						<SP ID="P86_SP00029" HPOS="273" VPOS="372" WIDTH="21"/>
						<String ID="P86_ST00035" HPOS="294" VPOS="354" WIDTH="63" HEIGHT="18" CONTENT="save" WC="0.84" CC="6000"/>
						<SP ID="P86_SP00030" HPOS="357" VPOS="372" WIDTH="22"/>
						<String ID="P86_ST00036" HPOS="379" VPOS="345" WIDTH="48" HEIGHT="27" CONTENT="the" WC="0.74" CC="070"/>
						<SP ID="P86_SP00031" HPOS="427" VPOS="372" WIDTH="23"/>
						<String ID="P86_ST00037" HPOS="450" VPOS="354" WIDTH="88" HEIGHT="27" CONTENT="vague" WC="0.69" CC="00950"/>
						<SP ID="P86_SP00032" HPOS="538" VPOS="381" WIDTH="20"/>
						<String ID="P86_ST00038" HPOS="558" VPOS="344" WIDTH="164" HEIGHT="37" CONTENT="mysterious" WC="0.52" CC="0993044166"/>
						<SP ID="P86_SP00033" HPOS="722" VPOS="381" WIDTH="21"/>
						<String ID="P86_ST00039" HPOS="743" VPOS="352" WIDTH="141" HEIGHT="18" CONTENT="murmurs" WC="0.56" CC="0640756"/>
						<SP ID="P86_SP00034" HPOS="884" VPOS="381" WIDTH="25"/>
						<String ID="P86_ST00040" HPOS="909" VPOS="342" WIDTH="29" HEIGHT="27" CONTENT="of" WC="0.65" CC="07"/>
					</TextLine>
					<TextLine ID="P86_TL00007" HPOS="114" VPOS="400" WIDTH="821" HEIGHT="39">
						<String ID="P86_ST00041" HPOS="114" VPOS="403" WIDTH="47" HEIGHT="27" CONTENT="the" WC="0.69" CC="170"/>
						<SP ID="P86_SP00035" HPOS="161" VPOS="430" WIDTH="14"/>
						<String ID="P86_ST00042" HPOS="175" VPOS="403" WIDTH="84" HEIGHT="36" CONTENT="night." WC="0.65" CC="760700"/>
						<SP ID="P86_SP00036" HPOS="259" VPOS="439" WIDTH="41"/>
						<String ID="P86_ST00043" HPOS="300" VPOS="403" WIDTH="139" HEIGHT="35" CONTENT="Kneeling" WC="0.74" CC="25000570"/>
						<SP ID="P86_SP00037" HPOS="439" VPOS="439" WIDTH="12"/>
						<String ID="P86_ST00044" HPOS="451" VPOS="403" WIDTH="86" HEIGHT="31" CONTENT="down," WC="0.72" CC="12071"/>
						<SP ID="P86_SP00038" HPOS="537" VPOS="439" WIDTH="19"/>
						<String ID="P86_ST00045" HPOS="556" VPOS="403" WIDTH="36" HEIGHT="26" CONTENT="he" WC="0.63" CC="70"/>
						<SP ID="P86_SP00039" HPOS="592" VPOS="439" WIDTH="19"/>
						<String ID="P86_ST00046" HPOS="611" VPOS="402" WIDTH="110" HEIGHT="36" CONTENT="clasped" WC="0.90" CC="0007000"/>
						<SP ID="P86_SP00040" HPOS="721" VPOS="439" WIDTH="22"/>
						<String ID="P86_ST00047" HPOS="743" VPOS="401" WIDTH="130" HEIGHT="36" CONTENT="together" WC="0.61" CC="00906707"/>
						<SP ID="P86_SP00041" HPOS="873" VPOS="439" WIDTH="17"/>
						<String ID="P86_ST00048" HPOS="890" VPOS="400" WIDTH="45" HEIGHT="27" CONTENT="his" WC="0.43" CC="654"/>
					</TextLine>
					<TextLine ID="P86_TL00008" HPOS="114" VPOS="460" WIDTH="820" HEIGHT="37">
						<String ID="P86_ST00049" HPOS="114" VPOS="462" WIDTH="82" HEIGHT="27" CONTENT="moist" WC="0.63" CC="00647"/>
						<SP ID="P86_SP00042" HPOS="196" VPOS="489" WIDTH="12"/>
						<String ID="P86_ST00050" HPOS="208" VPOS="462" WIDTH="60" HEIGHT="27" CONTENT="cold" WC="0.95" CC="0010"/>
						<SP ID="P86_SP00043" HPOS="268" VPOS="489" WIDTH="13"/>
						<String ID="P86_ST00051" HPOS="281" VPOS="462" WIDTH="95" HEIGHT="32" CONTENT="hands," WC="0.43" CC="776074"/>
						<SP ID="P86_SP00044" HPOS="376" VPOS="494" WIDTH="11"/>
						<String ID="P86_ST00052" HPOS="387" VPOS="462" WIDTH="54" HEIGHT="26" CONTENT="and" WC="0.74" CC="070"/>
						<SP ID="P86_SP00045" HPOS="441" VPOS="494" WIDTH="14"/>
						<String ID="P86_ST00053" HPOS="455" VPOS="461" WIDTH="79" HEIGHT="32" CONTENT="cried," WC="0.79" CC="065000"/>
						<SP ID="P86_SP00046" HPOS="534" VPOS="494" WIDTH="16"/>
						<String ID="P86_ST00054" HPOS="550" VPOS="464" WIDTH="13" HEIGHT="11" CONTENT='"' WC="0.78" CC="2"/>
						<SP ID="P86_SP00047" HPOS="563" VPOS="494" WIDTH="9"/>
						<String ID="P86_ST00055" HPOS="572" VPOS="461" WIDTH="24" HEIGHT="27" CONTENT="0" WC="1.00" CC="0"/>
						<SP ID="P86_SP00048" HPOS="596" VPOS="494" WIDTH="15"/>
						<String ID="P86_ST00056" HPOS="611" VPOS="461" WIDTH="59" HEIGHT="27" CONTENT="God" WC="0.67" CC="630"/>
						<SP ID="P86_SP00049" HPOS="670" VPOS="494" WIDTH="13"/>
						<String ID="P86_ST00057" HPOS="683" VPOS="463" WIDTH="4" HEIGHT="24" CONTENT="!" WC="1.00" CC="0"/>
						<SP ID="P86_SP00050" HPOS="687" VPOS="494" WIDTH="20"/>
						<String ID="P86_ST00058" HPOS="707" VPOS="461" WIDTH="49" HEIGHT="36" CONTENT="My" WC="0.57" CC="08"/>
						<SP ID="P86_SP00051" HPOS="756" VPOS="497" WIDTH="15"/>
						<String ID="P86_ST00059" HPOS="771" VPOS="460" WIDTH="60" HEIGHT="27" CONTENT="God" WC="0.83" CC="500"/>
						<SP ID="P86_SP00052" HPOS="831" VPOS="497" WIDTH="11"/>
						<String ID="P86_ST00060" HPOS="842" VPOS="463" WIDTH="4" HEIGHT="24" CONTENT="!" WC="1.00" CC="0"/>
						<SP ID="P86_SP00053" HPOS="846" VPOS="497" WIDTH="15"/>
						<String ID="P86_ST00061" HPOS="861" VPOS="460" WIDTH="73" HEIGHT="27" CONTENT="have" WC="0.47" CC="7066"/>
					</TextLine>
					<TextLine ID="P86_TL00009" HPOS="113" VPOS="519" WIDTH="555" HEIGHT="35">
						<String ID="P86_ST00062" HPOS="113" VPOS="530" WIDTH="91" HEIGHT="24" CONTENT="mercy" WC="0.56" CC="00578"/>
						<SP ID="P86_SP00054" HPOS="204" VPOS="554" WIDTH="14"/>
						<String ID="P86_ST00063" HPOS="218" VPOS="530" WIDTH="34" HEIGHT="17" CONTENT="on" WC="1.00" CC="00"/>
						<SP ID="P86_SP00055" HPOS="252" VPOS="554" WIDTH="13"/>
						<String ID="P86_ST00064" HPOS="265" VPOS="530" WIDTH="45" HEIGHT="17" CONTENT="me" WC="0.91" CC="10"/>
						<SP ID="P86_SP00056" HPOS="310" VPOS="554" WIDTH="11"/>
						<String ID="P86_ST00065" HPOS="321" VPOS="522" WIDTH="5" HEIGHT="25" CONTENT="!" WC="1.00" CC="0"/>
						<SP ID="P86_SP00057" HPOS="326" VPOS="554" WIDTH="38"/>
						<String ID="P86_ST00066" HPOS="364" VPOS="519" WIDTH="87" HEIGHT="27" CONTENT="What" WC="0.60" CC="0780"/>
						<SP ID="P86_SP00058" HPOS="451" VPOS="554" WIDTH="13"/>
						<String ID="P86_ST00067" HPOS="464" VPOS="529" WIDTH="45" HEIGHT="17" CONTENT="am" WC="1.00" CC="00"/>
						<SP ID="P86_SP00059" HPOS="509" VPOS="554" WIDTH="13"/>
						<String ID="P86_ST00068" HPOS="522" VPOS="519" WIDTH="15" HEIGHT="27" CONTENT="I" WC="1.00" CC="0"/>
						<SP ID="P86_SP00060" HPOS="537" VPOS="554" WIDTH="13"/>
						<String ID="P86_ST00069" HPOS="550" VPOS="523" WIDTH="29" HEIGHT="24" CONTENT="to" WC="0.80" CC="30"/>
						<SP ID="P86_SP00061" HPOS="579" VPOS="554" WIDTH="15"/>
						<String ID="P86_ST00070" HPOS="594" VPOS="519" WIDTH="34" HEIGHT="27" CONTENT="do" WC="0.79" CC="04"/>
						<SP ID="P86_SP00062" HPOS="628" VPOS="554" WIDTH="10"/>
						<String ID="P86_ST00071" HPOS="638" VPOS="519" WIDTH="30" HEIGHT="28" CONTENT='?"' WC="0.52" CC="72"/>
					</TextLine>
				</TextBlock>
				<TextBlock ID="P86_TB00004" HPOS="108" VPOS="577" WIDTH="823" HEIGHT="325" STYLEREFS="TXT_1 PAR_LEFT">
					<TextLine ID="P86_TL00010" HPOS="149" VPOS="578" WIDTH="782" HEIGHT="35">
						<String ID="P86_ST00072" HPOS="149" VPOS="579" WIDTH="45" HEIGHT="26" CONTENT="He" WC="0.64" CC="70"/>
						<SP ID="P86_SP00063" HPOS="194" VPOS="605" WIDTH="21"/>
						<String ID="P86_ST00073" HPOS="215" VPOS="579" WIDTH="54" HEIGHT="26" CONTENT="had" WC="0.86" CC="400"/>
						<SP ID="P86_SP00064" HPOS="269" VPOS="605" WIDTH="22"/>
						<String ID="P86_ST00074" HPOS="291" VPOS="578" WIDTH="100" HEIGHT="27" CONTENT="floated" WC="0.97" CC="0000000"/>
						<SP ID="P86_SP00065" HPOS="391" VPOS="605" WIDTH="20"/>
						<String ID="P86_ST00075" HPOS="411" VPOS="587" WIDTH="35" HEIGHT="17" CONTENT="on" WC="0.66" CC="15"/>
						<SP ID="P86_SP00066" HPOS="446" VPOS="605" WIDTH="15"/>
						<String ID="P86_ST00076" HPOS="461" VPOS="587" WIDTH="15" HEIGHT="17" CONTENT="a" WC="1.00" CC="0"/>
						<SP ID="P86_SP00067" HPOS="476" VPOS="605" WIDTH="13"/>
						<String ID="P86_ST00077" HPOS="489" VPOS="578" WIDTH="65" HEIGHT="26" CONTENT="blue" WC="0.45" CC="7481"/>
						<SP ID="P86_SP00068" HPOS="554" VPOS="605" WIDTH="21"/>
						<String ID="P86_ST00078" HPOS="575" VPOS="578" WIDTH="53" HEIGHT="26" CONTENT="and" WC="0.51" CC="860"/>
						<SP ID="P86_SP00069" HPOS="628" VPOS="605" WIDTH="20"/>
						<String ID="P86_ST00079" HPOS="648" VPOS="578" WIDTH="123" HEIGHT="35" CONTENT="buoyant" WC="0.86" CC="0500040"/>
						<SP ID="P86_SP00070" HPOS="771" VPOS="613" WIDTH="22"/>
						<String ID="P86_ST00080" HPOS="793" VPOS="587" WIDTH="52" HEIGHT="23" CONTENT="sea," WC="0.74" CC="6004"/>
						<SP ID="P86_SP00071" HPOS="845" VPOS="613" WIDTH="18"/>
						<String ID="P86_ST00081" HPOS="863" VPOS="578" WIDTH="68" HEIGHT="27" CONTENT="with" WC="0.73" CC="0037"/>
					</TextLine>
					<TextLine ID="P86_TL00011" HPOS="111" VPOS="635" WIDTH="820" HEIGHT="37">
						<String ID="P86_ST00082" HPOS="111" VPOS="636" WIDTH="42" HEIGHT="27" CONTENT="his" WC="0.54" CC="706"/>
						<SP ID="P86_SP00072" HPOS="153" VPOS="663" WIDTH="16"/>
						<String ID="P86_ST00083" HPOS="169" VPOS="646" WIDTH="61" HEIGHT="26" CONTENT="eyes" WC="0.94" CC="0002"/>
						<SP ID="P86_SP00073" HPOS="230" VPOS="672" WIDTH="13"/>
						<String ID="P86_ST00084" HPOS="243" VPOS="635" WIDTH="118" HEIGHT="28" CONTENT="towards" WC="0.74" CC="1009105"/>
						<SP ID="P86_SP00074" HPOS="361" VPOS="672" WIDTH="12"/>
						<String ID="P86_ST00085" HPOS="373" VPOS="635" WIDTH="49" HEIGHT="27" CONTENT="the" WC="0.59" CC="470"/>
						<SP ID="P86_SP00075" HPOS="422" VPOS="672" WIDTH="14"/>
						<String ID="P86_ST00086" HPOS="436" VPOS="644" WIDTH="50" HEIGHT="17" CONTENT="sun" WC="0.27" CC="777"/>
						<SP ID="P86_SP00076" HPOS="486" VPOS="672" WIDTH="11"/>
						<String ID="P86_ST00087" HPOS="497" VPOS="646" WIDTH="6" HEIGHT="22" CONTENT=";" WC="1.00" CC="0"/>
						<SP ID="P86_SP00077" HPOS="503" VPOS="672" WIDTH="20"/>
						<String ID="P86_ST00088" HPOS="523" VPOS="635" WIDTH="53" HEIGHT="26" CONTENT="but" WC="0.38" CC="773"/>
						<SP ID="P86_SP00078" HPOS="576" VPOS="672" WIDTH="18"/>
						<String ID="P86_ST00089" HPOS="594" VPOS="635" WIDTH="48" HEIGHT="27" CONTENT="the" WC="0.45" CC="671"/>
						<SP ID="P86_SP00079" HPOS="642" VPOS="672" WIDTH="20"/>
						<String ID="P86_ST00090" HPOS="662" VPOS="635" WIDTH="81" HEIGHT="35" CONTENT="night" WC="0.58" CC="76060"/>
						<SP ID="P86_SP00080" HPOS="743" VPOS="672" WIDTH="19"/>
						<String ID="P86_ST00091" HPOS="762" VPOS="635" WIDTH="56" HEIGHT="28" CONTENT="had" WC="0.75" CC="700"/>
						<SP ID="P86_SP00081" HPOS="818" VPOS="672" WIDTH="18"/>
						<String ID="P86_ST00092" HPOS="836" VPOS="646" WIDTH="77" HEIGHT="17" CONTENT="come" WC="0.85" CC="0050"/>
						<SP ID="P86_SP00082" HPOS="913" VPOS="672" WIDTH="12"/>
						<String ID="P86_ST00093" HPOS="925" VPOS="646" WIDTH="6" HEIGHT="25" CONTENT=";" WC="0.33" CC="6"/>
					</TextLine>
					<TextLine ID="P86_TL00012" HPOS="111" VPOS="691" WIDTH="819" HEIGHT="33">
						<String ID="P86_ST00094" HPOS="111" VPOS="694" WIDTH="47" HEIGHT="27" CONTENT="the" WC="0.55" CC="670"/>
						<SP ID="P86_SP00083" HPOS="158" VPOS="721" WIDTH="13"/>
						<String ID="P86_ST00095" HPOS="171" VPOS="696" WIDTH="97" HEIGHT="25" CONTENT="waters" WC="0.78" CC="006041"/>
						<SP ID="P86_SP00084" HPOS="268" VPOS="721" WIDTH="15"/>
						<String ID="P86_ST00096" HPOS="283" VPOS="693" WIDTH="88" HEIGHT="27" CONTENT="ebbed" WC="0.51" CC="07709"/>
						<SP ID="P86_SP00085" HPOS="371" VPOS="721" WIDTH="22"/>
						<String ID="P86_ST00097" HPOS="393" VPOS="693" WIDTH="69" HEIGHT="26" CONTENT="from" WC="0.90" CC="0300"/>
						<SP ID="P86_SP00086" HPOS="462" VPOS="721" WIDTH="20"/>
						<String ID="P86_ST00098" HPOS="482" VPOS="691" WIDTH="67" HEIGHT="33" CONTENT="him," WC="0.69" CC="7003"/>
						<SP ID="P86_SP00087" HPOS="549" VPOS="724" WIDTH="14"/>
						<String ID="P86_ST00099" HPOS="563" VPOS="692" WIDTH="55" HEIGHT="26" CONTENT="and" WC="0.53" CC="760"/>
						<SP ID="P86_SP00088" HPOS="618" VPOS="724" WIDTH="17"/>
						<String ID="P86_ST00100" HPOS="635" VPOS="692" WIDTH="51" HEIGHT="26" CONTENT="left" WC="0.84" CC="0006"/>
						<SP ID="P86_SP00089" HPOS="686" VPOS="724" WIDTH="17"/>
						<String ID="P86_ST00101" HPOS="703" VPOS="692" WIDTH="59" HEIGHT="27" CONTENT="him" WC="0.55" CC="705"/>
						<SP ID="P86_SP00090" HPOS="762" VPOS="724" WIDTH="18"/>
						<String ID="P86_ST00102" HPOS="780" VPOS="694" WIDTH="93" HEIGHT="26" CONTENT="naked" WC="0.72" CC="50008"/>
						<SP ID="P86_SP00091" HPOS="873" VPOS="724" WIDTH="21"/>
						<String ID="P86_ST00103" HPOS="894" VPOS="704" WIDTH="36" HEIGHT="17" CONTENT="on" WC="0.38" CC="29"/>
					</TextLine>
					<TextLine ID="P86_TL00013" HPOS="110" VPOS="750" WIDTH="821" HEIGHT="34">
						<String ID="P86_ST00104" HPOS="110" VPOS="752" WIDTH="48" HEIGHT="27" CONTENT="the" WC="0.75" CC="070"/>
						<SP ID="P86_SP00092" HPOS="158" VPOS="779" WIDTH="14"/>
						<String ID="P86_ST00105" HPOS="172" VPOS="752" WIDTH="73" HEIGHT="27" CONTENT="sand." WC="0.71" CC="70700"/>
						<SP ID="P86_SP00093" HPOS="245" VPOS="779" WIDTH="27"/>
						<String ID="P86_ST00106" HPOS="272" VPOS="751" WIDTH="46" HEIGHT="27" CONTENT="He" WC="0.65" CC="70"/>
						<SP ID="P86_SP00094" HPOS="318" VPOS="779" WIDTH="10"/>
						<String ID="P86_ST00107" HPOS="328" VPOS="751" WIDTH="55" HEIGHT="27" CONTENT="had" WC="0.75" CC="700"/>
						<SP ID="P86_SP00095" HPOS="383" VPOS="779" WIDTH="8"/>
						<String ID="P86_ST00108" HPOS="391" VPOS="751" WIDTH="104" HEIGHT="27" CONTENT="wasted" WC="0.65" CC="920710"/>
						<SP ID="P86_SP00096" HPOS="495" VPOS="779" WIDTH="10"/>
						<String ID="P86_ST00109" HPOS="505" VPOS="751" WIDTH="43" HEIGHT="26" CONTENT="his" WC="0.31" CC="766"/>
						<SP ID="P86_SP00097" HPOS="548" VPOS="779" WIDTH="13"/>
						<String ID="P86_ST00110" HPOS="561" VPOS="750" WIDTH="46" HEIGHT="27" CONTENT="life" WC="0.72" CC="0190"/>
						<SP ID="P86_SP00098" HPOS="607" VPOS="779" WIDTH="14"/>
						<String ID="P86_ST00111" HPOS="621" VPOS="762" WIDTH="5" HEIGHT="22" CONTENT=";" WC="0.51" CC="4"/>
						<SP ID="P86_SP00099" HPOS="626" VPOS="784" WIDTH="14"/>
						<String ID="P86_ST00112" HPOS="640" VPOS="751" WIDTH="35" HEIGHT="27" CONTENT="he" WC="0.63" CC="70"/>
						<SP ID="P86_SP00100" HPOS="675" VPOS="784" WIDTH="8"/>
						<String ID="P86_ST00113" HPOS="683" VPOS="751" WIDTH="55" HEIGHT="27" CONTENT="had" WC="0.39" CC="746"/>
						<SP ID="P86_SP00101" HPOS="738" VPOS="784" WIDTH="11"/>
						<String ID="P86_ST00114" HPOS="749" VPOS="751" WIDTH="127" HEIGHT="28" CONTENT="forfeited" WC="0.66" CC="907107400"/>
						<SP ID="P86_SP00102" HPOS="876" VPOS="784" WIDTH="11"/>
						<String ID="P86_ST00115" HPOS="887" VPOS="752" WIDTH="44" HEIGHT="27" CONTENT="his" WC="0.48" CC="752"/>
					</TextLine>
					<TextLine ID="P86_TL00014" HPOS="108" VPOS="808" WIDTH="822" HEIGHT="37">
						<String ID="P86_ST00116" HPOS="108" VPOS="810" WIDTH="166" HEIGHT="35" CONTENT="birthright;" WC="0.53" CC="71337640744"/>
						<SP ID="P86_SP00103" HPOS="274" VPOS="845" WIDTH="20"/>
						<String ID="P86_ST00117" HPOS="294" VPOS="809" WIDTH="35" HEIGHT="26" CONTENT="he" WC="0.62" CC="70"/>
						<SP ID="P86_SP00104" HPOS="329" VPOS="845" WIDTH="9"/>
						<String ID="P86_ST00118" HPOS="338" VPOS="809" WIDTH="55" HEIGHT="26" CONTENT="had" WC="0.76" CC="700"/>
						<SP ID="P86_SP00105" HPOS="393" VPOS="845" WIDTH="14"/>
						<String ID="P86_ST00119" HPOS="407" VPOS="809" WIDTH="52" HEIGHT="26" CONTENT="lost" WC="0.69" CC="0164"/>
						<SP ID="P86_SP00106" HPOS="459" VPOS="845" WIDTH="9"/>
						<String ID="P86_ST00120" HPOS="468" VPOS="808" WIDTH="43" HEIGHT="26" CONTENT="his" WC="0.42" CC="753"/>
						<SP ID="P86_SP00107" HPOS="511" VPOS="845" WIDTH="11"/>
						<String ID="P86_ST00121" HPOS="522" VPOS="808" WIDTH="67" HEIGHT="27" CONTENT="love." WC="0.98" CC="00000"/>
						<SP ID="P86_SP00108" HPOS="589" VPOS="845" WIDTH="40"/>
						<String ID="P86_ST00122" HPOS="629" VPOS="809" WIDTH="48" HEIGHT="27" CONTENT='"0' WC="0.55" CC="25"/>
						<SP ID="P86_SP00109" HPOS="677" VPOS="845" WIDTH="15"/>
						<String ID="P86_ST00123" HPOS="692" VPOS="809" WIDTH="90" HEIGHT="28" CONTENT='God!"' WC="0.86" CC="70000"/>
						<SP ID="P86_SP00110" HPOS="782" VPOS="845" WIDTH="15"/>
						<String ID="P86_ST00124" HPOS="797" VPOS="810" WIDTH="35" HEIGHT="27" CONTENT="he" WC="0.63" CC="70"/>
						<SP ID="P86_SP00111" HPOS="832" VPOS="845" WIDTH="15"/>
						<String ID="P86_ST00125" HPOS="847" VPOS="811" WIDTH="83" HEIGHT="29" CONTENT="cried." WC="0.61" CC="063084"/>
					</TextLine>
					<TextLine ID="P86_TL00015" HPOS="109" VPOS="867" WIDTH="819" HEIGHT="35">
						<String ID="P86_ST00126" HPOS="109" VPOS="872" WIDTH="14" HEIGHT="10" CONTENT='"' WC="0.70" CC="2"/>
						<SP ID="P86_SP00112" HPOS="123" VPOS="882" WIDTH="10"/>
						<String ID="P86_ST00127" HPOS="133" VPOS="868" WIDTH="49" HEIGHT="34" CONTENT="My" WC="0.54" CC="09"/>
						<SP ID="P86_SP00113" HPOS="182" VPOS="902" WIDTH="11"/>
						<String ID="P86_ST00128" HPOS="193" VPOS="867" WIDTH="59" HEIGHT="28" CONTENT="God" WC="0.80" CC="600"/>
						<SP ID="P86_SP00114" HPOS="252" VPOS="902" WIDTH="14"/>
						<String ID="P86_ST00129" HPOS="266" VPOS="870" WIDTH="5" HEIGHT="24" CONTENT="!" WC="0.84" CC="1"/>
						<SP ID="P86_SP00115" HPOS="271" VPOS="902" WIDTH="20"/>
						<String ID="P86_ST00130" HPOS="291" VPOS="868" WIDTH="70" HEIGHT="26" CONTENT="have" WC="0.81" CC="7000"/>
						<SP ID="P86_SP00116" HPOS="361" VPOS="902" WIDTH="14"/>
						<String ID="P86_ST00131" HPOS="375" VPOS="876" WIDTH="92" HEIGHT="26" CONTENT="mercy" WC="0.87" CC="00600"/>
						<SP ID="P86_SP00117" HPOS="467" VPOS="902" WIDTH="14"/>
						<String ID="P86_ST00132" HPOS="481" VPOS="876" WIDTH="36" HEIGHT="17" CONTENT="on" WC="0.77" CC="04"/>
						<SP ID="P86_SP00118" HPOS="517" VPOS="902" WIDTH="13"/>
						<String ID="P86_ST00133" HPOS="530" VPOS="876" WIDTH="53" HEIGHT="18" CONTENT="me." WC="0.95" CC="001"/>
						<SP ID="P86_SP00119" HPOS="583" VPOS="902" WIDTH="39"/>
						<String ID="P86_ST00134" HPOS="622" VPOS="867" WIDTH="87" HEIGHT="28" CONTENT="What" WC="0.78" CC="0701"/>
						<SP ID="P86_SP00120" HPOS="709" VPOS="902" WIDTH="13"/>
						<String ID="P86_ST00135" HPOS="722" VPOS="878" WIDTH="46" HEIGHT="17" CONTENT="am" WC="1.00" CC="00"/>
						<SP ID="P86_SP00121" HPOS="768" VPOS="902" WIDTH="14"/>
						<String ID="P86_ST00136" HPOS="782" VPOS="869" WIDTH="15" HEIGHT="26" CONTENT="I" WC="1.00" CC="0"/>
						<SP ID="P86_SP00122" HPOS="797" VPOS="902" WIDTH="13"/>
						<String ID="P86_ST00137" HPOS="810" VPOS="872" WIDTH="30" HEIGHT="24" CONTENT="to" WC="1.00" CC="00"/>
						<SP ID="P86_SP00123" HPOS="840" VPOS="902" WIDTH="14"/>
						<String ID="P86_ST00138" HPOS="854" VPOS="870" WIDTH="35" HEIGHT="26" CONTENT="do" WC="0.53" CC="90"/>
						<SP ID="P86_SP00124" HPOS="889" VPOS="902" WIDTH="12"/>
						<String ID="P86_ST00139" HPOS="901" VPOS="870" WIDTH="27" HEIGHT="27" CONTENT='?"' WC="0.75" CC="50"/>
					</TextLine>
				</TextBlock>
				<TextBlock ID="P86_TB00005" HPOS="143" VPOS="916" WIDTH="786" HEIGHT="36" STYLEREFS="TXT_1 PAR_CENTER">
					<TextLine ID="P86_TL00016" HPOS="144" VPOS="924" WIDTH="785" HEIGHT="28">
						<String ID="P86_ST00140" HPOS="144" VPOS="926" WIDTH="79" HEIGHT="26" CONTENT="Then" WC="0.68" CC="0606"/>
						<SP ID="P86_SP00125" HPOS="223" VPOS="952" WIDTH="19"/>
						<String ID="P86_ST00141" HPOS="242" VPOS="925" WIDTH="78" HEIGHT="26" CONTENT="there" WC="0.73" CC="17050"/>
						<SP ID="P86_SP00126" HPOS="320" VPOS="952" WIDTH="20"/>
						<String ID="P86_ST00142" HPOS="340" VPOS="933" WIDTH="59" HEIGHT="18" CONTENT="rose" WC="0.64" CC="3550"/>
						<SP ID="P86_SP00127" HPOS="399" VPOS="952" WIDTH="20"/>
						<String ID="P86_ST00143" HPOS="419" VPOS="924" WIDTH="70" HEIGHT="26" CONTENT="from" WC="0.88" CC="0400"/>
						<SP ID="P86_SP00128" HPOS="489" VPOS="952" WIDTH="18"/>
						<String ID="P86_ST00144" HPOS="507" VPOS="924" WIDTH="121" HEIGHT="27" CONTENT="beneath" WC="0.61" CC="7070056"/>
						<SP ID="P86_SP00129" HPOS="628" VPOS="952" WIDTH="20"/>
						<String ID="P86_ST00145" HPOS="648" VPOS="924" WIDTH="59" HEIGHT="27" CONTENT="him" WC="0.39" CC="764"/>
						<SP ID="P86_SP00130" HPOS="707" VPOS="952" WIDTH="20"/>
						<String ID="P86_ST00146" HPOS="727" VPOS="926" WIDTH="49" HEIGHT="26" CONTENT="the" WC="0.75" CC="070"/>
						<SP ID="P86_SP00131" HPOS="776" VPOS="952" WIDTH="13"/>
						<String ID="P86_ST00147" HPOS="789" VPOS="927" WIDTH="90" HEIGHT="25" CONTENT="voices" WC="0.70" CC="704005"/>
						<SP ID="P86_SP00132" HPOS="879" VPOS="952" WIDTH="20"/>
						<String ID="P86_ST00148" HPOS="899" VPOS="928" WIDTH="30" HEIGHT="24" CONTENT="of" WC="0.89" CC="02"/>
					</TextLine>
				</TextBlock>
				<TextBlock ID="P86_TB00006" HPOS="101" VPOS="981" WIDTH="823" HEIGHT="561" STYLEREFS="TXT_1 PAR_LEFT">
					<TextLine ID="P86_TL00017" HPOS="107" VPOS="982" WIDTH="817" HEIGHT="37">
						<String ID="P86_ST00149" HPOS="107" VPOS="988" WIDTH="83" HEIGHT="23" CONTENT="sweet" WC="0.73" CC="00067"/>
						<SP ID="P86_SP00133" HPOS="190" VPOS="1011" WIDTH="12"/>
						<String ID="P86_ST00150" HPOS="202" VPOS="984" WIDTH="188" HEIGHT="26" CONTENT="instruments." WC="0.60" CC="166561007470"/>
						<SP ID="P86_SP00134" HPOS="390" VPOS="1011" WIDTH="39"/>
						<String ID="P86_ST00151" HPOS="429" VPOS="982" WIDTH="28" HEIGHT="27" CONTENT="It" WC="0.66" CC="06"/>
						<SP ID="P86_SP00135" HPOS="457" VPOS="1011" WIDTH="14"/>
						<String ID="P86_ST00152" HPOS="471" VPOS="992" WIDTH="54" HEIGHT="17" CONTENT="was" WC="0.48" CC="905"/>
						<SP ID="P86_SP00136" HPOS="525" VPOS="1011" WIDTH="14"/>
						<String ID="P86_ST00153" HPOS="539" VPOS="982" WIDTH="48" HEIGHT="27" CONTENT="the" WC="0.59" CC="470"/>
						<SP ID="P86_SP00137" HPOS="587" VPOS="1011" WIDTH="24"/>
						<String ID="P86_ST00154" HPOS="611" VPOS="983" WIDTH="136" HEIGHT="35" CONTENT="Requiem" WC="0.77" CC="7007100"/>
						<SP ID="P86_SP00138" HPOS="747" VPOS="1018" WIDTH="18"/>
						<String ID="P86_ST00155" HPOS="765" VPOS="984" WIDTH="31" HEIGHT="26" CONTENT="of" WC="0.80" CC="30"/>
						<SP ID="P86_SP00139" HPOS="796" VPOS="1018" WIDTH="14"/>
						<String ID="P86_ST00156" HPOS="810" VPOS="984" WIDTH="114" HEIGHT="35" CONTENT="Mozart," WC="0.62" CC="0059334"/>
					</TextLine>
					<TextLine ID="P86_TL00018" HPOS="106" VPOS="1040" WIDTH="817" HEIGHT="39">
						<String ID="P86_ST00157" HPOS="106" VPOS="1043" WIDTH="88" HEIGHT="27" CONTENT="which" WC="0.45" CC="87307"/>
						<SP ID="P86_SP00140" HPOS="194" VPOS="1070" WIDTH="19"/>
						<String ID="P86_ST00158" HPOS="213" VPOS="1042" WIDTH="49" HEIGHT="27" CONTENT="the" WC="0.73" CC="070"/>
						<SP ID="P86_SP00141" HPOS="262" VPOS="1070" WIDTH="19"/>
						<String ID="P86_ST00159" HPOS="281" VPOS="1041" WIDTH="120" HEIGHT="27" CONTENT="Kursaal" WC="0.50" CC="6744091"/>
						<SP ID="P86_SP00142" HPOS="401" VPOS="1070" WIDTH="17"/>
						<String ID="P86_ST00160" HPOS="418" VPOS="1040" WIDTH="81" HEIGHT="32" CONTENT="band," WC="0.72" CC="70500"/>
						<SP ID="P86_SP00143" HPOS="499" VPOS="1072" WIDTH="21"/>
						<String ID="P86_ST00161" HPOS="520" VPOS="1040" WIDTH="144" HEIGHT="27" CONTENT="concealed" WC="0.89" CC="036000000"/>
						<SP ID="P86_SP00144" HPOS="664" VPOS="1072" WIDTH="23"/>
						<String ID="P86_ST00162" HPOS="687" VPOS="1041" WIDTH="70" HEIGHT="27" CONTENT="from" WC="1.00" CC="0000"/>
						<SP ID="P86_SP00145" HPOS="757" VPOS="1072" WIDTH="19"/>
						<String ID="P86_ST00163" HPOS="776" VPOS="1042" WIDTH="44" HEIGHT="27" CONTENT="his" WC="0.42" CC="745"/>
						<SP ID="P86_SP00146" HPOS="820" VPOS="1072" WIDTH="21"/>
						<String ID="P86_ST00164" HPOS="841" VPOS="1043" WIDTH="82" HEIGHT="36" CONTENT="sight," WC="0.47" CC="660774"/>
					</TextLine>
					<TextLine ID="P86_TL00019" HPOS="105" VPOS="1099" WIDTH="819" HEIGHT="38">
						<String ID="P86_ST00165" HPOS="105" VPOS="1103" WIDTH="88" HEIGHT="34" CONTENT="began" WC="0.71" CC="70007"/>
						<SP ID="P86_SP00147" HPOS="193" VPOS="1137" WIDTH="21"/>
						<String ID="P86_ST00166" HPOS="214" VPOS="1104" WIDTH="29" HEIGHT="23" CONTENT="to" WC="0.58" CC="52"/>
						<SP ID="P86_SP00148" HPOS="243" VPOS="1137" WIDTH="20"/>
						<String ID="P86_ST00167" HPOS="263" VPOS="1101" WIDTH="70" HEIGHT="35" CONTENT="play." WC="0.80" CC="00900"/>
						<SP ID="P86_SP00149" HPOS="333" VPOS="1137" WIDTH="40"/>
						<String ID="P86_ST00168" HPOS="373" VPOS="1100" WIDTH="65" HEIGHT="26" CONTENT="This" WC="0.65" CC="0742"/>
						<SP ID="P86_SP00150" HPOS="438" VPOS="1137" WIDTH="20"/>
						<String ID="P86_ST00169" HPOS="458" VPOS="1099" WIDTH="95" HEIGHT="33" CONTENT="music," WC="0.78" CC="071003"/>
						<SP ID="P86_SP00151" HPOS="553" VPOS="1137" WIDTH="26"/>
						<String ID="P86_ST00170" HPOS="579" VPOS="1099" WIDTH="89" HEIGHT="27" CONTENT="which" WC="0.43" CC="97307"/>
						<SP ID="P86_SP00152" HPOS="668" VPOS="1137" WIDTH="26"/>
						<String ID="P86_ST00171" HPOS="694" VPOS="1110" WIDTH="76" HEIGHT="18" CONTENT="arose" WC="0.79" CC="03070"/>
						<SP ID="P86_SP00153" HPOS="770" VPOS="1137" WIDTH="27"/>
						<String ID="P86_ST00172" HPOS="797" VPOS="1102" WIDTH="70" HEIGHT="27" CONTENT="from" WC="0.83" CC="0600"/>
						<SP ID="P86_SP00154" HPOS="867" VPOS="1137" WIDTH="20"/>
						<String ID="P86_ST00173" HPOS="887" VPOS="1113" WIDTH="37" HEIGHT="18" CONTENT="an" WC="0.50" CC="09"/>
					</TextLine>
					<TextLine ID="P86_TL00020" HPOS="104" VPOS="1158" WIDTH="819" HEIGHT="35">
						<String ID="P86_ST00174" HPOS="104" VPOS="1170" WIDTH="104" HEIGHT="17" CONTENT="unseen" WC="0.60" CC="762007"/>
						<SP ID="P86_SP00155" HPOS="208" VPOS="1187" WIDTH="20"/>
						<String ID="P86_ST00175" HPOS="228" VPOS="1168" WIDTH="100" HEIGHT="22" CONTENT="source," WC="0.72" CC="7064000"/>
						<SP ID="P86_SP00156" HPOS="328" VPOS="1190" WIDTH="22"/>
						<String ID="P86_ST00176" HPOS="350" VPOS="1158" WIDTH="134" HEIGHT="35" CONTENT="appeared" WC="0.96" CC="00000300"/>
						<SP ID="P86_SP00157" HPOS="484" VPOS="1193" WIDTH="22"/>
						<String ID="P86_ST00177" HPOS="506" VPOS="1161" WIDTH="28" HEIGHT="24" CONTENT="to" WC="0.77" CC="40"/>
						<SP ID="P86_SP00158" HPOS="534" VPOS="1193" WIDTH="22"/>
						<String ID="P86_ST00178" HPOS="556" VPOS="1158" WIDTH="57" HEIGHT="26" CONTENT="him" WC="0.58" CC="660"/>
						<SP ID="P86_SP00159" HPOS="613" VPOS="1193" WIDTH="22"/>
						<String ID="P86_ST00179" HPOS="635" VPOS="1167" WIDTH="36" HEIGHT="18" CONTENT="an" WC="0.14" CC="79"/>
						<SP ID="P86_SP00160" HPOS="671" VPOS="1193" WIDTH="21"/>
						<String ID="P86_ST00180" HPOS="692" VPOS="1169" WIDTH="105" HEIGHT="18" CONTENT="answer" WC="0.71" CC="067003"/>
						<SP ID="P86_SP00161" HPOS="797" VPOS="1193" WIDTH="25"/>
						<String ID="P86_ST00181" HPOS="822" VPOS="1164" WIDTH="30" HEIGHT="23" CONTENT="to" WC="1.00" CC="00"/>
						<SP ID="P86_SP00162" HPOS="852" VPOS="1193" WIDTH="25"/>
						<String ID="P86_ST00182" HPOS="877" VPOS="1161" WIDTH="46" HEIGHT="28" CONTENT="his" WC="0.54" CC="706"/>
					</TextLine>
					<TextLine ID="P86_TL00021" HPOS="104" VPOS="1216" WIDTH="817" HEIGHT="38">
						<String ID="P86_ST00183" HPOS="104" VPOS="1227" WIDTH="98" HEIGHT="27" CONTENT="prayer" WC="0.84" CC="030005"/>
						<String ID="P86_ST00184" HPOS="212" VPOS="1228" WIDTH="6" HEIGHT="23" CONTENT=";" WC="0.44" CC="5"/>
						<SP ID="P86_SP00163" HPOS="218" VPOS="1254" WIDTH="20"/>
						<String ID="P86_ST00185" HPOS="238" VPOS="1217" WIDTH="22" HEIGHT="26" CONTENT="it" WC="0.77" CC="04"/>
						<SP ID="P86_SP00164" HPOS="260" VPOS="1254" WIDTH="14"/>
						<String ID="P86_ST00186" HPOS="274" VPOS="1216" WIDTH="132" HEIGHT="36" CONTENT="assuaged" WC="0.74" CC="02245500"/>
						<SP ID="P86_SP00165" HPOS="406" VPOS="1254" WIDTH="19"/>
						<String ID="P86_ST00187" HPOS="425" VPOS="1216" WIDTH="43" HEIGHT="26" CONTENT="his" WC="0.41" CC="754"/>
						<SP ID="P86_SP00166" HPOS="468" VPOS="1254" WIDTH="17"/>
						<String ID="P86_ST00188" HPOS="485" VPOS="1216" WIDTH="86" HEIGHT="27" CONTENT="bitter" WC="0.59" CC="745122"/>
						<SP ID="P86_SP00167" HPOS="571" VPOS="1254" WIDTH="12"/>
						<String ID="P86_ST00189" HPOS="583" VPOS="1216" WIDTH="73" HEIGHT="36" CONTENT="grief" WC="0.86" CC="00600"/>
						<String ID="P86_ST00190" HPOS="664" VPOS="1228" WIDTH="6" HEIGHT="23" CONTENT=";" WC="0.69" CC="3"/>
						<SP ID="P86_SP00168" HPOS="670" VPOS="1254" WIDTH="18"/>
						<String ID="P86_ST00191" HPOS="688" VPOS="1217" WIDTH="23" HEIGHT="27" CONTENT="it" WC="0.55" CC="26"/>
						<SP ID="P86_SP00169" HPOS="711" VPOS="1254" WIDTH="14"/>
						<String ID="P86_ST00192" HPOS="725" VPOS="1219" WIDTH="115" HEIGHT="27" CONTENT="soothed" WC="0.83" CC="3000600"/>
						<SP ID="P86_SP00170" HPOS="840" VPOS="1254" WIDTH="19"/>
						<String ID="P86_ST00193" HPOS="859" VPOS="1220" WIDTH="62" HEIGHT="28" CONTENT="him" WC="0.49" CC="707"/>
					</TextLine>
					<TextLine ID="P86_TL00022" HPOS="103" VPOS="1274" WIDTH="817" HEIGHT="31">
						<String ID="P86_ST00194" HPOS="103" VPOS="1276" WIDTH="56" HEIGHT="26" CONTENT="like" WC="0.80" CC="3400"/>
						<SP ID="P86_SP00171" HPOS="159" VPOS="1302" WIDTH="24"/>
						<String ID="P86_ST00195" HPOS="183" VPOS="1285" WIDTH="16" HEIGHT="17" CONTENT="a" WC="1.00" CC="0"/>
						<SP ID="P86_SP00172" HPOS="199" VPOS="1302" WIDTH="21"/>
						<String ID="P86_ST00196" HPOS="220" VPOS="1274" WIDTH="98" HEIGHT="28" CONTENT="tender" WC="0.74" CC="107006"/>
						<SP ID="P86_SP00173" HPOS="318" VPOS="1302" WIDTH="19"/>
						<String ID="P86_ST00197" HPOS="337" VPOS="1274" WIDTH="128" HEIGHT="27" CONTENT="woman's" WC="0.59" CC="9008602"/>
						<SP ID="P86_SP00174" HPOS="465" VPOS="1302" WIDTH="24"/>
						<String ID="P86_ST00198" HPOS="489" VPOS="1274" WIDTH="94" HEIGHT="27" CONTENT="words." WC="0.85" CC="004040"/>
						<SP ID="P86_SP00175" HPOS="583" VPOS="1302" WIDTH="49"/>
						<String ID="P86_ST00199" HPOS="632" VPOS="1274" WIDTH="45" HEIGHT="27" CONTENT="He" WC="0.63" CC="70"/>
						<SP ID="P86_SP00176" HPOS="677" VPOS="1302" WIDTH="28"/>
						<String ID="P86_ST00200" HPOS="705" VPOS="1278" WIDTH="42" HEIGHT="25" CONTENT="sat" WC="0.86" CC="400"/>
						<SP ID="P86_SP00177" HPOS="747" VPOS="1303" WIDTH="25"/>
						<String ID="P86_ST00201" HPOS="772" VPOS="1286" WIDTH="30" HEIGHT="17" CONTENT="as" WC="0.82" CC="03"/>
						<SP ID="P86_SP00178" HPOS="802" VPOS="1303" WIDTH="23"/>
						<String ID="P86_ST00202" HPOS="825" VPOS="1276" WIDTH="24" HEIGHT="27" CONTENT="if" WC="0.26" CC="59"/>
						<SP ID="P86_SP00179" HPOS="849" VPOS="1303" WIDTH="24"/>
						<String ID="P86_ST00203" HPOS="873" VPOS="1287" WIDTH="47" HEIGHT="18" CONTENT="en" SUBS_TYPE="HypPart1" SUBS_CONTENT="entranced;" WC="0.62" CC="073"/>
						<HYP CONTENT="-"/>
					</TextLine>
					<TextLine ID="P86_TL00023" HPOS="103" VPOS="1331" WIDTH="817" HEIGHT="43">
						<String ID="P86_ST00204" HPOS="103" VPOS="1333" WIDTH="128" HEIGHT="33" CONTENT="tranced;" SUBS_TYPE="HypPart2" SUBS_CONTENT="entranced;" WC="0.79" CC="26070000"/>
						<SP ID="P86_SP00180" HPOS="231" VPOS="1366" WIDTH="19"/>
						<String ID="P86_ST00205" HPOS="250" VPOS="1332" WIDTH="43" HEIGHT="26" CONTENT="his" WC="0.43" CC="762"/>
						<SP ID="P86_SP00181" HPOS="293" VPOS="1366" WIDTH="22"/>
						<String ID="P86_ST00206" HPOS="315" VPOS="1332" WIDTH="80" HEIGHT="26" CONTENT="heart" WC="0.55" CC="74055"/>
						<SP ID="P86_SP00182" HPOS="395" VPOS="1366" WIDTH="23"/>
						<String ID="P86_ST00207" HPOS="418" VPOS="1331" WIDTH="127" HEIGHT="36" CONTENT="swelling," WC="0.59" CC="690035603"/>
						<SP ID="P86_SP00183" HPOS="545" VPOS="1367" WIDTH="27"/>
						<String ID="P86_ST00208" HPOS="572" VPOS="1331" WIDTH="54" HEIGHT="27" CONTENT="and" WC="0.72" CC="070"/>
						<SP ID="P86_SP00184" HPOS="626" VPOS="1367" WIDTH="22"/>
						<String ID="P86_ST00209" HPOS="648" VPOS="1333" WIDTH="49" HEIGHT="27" CONTENT="the" WC="0.64" CC="360"/>
						<SP ID="P86_SP00185" HPOS="697" VPOS="1367" WIDTH="24"/>
						<String ID="P86_ST00210" HPOS="721" VPOS="1336" WIDTH="75" HEIGHT="26" CONTENT="tears" WC="0.74" CC="50042"/>
						<SP ID="P86_SP00186" HPOS="796" VPOS="1367" WIDTH="25"/>
						<String ID="P86_ST00211" HPOS="821" VPOS="1336" WIDTH="99" HEIGHT="38" CONTENT="falling" WC="0.60" CC="5005609"/>
					</TextLine>
					<TextLine ID="P86_TL00024" HPOS="103" VPOS="1390" WIDTH="818" HEIGHT="41">
						<String ID="P86_ST00212" HPOS="103" VPOS="1392" WIDTH="68" HEIGHT="27" CONTENT="from" WC="0.70" CC="0506"/>
						<SP ID="P86_SP00187" HPOS="171" VPOS="1419" WIDTH="13"/>
						<String ID="P86_ST00213" HPOS="184" VPOS="1391" WIDTH="42" HEIGHT="27" CONTENT="his" WC="0.65" CC="711"/>
						<SP ID="P86_SP00188" HPOS="226" VPOS="1419" WIDTH="15"/>
						<String ID="P86_ST00214" HPOS="241" VPOS="1400" WIDTH="68" HEIGHT="26" CONTENT="eyes." WC="0.91" CC="00040"/>
						<SP ID="P86_SP00189" HPOS="309" VPOS="1426" WIDTH="33"/>
						<String ID="P86_ST00215" HPOS="342" VPOS="1390" WIDTH="65" HEIGHT="26" CONTENT="And" WC="0.45" CC="970"/>
						<SP ID="P86_SP00190" HPOS="407" VPOS="1426" WIDTH="12"/>
						<String ID="P86_ST00216" HPOS="419" VPOS="1390" WIDTH="76" HEIGHT="32" CONTENT="then," WC="0.61" CC="27054"/>
						<SP ID="P86_SP00191" HPOS="495" VPOS="1426" WIDTH="14"/>
						<String ID="P86_ST00217" HPOS="509" VPOS="1399" WIDTH="29" HEIGHT="17" CONTENT="as" WC="0.77" CC="04"/>
						<SP ID="P86_SP00192" HPOS="538" VPOS="1426" WIDTH="12"/>
						<String ID="P86_ST00218" HPOS="550" VPOS="1390" WIDTH="36" HEIGHT="27" CONTENT="he" WC="0.63" CC="70"/>
						<SP ID="P86_SP00193" HPOS="586" VPOS="1426" WIDTH="14"/>
						<String ID="P86_ST00219" HPOS="600" VPOS="1390" WIDTH="126" HEIGHT="35" CONTENT="listened," WC="0.54" CC="655507064"/>
						<SP ID="P86_SP00194" HPOS="726" VPOS="1426" WIDTH="14"/>
						<String ID="P86_ST00220" HPOS="740" VPOS="1392" WIDTH="75" HEIGHT="28" CONTENT="ideas" WC="0.63" CC="11096"/>
						<SP ID="P86_SP00195" HPOS="815" VPOS="1426" WIDTH="14"/>
						<String ID="P86_ST00221" HPOS="829" VPOS="1395" WIDTH="92" HEIGHT="36" CONTENT="began" WC="0.70" CC="70007"/>
					</TextLine>
					<TextLine ID="P86_TL00025" HPOS="103" VPOS="1449" WIDTH="817" HEIGHT="40">
						<String ID="P86_ST00222" HPOS="103" VPOS="1455" WIDTH="28" HEIGHT="24" CONTENT="to" WC="0.65" CC="42"/>
						<SP ID="P86_SP00196" HPOS="131" VPOS="1479" WIDTH="13"/>
						<String ID="P86_ST00223" HPOS="144" VPOS="1451" WIDTH="53" HEIGHT="27" CONTENT="rise" WC="0.70" CC="1540"/>
						<SP ID="P86_SP00197" HPOS="197" VPOS="1479" WIDTH="13"/>
						<String ID="P86_ST00224" HPOS="210" VPOS="1451" WIDTH="70" HEIGHT="26" CONTENT="from" WC="0.85" CC="0500"/>
						<SP ID="P86_SP00198" HPOS="280" VPOS="1479" WIDTH="21"/>
						<String ID="P86_ST00225" HPOS="301" VPOS="1449" WIDTH="48" HEIGHT="27" CONTENT="the" WC="0.75" CC="070"/>
						<SP ID="P86_SP00199" HPOS="349" VPOS="1479" WIDTH="17"/>
						<String ID="P86_ST00226" HPOS="366" VPOS="1458" WIDTH="117" HEIGHT="17" CONTENT="recesses" WC="0.85" CC="00005500"/>
						<SP ID="P86_SP00200" HPOS="483" VPOS="1479" WIDTH="13"/>
						<String ID="P86_ST00227" HPOS="496" VPOS="1449" WIDTH="30" HEIGHT="26" CONTENT="of" WC="0.52" CC="09"/>
						<SP ID="P86_SP00201" HPOS="526" VPOS="1479" WIDTH="18"/>
						<String ID="P86_ST00228" HPOS="544" VPOS="1449" WIDTH="42" HEIGHT="27" CONTENT="his" WC="0.39" CC="566"/>
						<SP ID="P86_SP00202" HPOS="586" VPOS="1479" WIDTH="13"/>
						<String ID="P86_ST00229" HPOS="599" VPOS="1449" WIDTH="85" HEIGHT="34" CONTENT="mind," WC="0.37" CC="93764"/>
						<SP ID="P86_SP00203" HPOS="684" VPOS="1483" WIDTH="15"/>
						<String ID="P86_ST00230" HPOS="699" VPOS="1452" WIDTH="54" HEIGHT="27" CONTENT="and" WC="0.78" CC="060"/>
						<SP ID="P86_SP00204" HPOS="753" VPOS="1483" WIDTH="18"/>
						<String ID="P86_ST00231" HPOS="771" VPOS="1455" WIDTH="98" HEIGHT="34" CONTENT="passed" WC="0.70" CC="002609"/>
						<SP ID="P86_SP00205" HPOS="869" VPOS="1489" WIDTH="20"/>
						<String ID="P86_ST00232" HPOS="889" VPOS="1458" WIDTH="31" HEIGHT="25" CONTENT="to" WC="0.63" CC="07"/>
					</TextLine>
					<TextLine ID="P86_TL00026" HPOS="102" VPOS="1507" WIDTH="818" HEIGHT="35">
						<String ID="P86_ST00233" HPOS="102" VPOS="1509" WIDTH="54" HEIGHT="28" CONTENT="and" WC="0.79" CC="060"/>
						<SP ID="P86_SP00206" HPOS="156" VPOS="1537" WIDTH="25"/>
						<String ID="P86_ST00234" HPOS="181" VPOS="1509" WIDTH="48" HEIGHT="32" CONTENT="fro," WC="1.00" CC="0000"/>
						<SP ID="P86_SP00207" HPOS="229" VPOS="1541" WIDTH="26"/>
						<String ID="P86_ST00235" HPOS="255" VPOS="1507" WIDTH="57" HEIGHT="28" CONTENT="like" WC="0.65" CC="0490"/>
						<SP ID="P86_SP00208" HPOS="312" VPOS="1541" WIDTH="26"/>
						<String ID="P86_ST00236" HPOS="338" VPOS="1507" WIDTH="129" HEIGHT="32" CONTENT="shadows," WC="0.64" CC="67010093"/>
						<SP ID="P86_SP00209" HPOS="467" VPOS="1541" WIDTH="25"/>
						<String ID="P86_ST00237" HPOS="492" VPOS="1507" WIDTH="144" HEIGHT="35" CONTENT="unshaped" WC="0.72" CC="77070000"/>
						<SP ID="P86_SP00210" HPOS="636" VPOS="1542" WIDTH="26"/>
						<String ID="P86_ST00238" HPOS="662" VPOS="1509" WIDTH="54" HEIGHT="27" CONTENT="and" WC="0.76" CC="070"/>
						<SP ID="P86_SP00211" HPOS="716" VPOS="1542" WIDTH="30"/>
						<String ID="P86_ST00239" HPOS="746" VPOS="1511" WIDTH="64" HEIGHT="28" CONTENT="dim." WC="0.76" CC="8001"/>
						<SP ID="P86_SP00212" HPOS="810" VPOS="1542" WIDTH="49"/>
						<String ID="P86_ST00240" HPOS="859" VPOS="1513" WIDTH="61" HEIGHT="28" CONTENT="The" WC="0.53" CC="076"/>
					</TextLine>
				</TextBlock>
			</PrintSpace>
		</Page>
	</Layout>
</alto>
