<?xml version="1.0" encoding="UTF-8"?>
<alto xmlns:xsi="http://www.w3.org/2001/XMLSchema-instance" xsi:noNamespaceSchemaLocation="http://www.bl.uk/schemas/alto/alto-1-4.xsd" xmlns:xlink="http://www.w3.org/1999/xlink">
	<Description>
		<MeasurementUnit>mm10</MeasurementUnit>
		<sourceImageInformation>
			<fileName>//head1/IN/2007-44/A0010858537.2/001956.jp2</fileName>
		</sourceImageInformation>
		<OCRProcessing ID="OCRPROCESSING_1">
			<preProcessingStep>
				<processingSoftware>
					<softwareCreator>CCS Content Conversion Specialists GmbH, Germany</softwareCreator>
					<softwareName>CCS docWORKS</softwareName>
					<softwareVersion>6.1-0.59</softwareVersion>
				</processingSoftware>
			</preProcessingStep>
			<ocrProcessingStep>
				<processingSoftware>
					<softwareCreator>ABBYY (BIT Software), Russia</softwareCreator>
					<softwareName>Finereader</softwareName>
				</processingSoftware>
			</ocrProcessingStep>
		</OCRProcessing>
	</Description>
	<Styles>
		<TextStyle ID="TXT_0" FONTSIZE="10" FONTFAMILY="Courier New"/>
		<TextStyle ID="TXT_1" FONTSIZE="9" FONTFAMILY="Courier New"/>
		<ParagraphStyle ID="PAR_LEFT" ALIGN="Left"/>
		<ParagraphStyle ID="PAR_CENTER" ALIGN="Center"/>
	</Styles>
	<Layout>
		<Page ID="P178" PHYSICAL_IMG_NR="178" HEIGHT="1683" WIDTH="989" PRINTED_IMG_NR="170" POSITION="Left" ACCURACY="72.96">
			<TopMargin ID="P178_TM00001" HPOS="0" VPOS="0" WIDTH="988" HEIGHT="127">
				<TextBlock ID="P178_TB00001" HPOS="110" VPOS="95" WIDTH="55" HEIGHT="30" STYLEREFS="TXT_0 PAR_LEFT">
					<TextLine ID="P178_TL00001" HPOS="112" VPOS="97" WIDTH="53" HEIGHT="28">
						<String ID="P178_ST00001" HPOS="112" VPOS="97" WIDTH="53" HEIGHT="28" CONTENT="170" WC="0.76" CC="700"/>
					</TextLine>
				</TextBlock>
				<TextBlock ID="P178_TB00002" HPOS="451" VPOS="100" WIDTH="132" HEIGHT="20" STYLEREFS="TXT_1 PAR_CENTER">
					<TextLine ID="P178_TL00002" HPOS="451" VPOS="101" WIDTH="132" HEIGHT="19">
						<String ID="P178_ST00002" HPOS="451" VPOS="101" WIDTH="132" HEIGHT="19" CONTENT="SEE-SAW." WC="0.74" CC="42345000"/>
					</TextLine>
				</TextBlock>
			</TopMargin>
			<LeftMargin ID="P178_LM00001" HPOS="0" VPOS="127" WIDTH="104" HEIGHT="1425"/>
			<RightMargin ID="P178_RM00001" HPOS="928" VPOS="127" WIDTH="60" HEIGHT="1425"/>
			<BottomMargin ID="P178_BM00001" HPOS="0" VPOS="1552" WIDTH="988" HEIGHT="131"/>
			<PrintSpace ID="P178_PS00001" HPOS="104" VPOS="127" WIDTH="824" HEIGHT="1427">
				<TextBlock ID="P178_TB00003" HPOS="107" VPOS="179" WIDTH="821" HEIGHT="330" STYLEREFS="TXT_1 PAR_LEFT">
					<TextLine ID="P178_TL00003" HPOS="109" VPOS="180" WIDTH="819" HEIGHT="41">
						<String ID="P178_ST00003" HPOS="109" VPOS="189" WIDTH="102" HEIGHT="32" CONTENT="vatory," WC="0.91" CC="0030200"/>
						<SP ID="P178_SP00001" HPOS="211" VPOS="221" WIDTH="24"/>
						<String ID="P178_ST00004" HPOS="235" VPOS="185" WIDTH="54" HEIGHT="27" CONTENT="and" WC="0.43" CC="079"/>
						<SP ID="P178_SP00002" HPOS="289" VPOS="221" WIDTH="21"/>
						<String ID="P178_ST00005" HPOS="310" VPOS="185" WIDTH="15" HEIGHT="27" CONTENT="I" WC="1.00" CC="0"/>
						<SP ID="P178_SP00003" HPOS="325" VPOS="221" WIDTH="22"/>
						<String ID="P178_ST00006" HPOS="347" VPOS="185" WIDTH="132" HEIGHT="27" CONTENT="observed" WC="0.72" CC="47505000"/>
						<SP ID="P178_SP00004" HPOS="479" VPOS="221" WIDTH="20"/>
						<String ID="P178_ST00007" HPOS="499" VPOS="184" WIDTH="78" HEIGHT="27" CONTENT="them" WC="0.56" CC="0709"/>
						<SP ID="P178_SP00005" HPOS="577" VPOS="221" WIDTH="23"/>
						<String ID="P178_ST00008" HPOS="600" VPOS="180" WIDTH="166" HEIGHT="38" CONTENT="whispering" WC="0.62" CC="0755904050"/>
						<SP ID="P178_SP00006" HPOS="766" VPOS="221" WIDTH="26"/>
						<String ID="P178_ST00009" HPOS="792" VPOS="180" WIDTH="136" HEIGHT="35" CONTENT="together." WC="0.82" CC="100007060"/>
					</TextLine>
					<TextLine ID="P178_TL00004" HPOS="109" VPOS="238" WIDTH="819" HEIGHT="41">
						<String ID="P178_ST00010" HPOS="109" VPOS="243" WIDTH="57" HEIGHT="27" CONTENT="The" WC="0.48" CC="870"/>
						<SP ID="P178_SP00007" HPOS="166" VPOS="270" WIDTH="20"/>
						<String ID="P178_ST00011" HPOS="186" VPOS="247" WIDTH="67" HEIGHT="23" CONTENT="next" WC="0.68" CC="7005"/>
						<SP ID="P178_SP00008" HPOS="253" VPOS="270" WIDTH="25"/>
						<String ID="P178_ST00012" HPOS="278" VPOS="244" WIDTH="126" HEIGHT="35" CONTENT="morning" WC="0.48" CC="9053178"/>
						<SP ID="P178_SP00009" HPOS="404" VPOS="279" WIDTH="21"/>
						<String ID="P178_ST00013" HPOS="425" VPOS="243" WIDTH="165" HEIGHT="27" CONTENT="Maddalena" WC="0.88" CC="000003042"/>
						<SP ID="P178_SP00010" HPOS="590" VPOS="279" WIDTH="21"/>
						<String ID="P178_ST00014" HPOS="611" VPOS="240" WIDTH="80" HEIGHT="28" CONTENT="made" WC="0.81" CC="7000"/>
						<SP ID="P178_SP00011" HPOS="691" VPOS="279" WIDTH="21"/>
						<String ID="P178_ST00015" HPOS="712" VPOS="250" WIDTH="37" HEIGHT="17" CONTENT="an" WC="0.32" CC="76"/>
						<SP ID="P178_SP00012" HPOS="749" VPOS="279" WIDTH="21"/>
						<String ID="P178_ST00016" HPOS="770" VPOS="247" WIDTH="99" HEIGHT="19" CONTENT="excuse" WC="0.77" CC="000670"/>
						<SP ID="P178_SP00013" HPOS="869" VPOS="279" WIDTH="18"/>
						<String ID="P178_ST00017" HPOS="887" VPOS="238" WIDTH="41" HEIGHT="25" CONTENT="for" WC="0.96" CC="001"/>
					</TextLine>
					<TextLine ID="P178_TL00005" HPOS="108" VPOS="296" WIDTH="820" HEIGHT="42">
						<String ID="P178_ST00018" HPOS="108" VPOS="302" WIDTH="85" HEIGHT="36" CONTENT="going" WC="0.84" CC="00060"/>
						<SP ID="P178_SP00014" HPOS="193" VPOS="338" WIDTH="22"/>
						<String ID="P178_ST00019" HPOS="215" VPOS="306" WIDTH="48" HEIGHT="23" CONTENT="out" WC="0.80" CC="050"/>
						<SP ID="P178_SP00015" HPOS="263" VPOS="338" WIDTH="20"/>
						<String ID="P178_ST00020" HPOS="283" VPOS="302" WIDTH="37" HEIGHT="36" CONTENT="by" WC="0.63" CC="70"/>
						<SP ID="P178_SP00016" HPOS="320" VPOS="338" WIDTH="20"/>
						<String ID="P178_ST00021" HPOS="340" VPOS="302" WIDTH="102" HEIGHT="27" CONTENT="herself" WC="0.78" CC="7015000"/>
						<SP ID="P178_SP00017" HPOS="442" VPOS="338" WIDTH="16"/>
						<String ID="P178_ST00022" HPOS="458" VPOS="301" WIDTH="116" HEIGHT="36" CONTENT="directly" WC="0.94" CC="00000400"/>
						<SP ID="P178_SP00018" HPOS="574" VPOS="338" WIDTH="13"/>
						<String ID="P178_ST00023" HPOS="587" VPOS="301" WIDTH="71" HEIGHT="27" CONTENT="after" WC="0.78" CC="00406"/>
						<SP ID="P178_SP00019" HPOS="658" VPOS="338" WIDTH="16"/>
						<String ID="P178_ST00024" HPOS="674" VPOS="298" WIDTH="149" HEIGHT="32" CONTENT="breakfast," WC="0.72" CC="4400013354"/>
						<SP ID="P178_SP00020" HPOS="823" VPOS="338" WIDTH="15"/>
						<String ID="P178_ST00025" HPOS="838" VPOS="296" WIDTH="55" HEIGHT="27" CONTENT="and" WC="0.43" CC="970"/>
						<SP ID="P178_SP00021" HPOS="893" VPOS="338" WIDTH="21"/>
						<String ID="P178_ST00026" HPOS="914" VPOS="296" WIDTH="14" HEIGHT="26" CONTENT="I" WC="1.00" CC="0"/>
					</TextLine>
					<TextLine ID="P178_TL00006" HPOS="110" VPOS="355" WIDTH="818" HEIGHT="41">
						<String ID="P178_ST00027" HPOS="110" VPOS="360" WIDTH="124" HEIGHT="27" CONTENT="received" WC="0.73" CC="90002900"/>
						<SP ID="P178_SP00022" HPOS="234" VPOS="387" WIDTH="14"/>
						<String ID="P178_ST00028" HPOS="248" VPOS="370" WIDTH="16" HEIGHT="17" CONTENT="a" WC="1.00" CC="0"/>
						<SP ID="P178_SP00023" HPOS="264" VPOS="387" WIDTH="12"/>
						<String ID="P178_ST00029" HPOS="276" VPOS="360" WIDTH="82" HEIGHT="27" CONTENT="letter" WC="0.84" CC="404000"/>
						<SP ID="P178_SP00024" HPOS="358" VPOS="387" WIDTH="12"/>
						<String ID="P178_ST00030" HPOS="370" VPOS="361" WIDTH="70" HEIGHT="26" CONTENT="from" WC="0.92" CC="0300"/>
						<SP ID="P178_SP00025" HPOS="440" VPOS="387" WIDTH="13"/>
						<String ID="P178_ST00031" HPOS="453" VPOS="361" WIDTH="49" HEIGHT="26" CONTENT="her" WC="0.54" CC="706"/>
						<SP ID="P178_SP00026" HPOS="502" VPOS="387" WIDTH="13"/>
						<String ID="P178_ST00032" HPOS="515" VPOS="361" WIDTH="37" HEIGHT="35" CONTENT="by" WC="0.64" CC="70"/>
						<SP ID="P178_SP00027" HPOS="552" VPOS="396" WIDTH="13"/>
						<String ID="P178_ST00033" HPOS="565" VPOS="360" WIDTH="48" HEIGHT="27" CONTENT="the" WC="0.77" CC="060"/>
						<SP ID="P178_SP00028" HPOS="613" VPOS="396" WIDTH="14"/>
						<String ID="P178_ST00034" HPOS="627" VPOS="358" WIDTH="124" HEIGHT="36" CONTENT="mid-day" WC="0.93" CC="0500000"/>
						<SP ID="P178_SP00029" HPOS="751" VPOS="396" WIDTH="13"/>
						<String ID="P178_ST00035" HPOS="764" VPOS="360" WIDTH="70" HEIGHT="33" CONTENT="post." WC="0.81" CC="00260"/>
						<SP ID="P178_SP00030" HPOS="834" VPOS="396" WIDTH="37"/>
						<String ID="P178_ST00036" HPOS="871" VPOS="355" WIDTH="57" HEIGHT="28" CONTENT="She" WC="0.40" CC="574"/>
					</TextLine>
					<TextLine ID="P178_TL00007" HPOS="110" VPOS="413" WIDTH="818" HEIGHT="40">
						<String ID="P178_ST00037" HPOS="110" VPOS="417" WIDTH="56" HEIGHT="27" CONTENT="had" WC="0.74" CC="700"/>
						<SP ID="P178_SP00031" HPOS="166" VPOS="444" WIDTH="21"/>
						<String ID="P178_ST00038" HPOS="187" VPOS="417" WIDTH="59" HEIGHT="36" CONTENT="just" WC="0.60" CC="0635"/>
						<SP ID="P178_SP00032" HPOS="246" VPOS="453" WIDTH="24"/>
						<String ID="P178_ST00039" HPOS="270" VPOS="418" WIDTH="71" HEIGHT="27" CONTENT="been" WC="0.63" CC="7007"/>
						<SP ID="P178_SP00033" HPOS="341" VPOS="453" WIDTH="25"/>
						<String ID="P178_ST00040" HPOS="366" VPOS="418" WIDTH="117" HEIGHT="27" CONTENT="married" WC="0.91" CC="0030200"/>
						<SP ID="P178_SP00034" HPOS="483" VPOS="453" WIDTH="25"/>
						<String ID="P178_ST00041" HPOS="508" VPOS="422" WIDTH="29" HEIGHT="23" CONTENT="to" WC="1.00" CC="00"/>
						<SP ID="P178_SP00035" HPOS="537" VPOS="453" WIDTH="26"/>
						<String ID="P178_ST00042" HPOS="563" VPOS="417" WIDTH="110" HEIGHT="33" CONTENT="Atkins," WC="0.60" CC="9000764"/>
						<SP ID="P178_SP00036" HPOS="673" VPOS="453" WIDTH="28"/>
						<String ID="P178_ST00043" HPOS="701" VPOS="416" WIDTH="55" HEIGHT="27" CONTENT="and" WC="0.70" CC="071"/>
						<SP ID="P178_SP00037" HPOS="756" VPOS="453" WIDTH="26"/>
						<String ID="P178_ST00044" HPOS="782" VPOS="415" WIDTH="68" HEIGHT="35" CONTENT="they" WC="0.81" CC="0700"/>
						<SP ID="P178_SP00038" HPOS="850" VPOS="453" WIDTH="27"/>
						<String ID="P178_ST00045" HPOS="877" VPOS="413" WIDTH="51" HEIGHT="27" CONTENT="left" WC="0.59" CC="3066"/>
					</TextLine>
					<TextLine ID="P178_TL00008" HPOS="110" VPOS="474" WIDTH="541" HEIGHT="35">
						<String ID="P178_ST00046" HPOS="110" VPOS="474" WIDTH="114" HEIGHT="28" CONTENT="London" WC="0.63" CC="604046"/>
						<SP ID="P178_SP00039" HPOS="224" VPOS="502" WIDTH="13"/>
						<String ID="P178_ST00047" HPOS="237" VPOS="476" WIDTH="40" HEIGHT="26" CONTENT="for" WC="1.00" CC="000"/>
						<SP ID="P178_SP00040" HPOS="277" VPOS="502" WIDTH="13"/>
						<String ID="P178_ST00048" HPOS="290" VPOS="477" WIDTH="47" HEIGHT="25" CONTENT="the" WC="0.64" CC="370"/>
						<SP ID="P178_SP00041" HPOS="337" VPOS="502" WIDTH="16"/>
						<String ID="P178_ST00049" HPOS="353" VPOS="476" WIDTH="149" HEIGHT="27" CONTENT="Continent" WC="0.59" CC="207706075"/>
						<SP ID="P178_SP00042" HPOS="502" VPOS="503" WIDTH="13"/>
						<String ID="P178_ST00050" HPOS="515" VPOS="476" WIDTH="62" HEIGHT="26" CONTENT="that" WC="0.59" CC="4704"/>
						<SP ID="P178_SP00043" HPOS="577" VPOS="503" WIDTH="14"/>
						<String ID="P178_ST00051" HPOS="591" VPOS="476" WIDTH="60" HEIGHT="33" CONTENT="day." WC="1.00" CC="0000"/>
					</TextLine>
				</TextBlock>
				<TextBlock ID="P178_TB00004" HPOS="107" VPOS="532" WIDTH="819" HEIGHT="327" STYLEREFS="TXT_1 PAR_LEFT">
					<TextLine ID="P178_TL00009" HPOS="148" VPOS="533" WIDTH="778" HEIGHT="37">
						<String ID="P178_ST00052" HPOS="148" VPOS="535" WIDTH="13" HEIGHT="11" CONTENT='"' WC="0.88" CC="1"/>
						<SP ID="P178_SP00044" HPOS="161" VPOS="546" WIDTH="8"/>
						<String ID="P178_ST00053" HPOS="169" VPOS="534" WIDTH="39" HEIGHT="26" CONTENT="As" WC="0.76" CC="04"/>
						<SP ID="P178_SP00045" HPOS="208" VPOS="560" WIDTH="13"/>
						<String ID="P178_ST00054" HPOS="221" VPOS="544" WIDTH="54" HEIGHT="25" CONTENT="you" WC="0.81" CC="005"/>
						<SP ID="P178_SP00046" HPOS="275" VPOS="569" WIDTH="13"/>
						<String ID="P178_ST00055" HPOS="288" VPOS="544" WIDTH="63" HEIGHT="26" CONTENT="may" WC="1.00" CC="000"/>
						<SP ID="P178_SP00047" HPOS="351" VPOS="570" WIDTH="13"/>
						<String ID="P178_ST00056" HPOS="364" VPOS="534" WIDTH="127" HEIGHT="36" CONTENT="imagine," WC="0.79" CC="05000703"/>
						<SP ID="P178_SP00048" HPOS="491" VPOS="570" WIDTH="15"/>
						<String ID="P178_ST00057" HPOS="506" VPOS="534" WIDTH="98" HEIGHT="36" CONTENT="Signor" WC="0.74" CC="620600"/>
						<SP ID="P178_SP00049" HPOS="604" VPOS="570" WIDTH="14"/>
						<String ID="P178_ST00058" HPOS="618" VPOS="533" WIDTH="149" HEIGHT="32" CONTENT="Marchese," WC="0.78" CC="006070104"/>
						<SP ID="P178_SP00050" HPOS="767" VPOS="570" WIDTH="13"/>
						<String ID="P178_ST00059" HPOS="780" VPOS="533" WIDTH="15" HEIGHT="26" CONTENT="I" WC="1.00" CC="0"/>
						<SP ID="P178_SP00051" HPOS="795" VPOS="570" WIDTH="13"/>
						<String ID="P178_ST00060" HPOS="808" VPOS="541" WIDTH="55" HEIGHT="18" CONTENT="was" WC="0.45" CC="096"/>
						<SP ID="P178_SP00052" HPOS="863" VPOS="570" WIDTH="14"/>
						<String ID="P178_ST00061" HPOS="877" VPOS="533" WIDTH="49" HEIGHT="25" CONTENT="not" WC="0.76" CC="006"/>
					</TextLine>
					<TextLine ID="P178_TL00010" HPOS="109" VPOS="589" WIDTH="817" HEIGHT="38">
						<String ID="P178_ST00062" HPOS="109" VPOS="592" WIDTH="82" HEIGHT="25" CONTENT="much" WC="0.39" CC="9707"/>
						<SP ID="P178_SP00053" HPOS="191" VPOS="617" WIDTH="11"/>
						<String ID="P178_ST00063" HPOS="202" VPOS="592" WIDTH="110" HEIGHT="35" CONTENT="pleased" WC="0.62" CC="0506409"/>
						<SP ID="P178_SP00054" HPOS="312" VPOS="627" WIDTH="10"/>
						<String ID="P178_ST00064" HPOS="322" VPOS="592" WIDTH="67" HEIGHT="27" CONTENT="with" WC="0.44" CC="9407"/>
						<SP ID="P178_SP00055" HPOS="389" VPOS="627" WIDTH="13"/>
						<String ID="P178_ST00065" HPOS="402" VPOS="593" WIDTH="56" HEIGHT="26" CONTENT="this" WC="0.62" CC="2714"/>
						<SP ID="P178_SP00056" HPOS="458" VPOS="627" WIDTH="13"/>
						<String ID="P178_ST00066" HPOS="471" VPOS="593" WIDTH="174" HEIGHT="34" CONTENT="intelligence" WC="0.77" CC="193004100700"/>
						<String ID="P178_ST00067" HPOS="651" VPOS="603" WIDTH="6" HEIGHT="23" CONTENT=";" WC="0.63" CC="3"/>
						<SP ID="P178_SP00057" HPOS="657" VPOS="627" WIDTH="14"/>
						<String ID="P178_ST00068" HPOS="671" VPOS="592" WIDTH="54" HEIGHT="26" CONTENT="and" WC="0.77" CC="060"/>
						<SP ID="P178_SP00058" HPOS="725" VPOS="627" WIDTH="14"/>
						<String ID="P178_ST00069" HPOS="739" VPOS="592" WIDTH="14" HEIGHT="25" CONTENT="I" WC="0.78" CC="2"/>
						<SP ID="P178_SP00059" HPOS="753" VPOS="627" WIDTH="14"/>
						<String ID="P178_ST00070" HPOS="767" VPOS="600" WIDTH="54" HEIGHT="17" CONTENT="was" WC="0.77" CC="006"/>
						<SP ID="P178_SP00060" HPOS="821" VPOS="627" WIDTH="13"/>
						<String ID="P178_ST00071" HPOS="834" VPOS="589" WIDTH="92" HEIGHT="28" CONTENT="forced" WC="0.92" CC="005000"/>
					</TextLine>
					<TextLine ID="P178_TL00011" HPOS="109" VPOS="649" WIDTH="817" HEIGHT="36">
						<String ID="P178_ST00072" HPOS="109" VPOS="651" WIDTH="29" HEIGHT="23" CONTENT="to" WC="0.75" CC="40"/>
						<SP ID="P178_SP00061" HPOS="138" VPOS="674" WIDTH="11"/>
						<String ID="P178_ST00073" HPOS="149" VPOS="649" WIDTH="104" HEIGHT="27" CONTENT="borrow" WC="0.53" CC="723509"/>
						<SP ID="P178_SP00062" HPOS="253" VPOS="676" WIDTH="12"/>
						<String ID="P178_ST00074" HPOS="265" VPOS="658" WIDTH="101" HEIGHT="26" CONTENT="money" WC="0.61" CC="04509"/>
						<SP ID="P178_SP00063" HPOS="366" VPOS="684" WIDTH="12"/>
						<String ID="P178_ST00075" HPOS="378" VPOS="653" WIDTH="29" HEIGHT="23" CONTENT="to" WC="0.76" CC="40"/>
						<SP ID="P178_SP00064" HPOS="407" VPOS="684" WIDTH="13"/>
						<String ID="P178_ST00076" HPOS="420" VPOS="649" WIDTH="71" HEIGHT="36" CONTENT="keep" WC="1.00" CC="0000"/>
						<SP ID="P178_SP00065" HPOS="491" VPOS="685" WIDTH="14"/>
						<String ID="P178_ST00077" HPOS="505" VPOS="660" WIDTH="45" HEIGHT="17" CONTENT="me" WC="1.00" CC="00"/>
						<SP ID="P178_SP00066" HPOS="550" VPOS="685" WIDTH="19"/>
						<String ID="P178_ST00078" HPOS="569" VPOS="650" WIDTH="44" HEIGHT="27" CONTENT="till" WC="0.79" CC="0430"/>
						<SP ID="P178_SP00067" HPOS="613" VPOS="685" WIDTH="12"/>
						<String ID="P178_ST00079" HPOS="625" VPOS="649" WIDTH="68" HEIGHT="36" CONTENT="they" WC="0.77" CC="0710"/>
						<SP ID="P178_SP00068" HPOS="693" VPOS="685" WIDTH="13"/>
						<String ID="P178_ST00080" HPOS="706" VPOS="649" WIDTH="132" HEIGHT="27" CONTENT="returned" WC="0.65" CC="41652700"/>
						<SP ID="P178_SP00069" HPOS="838" VPOS="685" WIDTH="18"/>
						<String ID="P178_ST00081" HPOS="856" VPOS="649" WIDTH="70" HEIGHT="26" CONTENT="from" WC="0.69" CC="4404"/>
					</TextLine>
					<TextLine ID="P178_TL00012" HPOS="108" VPOS="706" WIDTH="818" HEIGHT="37">
						<String ID="P178_ST00082" HPOS="108" VPOS="706" WIDTH="74" HEIGHT="27" CONTENT="their" WC="0.76" CC="47000"/>
						<SP ID="P178_SP00070" HPOS="182" VPOS="733" WIDTH="22"/>
						<String ID="P178_ST00083" HPOS="204" VPOS="707" WIDTH="171" HEIGHT="36" CONTENT="honeymoon" WC="0.72" CC="707000306"/>
						<SP ID="P178_SP00071" HPOS="375" VPOS="743" WIDTH="22"/>
						<String ID="P178_ST00084" HPOS="397" VPOS="708" WIDTH="106" HEIGHT="27" CONTENT="abroad." WC="0.72" CC="0750600"/>
						<SP ID="P178_SP00072" HPOS="503" VPOS="743" WIDTH="53"/>
						<String ID="P178_ST00085" HPOS="556" VPOS="708" WIDTH="78" HEIGHT="26" CONTENT="Then" WC="0.64" CC="0706"/>
						<SP ID="P178_SP00073" HPOS="634" VPOS="743" WIDTH="21"/>
						<String ID="P178_ST00086" HPOS="655" VPOS="708" WIDTH="14" HEIGHT="26" CONTENT="I" WC="0.95" CC="0"/>
						<SP ID="P178_SP00074" HPOS="669" VPOS="743" WIDTH="21"/>
						<String ID="P178_ST00087" HPOS="690" VPOS="710" WIDTH="75" HEIGHT="24" CONTENT="went" WC="0.63" CC="0077"/>
						<SP ID="P178_SP00075" HPOS="765" VPOS="743" WIDTH="26"/>
						<String ID="P178_ST00088" HPOS="791" VPOS="707" WIDTH="79" HEIGHT="27" CONTENT="down" WC="0.82" CC="0007"/>
						<SP ID="P178_SP00076" HPOS="870" VPOS="743" WIDTH="27"/>
						<String ID="P178_ST00089" HPOS="897" VPOS="710" WIDTH="29" HEIGHT="23" CONTENT="to" WC="1.00" CC="00"/>
					</TextLine>
					<TextLine ID="P178_TL00013" HPOS="108" VPOS="765" WIDTH="818" HEIGHT="37">
						<String ID="P178_ST00090" HPOS="108" VPOS="765" WIDTH="73" HEIGHT="27" CONTENT="their" WC="0.86" CC="06000"/>
						<SP ID="P178_SP00077" HPOS="181" VPOS="792" WIDTH="12"/>
						<String ID="P178_ST00091" HPOS="193" VPOS="765" WIDTH="85" HEIGHT="27" CONTENT="house" WC="0.65" CC="70270"/>
						<SP ID="P178_SP00078" HPOS="278" VPOS="792" WIDTH="10"/>
						<String ID="P178_ST00092" HPOS="288" VPOS="766" WIDTH="30" HEIGHT="26" CONTENT="in" WC="0.59" CC="16"/>
						<SP ID="P178_SP00079" HPOS="318" VPOS="792" WIDTH="13"/>
						<String ID="P178_ST00093" HPOS="331" VPOS="765" WIDTH="48" HEIGHT="28" CONTENT="the" WC="0.76" CC="060"/>
						<SP ID="P178_SP00080" HPOS="379" VPOS="793" WIDTH="13"/>
						<String ID="P178_ST00094" HPOS="392" VPOS="770" WIDTH="121" HEIGHT="32" CONTENT="country," WC="0.65" CC="00674603"/>
						<SP ID="P178_SP00081" HPOS="513" VPOS="802" WIDTH="15"/>
						<String ID="P178_ST00095" HPOS="528" VPOS="766" WIDTH="55" HEIGHT="27" CONTENT="and" WC="0.75" CC="070"/>
						<SP ID="P178_SP00082" HPOS="583" VPOS="802" WIDTH="13"/>
						<String ID="P178_ST00096" HPOS="596" VPOS="766" WIDTH="59" HEIGHT="27" CONTENT="first" WC="0.70" CC="22460"/>
						<SP ID="P178_SP00083" HPOS="655" VPOS="802" WIDTH="14"/>
						<String ID="P178_ST00097" HPOS="669" VPOS="766" WIDTH="30" HEIGHT="27" CONTENT="of" WC="0.98" CC="00"/>
						<SP ID="P178_SP00084" HPOS="699" VPOS="802" WIDTH="10"/>
						<String ID="P178_ST00098" HPOS="709" VPOS="766" WIDTH="36" HEIGHT="27" CONTENT="all" WC="0.74" CC="610"/>
						<SP ID="P178_SP00085" HPOS="745" VPOS="802" WIDTH="15"/>
						<String ID="P178_ST00099" HPOS="760" VPOS="766" WIDTH="166" HEIGHT="27" CONTENT="Maddalena" WC="0.70" CC="000926070"/>
					</TextLine>
					<TextLine ID="P178_TL00014" HPOS="107" VPOS="824" WIDTH="623" HEIGHT="35">
						<String ID="P178_ST00100" HPOS="107" VPOS="824" WIDTH="58" HEIGHT="26" CONTENT="told" WC="0.88" CC="4000"/>
						<SP ID="P178_SP00086" HPOS="165" VPOS="850" WIDTH="14"/>
						<String ID="P178_ST00101" HPOS="179" VPOS="833" WIDTH="43" HEIGHT="17" CONTENT="me" WC="1.00" CC="00"/>
						<SP ID="P178_SP00087" HPOS="222" VPOS="850" WIDTH="15"/>
						<String ID="P178_ST00102" HPOS="237" VPOS="825" WIDTH="61" HEIGHT="34" CONTENT="why" WC="0.76" CC="070"/>
						<SP ID="P178_SP00088" HPOS="298" VPOS="859" WIDTH="14"/>
						<String ID="P178_ST00103" HPOS="312" VPOS="825" WIDTH="47" HEIGHT="26" CONTENT="she" WC="0.54" CC="670"/>
						<SP ID="P178_SP00089" HPOS="359" VPOS="859" WIDTH="14"/>
						<String ID="P178_ST00104" HPOS="373" VPOS="825" WIDTH="54" HEIGHT="26" CONTENT="had" WC="0.75" CC="700"/>
						<SP ID="P178_SP00090" HPOS="427" VPOS="859" WIDTH="14"/>
						<String ID="P178_ST00105" HPOS="441" VPOS="825" WIDTH="117" HEIGHT="26" CONTENT="married" WC="0.78" CC="4023400"/>
						<SP ID="P178_SP00091" HPOS="558" VPOS="859" WIDTH="14"/>
						<String ID="P178_ST00106" HPOS="572" VPOS="825" WIDTH="56" HEIGHT="26" CONTENT="this" WC="0.53" CC="4634"/>
						<SP ID="P178_SP00092" HPOS="628" VPOS="859" WIDTH="13"/>
						<String ID="P178_ST00107" HPOS="641" VPOS="825" WIDTH="89" HEIGHT="28" CONTENT='man."' WC="0.87" CC="00600"/>
					</TextLine>
				</TextBlock>
				<TextBlock ID="P178_TB00005" HPOS="144" VPOS="882" WIDTH="576" HEIGHT="35" STYLEREFS="TXT_1 PAR_LEFT">
					<TextLine ID="P178_TL00015" HPOS="144" VPOS="882" WIDTH="576" HEIGHT="35">
						<String ID="P178_ST00108" HPOS="144" VPOS="885" WIDTH="14" HEIGHT="10" CONTENT='"' WC="0.90" CC="0"/>
						<SP ID="P178_SP00093" HPOS="158" VPOS="895" WIDTH="8"/>
						<String ID="P178_ST00109" HPOS="166" VPOS="882" WIDTH="66" HEIGHT="27" CONTENT="And" WC="0.42" CC="970"/>
						<SP ID="P178_SP00094" HPOS="232" VPOS="909" WIDTH="10"/>
						<String ID="P178_ST00110" HPOS="242" VPOS="882" WIDTH="61" HEIGHT="35" CONTENT="why" WC="0.76" CC="070"/>
						<SP ID="P178_SP00095" HPOS="303" VPOS="917" WIDTH="12"/>
						<String ID="P178_ST00111" HPOS="315" VPOS="883" WIDTH="55" HEIGHT="26" CONTENT="had" WC="0.76" CC="700"/>
						<SP ID="P178_SP00096" HPOS="370" VPOS="917" WIDTH="15"/>
						<String ID="P178_ST00112" HPOS="385" VPOS="883" WIDTH="47" HEIGHT="26" CONTENT="she" WC="0.49" CC="671"/>
						<SP ID="P178_SP00097" HPOS="432" VPOS="917" WIDTH="11"/>
						<String ID="P178_ST00113" HPOS="443" VPOS="886" WIDTH="10" HEIGHT="24" CONTENT="?" WC="1.00" CC="0"/>
						<SP ID="P178_SP00098" HPOS="453" VPOS="917" WIDTH="11"/>
						<String ID="P178_ST00114" HPOS="464" VPOS="883" WIDTH="11" HEIGHT="10" CONTENT='"' WC="1.00" CC="0"/>
						<SP ID="P178_SP00099" HPOS="475" VPOS="917" WIDTH="15"/>
						<String ID="P178_ST00115" HPOS="490" VPOS="883" WIDTH="84" HEIGHT="27" CONTENT="asked" WC="0.88" CC="05000"/>
						<SP ID="P178_SP00100" HPOS="574" VPOS="917" WIDTH="14"/>
						<String ID="P178_ST00116" HPOS="588" VPOS="883" WIDTH="132" HEIGHT="34" CONTENT="Eugenio." WC="0.77" CC="45004003"/>
					</TextLine>
				</TextBlock>
				<TextBlock ID="P178_TB00006" HPOS="143" VPOS="940" WIDTH="361" HEIGHT="27" STYLEREFS="TXT_1 PAR_LEFT">
					<TextLine ID="P178_TL00016" HPOS="143" VPOS="941" WIDTH="361" HEIGHT="26">
						<String ID="P178_ST00117" HPOS="143" VPOS="941" WIDTH="116" HEIGHT="26" CONTENT="Restoni" WC="0.71" CC="7000075"/>
						<SP ID="P178_SP00101" HPOS="259" VPOS="967" WIDTH="14"/>
						<String ID="P178_ST00118" HPOS="273" VPOS="941" WIDTH="86" HEIGHT="26" CONTENT="shook" WC="0.71" CC="77000"/>
						<SP ID="P178_SP00102" HPOS="359" VPOS="967" WIDTH="12"/>
						<String ID="P178_ST00119" HPOS="371" VPOS="942" WIDTH="43" HEIGHT="25" CONTENT="his" WC="0.46" CC="762"/>
						<SP ID="P178_SP00103" HPOS="414" VPOS="967" WIDTH="13"/>
						<String ID="P178_ST00120" HPOS="427" VPOS="942" WIDTH="77" HEIGHT="25" CONTENT="head." WC="0.84" CC="70000"/>
					</TextLine>
				</TextBlock>
				<TextBlock ID="P178_TB00007" HPOS="104" VPOS="999" WIDTH="818" HEIGHT="144" STYLEREFS="TXT_1 PAR_LEFT">
					<TextLine ID="P178_TL00017" HPOS="144" VPOS="1000" WIDTH="777" HEIGHT="36">
						<String ID="P178_ST00121" HPOS="144" VPOS="1002" WIDTH="16" HEIGHT="11" CONTENT='"' WC="0.42" CC="5"/>
						<SP ID="P178_SP00104" HPOS="160" VPOS="1013" WIDTH="9"/>
						<String ID="P178_ST00122" HPOS="169" VPOS="1000" WIDTH="43" HEIGHT="26" CONTENT="Do" WC="0.61" CC="70"/>
						<SP ID="P178_SP00105" HPOS="212" VPOS="1026" WIDTH="17"/>
						<String ID="P178_ST00123" HPOS="229" VPOS="1003" WIDTH="49" HEIGHT="23" CONTENT="not" WC="0.57" CC="705"/>
						<SP ID="P178_SP00106" HPOS="278" VPOS="1026" WIDTH="21"/>
						<String ID="P178_ST00124" HPOS="299" VPOS="1000" WIDTH="49" HEIGHT="26" CONTENT="ask" WC="0.37" CC="179"/>
						<SP ID="P178_SP00107" HPOS="348" VPOS="1026" WIDTH="17"/>
						<String ID="P178_ST00125" HPOS="365" VPOS="1009" WIDTH="44" HEIGHT="18" CONTENT="me" WC="1.00" CC="00"/>
						<SP ID="P178_SP00108" HPOS="409" VPOS="1027" WIDTH="21"/>
						<String ID="P178_ST00126" HPOS="430" VPOS="1000" WIDTH="69" HEIGHT="31" CONTENT="that," WC="0.63" CC="47240"/>
						<SP ID="P178_SP00109" HPOS="499" VPOS="1031" WIDTH="14"/>
						<String ID="P178_ST00127" HPOS="513" VPOS="1000" WIDTH="99" HEIGHT="36" CONTENT="Signor" WC="0.71" CC="610503"/>
						<SP ID="P178_SP00110" HPOS="612" VPOS="1036" WIDTH="13"/>
						<String ID="P178_ST00128" HPOS="625" VPOS="1001" WIDTH="165" HEIGHT="33" CONTENT='Marchese,"' WC="0.72" CC="0770706000"/>
						<SP ID="P178_SP00111" HPOS="790" VPOS="1036" WIDTH="15"/>
						<String ID="P178_ST00129" HPOS="805" VPOS="1001" WIDTH="35" HEIGHT="27" CONTENT="he" WC="0.65" CC="60"/>
						<SP ID="P178_SP00112" HPOS="840" VPOS="1036" WIDTH="15"/>
						<String ID="P178_ST00130" HPOS="855" VPOS="1001" WIDTH="66" HEIGHT="32" CONTENT="said," WC="0.79" CC="50004"/>
					</TextLine>
					<TextLine ID="P178_TL00018" HPOS="106" VPOS="1058" WIDTH="816" HEIGHT="37">
						<String ID="P178_ST00131" HPOS="106" VPOS="1058" WIDTH="56" HEIGHT="27" CONTENT="and" WC="0.81" CC="050"/>
						<SP ID="P178_SP00113" HPOS="162" VPOS="1085" WIDTH="19"/>
						<String ID="P178_ST00132" HPOS="181" VPOS="1058" WIDTH="35" HEIGHT="27" CONTENT="he" WC="0.57" CC="71"/>
						<SP ID="P178_SP00114" HPOS="216" VPOS="1085" WIDTH="19"/>
						<String ID="P178_ST00133" HPOS="235" VPOS="1058" WIDTH="148" HEIGHT="36" CONTENT="resolutely" WC="0.85" CC="0061070000"/>
						<SP ID="P178_SP00115" HPOS="383" VPOS="1094" WIDTH="13"/>
						<String ID="P178_ST00134" HPOS="396" VPOS="1059" WIDTH="107" HEIGHT="26" CONTENT="refused" WC="0.72" CC="3005504"/>
						<SP ID="P178_SP00116" HPOS="503" VPOS="1094" WIDTH="21"/>
						<String ID="P178_ST00135" HPOS="524" VPOS="1063" WIDTH="28" HEIGHT="22" CONTENT="to" WC="1.00" CC="00"/>
						<SP ID="P178_SP00117" HPOS="552" VPOS="1094" WIDTH="20"/>
						<String ID="P178_ST00136" HPOS="572" VPOS="1059" WIDTH="83" HEIGHT="36" CONTENT="reply." WC="0.97" CC="000100"/>
						<SP ID="P178_SP00118" HPOS="655" VPOS="1095" WIDTH="40"/>
						<String ID="P178_ST00137" HPOS="695" VPOS="1060" WIDTH="78" HEIGHT="27" CONTENT="Then" WC="0.64" CC="0707"/>
						<SP ID="P178_SP00119" HPOS="773" VPOS="1095" WIDTH="21"/>
						<String ID="P178_ST00138" HPOS="794" VPOS="1060" WIDTH="34" HEIGHT="26" CONTENT="he" WC="0.64" CC="70"/>
						<SP ID="P178_SP00120" HPOS="828" VPOS="1095" WIDTH="21"/>
						<String ID="P178_ST00139" HPOS="849" VPOS="1064" WIDTH="73" HEIGHT="22" CONTENT="went" WC="0.66" CC="0066"/>
					</TextLine>
					<TextLine ID="P178_TL00019" HPOS="107" VPOS="1126" WIDTH="92" HEIGHT="17">
						<String ID="P178_ST00140" HPOS="107" VPOS="1126" WIDTH="53" HEIGHT="17" CONTENT="on:" WC="0.47" CC="176"/>
						<String ID="P178_ST00141" HPOS="161" VPOS="1132" WIDTH="38" HEIGHT="6" CONTENT="—" WC="0.20" CC="8"/>
					</TextLine>
				</TextBlock>
				<TextBlock ID="P178_TB00008" HPOS="104" VPOS="1176" WIDTH="818" HEIGHT="206" STYLEREFS="TXT_1 PAR_LEFT">
					<TextLine ID="P178_TL00020" HPOS="145" VPOS="1176" WIDTH="777" HEIGHT="32">
						<String ID="P178_ST00142" HPOS="145" VPOS="1179" WIDTH="15" HEIGHT="9" CONTENT='"' WC="1.00" CC="0"/>
						<SP ID="P178_SP00121" HPOS="160" VPOS="1188" WIDTH="8"/>
						<String ID="P178_ST00143" HPOS="168" VPOS="1176" WIDTH="55" HEIGHT="26" CONTENT="She" WC="0.62" CC="640"/>
						<SP ID="P178_SP00122" HPOS="223" VPOS="1202" WIDTH="20"/>
						<String ID="P178_ST00144" HPOS="243" VPOS="1176" WIDTH="65" HEIGHT="26" CONTENT="took" WC="0.73" CC="0018"/>
						<SP ID="P178_SP00123" HPOS="308" VPOS="1202" WIDTH="20"/>
						<String ID="P178_ST00145" HPOS="328" VPOS="1185" WIDTH="44" HEIGHT="18" CONTENT="me" WC="0.77" CC="22"/>
						<SP ID="P178_SP00124" HPOS="372" VPOS="1203" WIDTH="20"/>
						<String ID="P178_ST00146" HPOS="392" VPOS="1176" WIDTH="59" HEIGHT="27" CONTENT="into" WC="0.53" CC="5732"/>
						<SP ID="P178_SP00125" HPOS="451" VPOS="1203" WIDTH="18"/>
						<String ID="P178_ST00147" HPOS="469" VPOS="1176" WIDTH="50" HEIGHT="27" CONTENT="her" WC="0.75" CC="700"/>
						<SP ID="P178_SP00126" HPOS="519" VPOS="1203" WIDTH="19"/>
						<String ID="P178_ST00148" HPOS="538" VPOS="1177" WIDTH="135" HEIGHT="31" CONTENT="husband," WC="0.50" CC="66770704"/>
						<SP ID="P178_SP00127" HPOS="673" VPOS="1208" WIDTH="13"/>
						<String ID="P178_ST00149" HPOS="686" VPOS="1177" WIDTH="91" HEIGHT="27" CONTENT="whose" WC="0.47" CC="97530"/>
						<SP ID="P178_SP00128" HPOS="777" VPOS="1208" WIDTH="19"/>
						<String ID="P178_ST00150" HPOS="796" VPOS="1178" WIDTH="59" HEIGHT="27" CONTENT="face" WC="0.64" CC="3540"/>
						<SP ID="P178_SP00129" HPOS="855" VPOS="1208" WIDTH="13"/>
						<String ID="P178_ST00151" HPOS="868" VPOS="1187" WIDTH="54" HEIGHT="18" CONTENT="was" WC="0.82" CC="005"/>
					</TextLine>
					<TextLine ID="P178_TL00021" HPOS="107" VPOS="1233" WIDTH="815" HEIGHT="37">
						<String ID="P178_ST00152" HPOS="107" VPOS="1233" WIDTH="51" HEIGHT="26" CONTENT="full" WC="0.49" CC="6624"/>
						<SP ID="P178_SP00130" HPOS="158" VPOS="1259" WIDTH="13"/>
						<String ID="P178_ST00153" HPOS="171" VPOS="1234" WIDTH="30" HEIGHT="26" CONTENT="of" WC="0.77" CC="22"/>
						<SP ID="P178_SP00131" HPOS="201" VPOS="1260" WIDTH="10"/>
						<String ID="P178_ST00154" HPOS="211" VPOS="1234" WIDTH="141" HEIGHT="27" CONTENT="malicious" WC="0.78" CC="102504050"/>
						<SP ID="P178_SP00132" HPOS="352" VPOS="1261" WIDTH="13"/>
						<String ID="P178_ST00155" HPOS="365" VPOS="1234" WIDTH="132" HEIGHT="36" CONTENT="triumph." WC="0.71" CC="05250072"/>
						<SP ID="P178_SP00133" HPOS="497" VPOS="1270" WIDTH="41"/>
						<String ID="P178_ST00156" HPOS="538" VPOS="1239" WIDTH="6" HEIGHT="9" CONTENT="'" WC="0.55" CC="4"/>
						<SP ID="P178_SP00134" HPOS="544" VPOS="1270" WIDTH="9"/>
						<String ID="P178_ST00157" HPOS="553" VPOS="1235" WIDTH="80" HEIGHT="32" CONTENT="Well," WC="0.91" CC="00004"/>
						<SP ID="P178_SP00135" HPOS="633" VPOS="1270" WIDTH="15"/>
						<String ID="P178_ST00158" HPOS="648" VPOS="1235" WIDTH="130" HEIGHT="32" CONTENT="Restoni,'" WC="0.79" CC="007007040"/>
						<SP ID="P178_SP00136" HPOS="778" VPOS="1270" WIDTH="22"/>
						<String ID="P178_ST00159" HPOS="800" VPOS="1236" WIDTH="35" HEIGHT="26" CONTENT="he" WC="0.64" CC="70"/>
						<SP ID="P178_SP00137" HPOS="835" VPOS="1270" WIDTH="21"/>
						<String ID="P178_ST00160" HPOS="856" VPOS="1236" WIDTH="66" HEIGHT="33" CONTENT="said," WC="0.71" CC="13404"/>
					</TextLine>
					<TextLine ID="P178_TL00022" HPOS="106" VPOS="1290" WIDTH="816" HEIGHT="38">
						<String ID="P178_ST00161" HPOS="106" VPOS="1293" WIDTH="7" HEIGHT="11" CONTENT="'" WC="1.00" CC="0"/>
						<SP ID="P178_SP00138" HPOS="113" VPOS="1304" WIDTH="10"/>
						<String ID="P178_ST00162" HPOS="123" VPOS="1290" WIDTH="15" HEIGHT="27" CONTENT="I" WC="0.67" CC="3"/>
						<SP ID="P178_SP00139" HPOS="138" VPOS="1317" WIDTH="23"/>
						<String ID="P178_ST00163" HPOS="161" VPOS="1301" WIDTH="115" HEIGHT="25" CONTENT="suppose" WC="0.83" CC="5200020"/>
						<SP ID="P178_SP00140" HPOS="276" VPOS="1326" WIDTH="16"/>
						<String ID="P178_ST00164" HPOS="292" VPOS="1301" WIDTH="54" HEIGHT="26" CONTENT="you" WC="0.81" CC="005"/>
						<SP ID="P178_SP00141" HPOS="346" VPOS="1327" WIDTH="18"/>
						<String ID="P178_ST00165" HPOS="364" VPOS="1292" WIDTH="71" HEIGHT="26" CONTENT="have" WC="0.81" CC="7000"/>
						<SP ID="P178_SP00142" HPOS="435" VPOS="1327" WIDTH="18"/>
						<String ID="P178_ST00166" HPOS="453" VPOS="1301" WIDTH="75" HEIGHT="18" CONTENT="come" WC="0.95" CC="0200"/>
						<SP ID="P178_SP00143" HPOS="528" VPOS="1327" WIDTH="19"/>
						<String ID="P178_ST00167" HPOS="547" VPOS="1293" WIDTH="78" HEIGHT="27" CONTENT="down" WC="0.83" CC="0006"/>
						<SP ID="P178_SP00144" HPOS="625" VPOS="1327" WIDTH="21"/>
						<String ID="P178_ST00168" HPOS="646" VPOS="1293" WIDTH="66" HEIGHT="27" CONTENT="here" WC="0.69" CC="7040"/>
						<SP ID="P178_SP00145" HPOS="712" VPOS="1327" WIDTH="20"/>
						<String ID="P178_ST00169" HPOS="732" VPOS="1296" WIDTH="29" HEIGHT="24" CONTENT="to" WC="0.66" CC="06"/>
						<SP ID="P178_SP00146" HPOS="761" VPOS="1327" WIDTH="19"/>
						<String ID="P178_ST00170" HPOS="780" VPOS="1297" WIDTH="48" HEIGHT="31" CONTENT="get" WC="0.79" CC="006"/>
						<SP ID="P178_SP00147" HPOS="828" VPOS="1328" WIDTH="18"/>
						<String ID="P178_ST00171" HPOS="846" VPOS="1303" WIDTH="76" HEIGHT="19" CONTENT="some" WC="0.83" CC="3300"/>
					</TextLine>
					<TextLine ID="P178_TL00023" HPOS="105" VPOS="1349" WIDTH="293" HEIGHT="33">
						<String ID="P178_ST00172" HPOS="105" VPOS="1357" WIDTH="100" HEIGHT="25" CONTENT="money" WC="0.64" CC="91700"/>
						<SP ID="P178_SP00148" HPOS="205" VPOS="1382" WIDTH="13"/>
						<String ID="P178_ST00173" HPOS="218" VPOS="1352" WIDTH="47" HEIGHT="24" CONTENT="out" WC="0.66" CC="054"/>
						<SP ID="P178_SP00149" HPOS="265" VPOS="1382" WIDTH="14"/>
						<String ID="P178_ST00174" HPOS="279" VPOS="1349" WIDTH="30" HEIGHT="26" CONTENT="of" WC="0.85" CC="02"/>
						<SP ID="P178_SP00150" HPOS="309" VPOS="1382" WIDTH="9"/>
						<String ID="P178_ST00175" HPOS="318" VPOS="1358" WIDTH="43" HEIGHT="17" CONTENT="me" WC="1.00" CC="00"/>
						<SP ID="P178_SP00151" HPOS="361" VPOS="1382" WIDTH="13"/>
						<String ID="P178_ST00176" HPOS="374" VPOS="1351" WIDTH="10" HEIGHT="26" CONTENT="?" WC="0.16" CC="8"/>
						<String ID="P178_ST00177" HPOS="392" VPOS="1350" WIDTH="6" HEIGHT="10" CONTENT="'" WC="0.88" CC="1"/>
					</TextLine>
				</TextBlock>
				<TextBlock ID="P178_TB00009" HPOS="106" VPOS="1405" WIDTH="818" HEIGHT="149" STYLEREFS="TXT_1 PAR_LEFT">
					<TextLine ID="P178_TL00024" HPOS="143" VPOS="1405" WIDTH="780" HEIGHT="42">
						<String ID="P178_ST00178" HPOS="143" VPOS="1408" WIDTH="13" HEIGHT="11" CONTENT='"' WC="1.00" CC="0"/>
						<String ID="P178_ST00179" HPOS="167" VPOS="1409" WIDTH="6" HEIGHT="10" CONTENT="'" WC="0.67" CC="3"/>
						<SP ID="P178_SP00152" HPOS="173" VPOS="1419" WIDTH="11"/>
						<String ID="P178_ST00180" HPOS="184" VPOS="1405" WIDTH="15" HEIGHT="27" CONTENT="I" WC="0.46" CC="5"/>
						<SP ID="P178_SP00153" HPOS="199" VPOS="1432" WIDTH="22"/>
						<String ID="P178_ST00181" HPOS="221" VPOS="1416" WIDTH="44" HEIGHT="17" CONTENT="am" WC="0.87" CC="02"/>
						<SP ID="P178_SP00154" HPOS="265" VPOS="1433" WIDTH="23"/>
						<String ID="P178_ST00182" HPOS="288" VPOS="1406" WIDTH="116" HEIGHT="27" CONTENT="without" WC="0.66" CC="0057252"/>
						<SP ID="P178_SP00155" HPOS="404" VPOS="1433" WIDTH="19"/>
						<String ID="P178_ST00183" HPOS="423" VPOS="1417" WIDTH="106" HEIGHT="26" CONTENT="money," WC="0.80" CC="007004"/>
						<SP ID="P178_SP00156" HPOS="529" VPOS="1443" WIDTH="23"/>
						<String ID="P178_ST00184" HPOS="552" VPOS="1407" WIDTH="99" HEIGHT="36" CONTENT="Signor" WC="0.62" CC="630705"/>
						<SP ID="P178_SP00157" HPOS="651" VPOS="1443" WIDTH="22"/>
						<String ID="P178_ST00185" HPOS="673" VPOS="1408" WIDTH="117" HEIGHT="35" CONTENT="Atkins,'" WC="0.74" CC="05005440"/>
						<SP ID="P178_SP00158" HPOS="790" VPOS="1443" WIDTH="19"/>
						<String ID="P178_ST00186" HPOS="809" VPOS="1411" WIDTH="60" HEIGHT="28" CONTENT="said" WC="0.93" CC="0020"/>
						<SP ID="P178_SP00159" HPOS="869" VPOS="1443" WIDTH="23"/>
						<String ID="P178_ST00187" HPOS="892" VPOS="1412" WIDTH="15" HEIGHT="27" CONTENT="I" WC="1.00" CC="0"/>
						<String ID="P178_ST00188" HPOS="917" VPOS="1422" WIDTH="6" HEIGHT="25" CONTENT=";" WC="0.31" CC="6"/>
					</TextLine>
					<TextLine ID="P178_TL00025" HPOS="107" VPOS="1466" WIDTH="817" HEIGHT="38">
						<String ID="P178_ST00189" HPOS="107" VPOS="1470" WIDTH="8" HEIGHT="10" CONTENT="'" WC="0.55" CC="4"/>
						<SP ID="P178_SP00160" HPOS="115" VPOS="1480" WIDTH="10"/>
						<String ID="P178_ST00190" HPOS="125" VPOS="1477" WIDTH="46" HEIGHT="27" CONTENT="my" WC="0.64" CC="70"/>
						<SP ID="P178_SP00161" HPOS="171" VPOS="1504" WIDTH="13"/>
						<String ID="P178_ST00191" HPOS="184" VPOS="1467" WIDTH="135" HEIGHT="36" CONTENT="daughter" WC="0.75" CC="00507006"/>
						<SP ID="P178_SP00162" HPOS="319" VPOS="1504" WIDTH="15"/>
						<String ID="P178_ST00192" HPOS="334" VPOS="1466" WIDTH="51" HEIGHT="28" CONTENT="has" WC="0.58" CC="705"/>
						<SP ID="P178_SP00163" HPOS="385" VPOS="1504" WIDTH="19"/>
						<String ID="P178_ST00193" HPOS="404" VPOS="1467" WIDTH="99" HEIGHT="36" CONTENT="always" WC="0.83" CC="050004"/>
						<SP ID="P178_SP00164" HPOS="503" VPOS="1504" WIDTH="23"/>
						<String ID="P178_ST00194" HPOS="526" VPOS="1468" WIDTH="148" HEIGHT="35" CONTENT="supported" WC="0.84" CC="650001100"/>
						<SP ID="P178_SP00165" HPOS="674" VPOS="1504" WIDTH="18"/>
						<String ID="P178_ST00195" HPOS="692" VPOS="1478" WIDTH="53" HEIGHT="24" CONTENT="me," WC="0.91" CC="002"/>
						<SP ID="P178_SP00166" HPOS="745" VPOS="1504" WIDTH="13"/>
						<String ID="P178_ST00196" HPOS="758" VPOS="1473" WIDTH="30" HEIGHT="24" CONTENT="at" WC="0.48" CC="45"/>
						<SP ID="P178_SP00167" HPOS="788" VPOS="1504" WIDTH="23"/>
						<String ID="P178_ST00197" HPOS="811" VPOS="1471" WIDTH="70" HEIGHT="28" CONTENT="least" WC="0.78" CC="00064"/>
						<SP ID="P178_SP00168" HPOS="881" VPOS="1504" WIDTH="13"/>
						<String ID="P178_ST00198" HPOS="894" VPOS="1472" WIDTH="30" HEIGHT="27" CONTENT="of" WC="0.68" CC="60"/>
					</TextLine>
					<TextLine ID="P178_TL00026" HPOS="107" VPOS="1527" WIDTH="70" HEIGHT="27">
						<String ID="P178_ST00199" HPOS="107" VPOS="1527" WIDTH="70" HEIGHT="27" CONTENT="late.'" WC="0.84" CC="602000"/>
					</TextLine>
				</TextBlock>
			</PrintSpace>
		</Page>
	</Layout>
</alto>
