<?xml version="1.0" encoding="UTF-8"?>
<alto xmlns:xsi="http://www.w3.org/2001/XMLSchema-instance" xsi:noNamespaceSchemaLocation="http://www.bl.uk/schemas/alto/alto-1-4.xsd" xmlns:xlink="http://www.w3.org/1999/xlink">
	<Description>
		<MeasurementUnit>mm10</MeasurementUnit>
		<sourceImageInformation>
			<fileName>//head1/IN/2007-44/A0010858537.2/001958.jp2</fileName>
		</sourceImageInformation>
		<OCRProcessing ID="OCRPROCESSING_1">
			<preProcessingStep>
				<processingSoftware>
					<softwareCreator>CCS Content Conversion Specialists GmbH, Germany</softwareCreator>
					<softwareName>CCS docWORKS</softwareName>
					<softwareVersion>6.1-0.59</softwareVersion>
				</processingSoftware>
			</preProcessingStep>
			<ocrProcessingStep>
				<processingSoftware>
					<softwareCreator>ABBYY (BIT Software), Russia</softwareCreator>
					<softwareName>Finereader</softwareName>
				</processingSoftware>
			</ocrProcessingStep>
		</OCRProcessing>
	</Description>
	<Styles>
		<TextStyle ID="TXT_0" FONTSIZE="10" FONTFAMILY="Courier New"/>
		<TextStyle ID="TXT_1" FONTSIZE="9" FONTFAMILY="Courier New"/>
		<ParagraphStyle ID="PAR_LEFT" ALIGN="Left"/>
		<ParagraphStyle ID="PAR_CENTER" ALIGN="Center"/>
	</Styles>
	<Layout>
		<Page ID="P180" PHYSICAL_IMG_NR="180" HEIGHT="1683" WIDTH="989" PRINTED_IMG_NR="172" POSITION="Left" ACCURACY="72.98">
			<TopMargin ID="P180_TM00001" HPOS="0" VPOS="0" WIDTH="988" HEIGHT="127">
				<TextBlock ID="P180_TB00001" HPOS="110" VPOS="97" WIDTH="51" HEIGHT="28" STYLEREFS="TXT_0 PAR_LEFT">
					<TextLine ID="P180_TL00001" HPOS="111" VPOS="99" WIDTH="50" HEIGHT="26">
						<String ID="P180_ST00001" HPOS="111" VPOS="99" WIDTH="50" HEIGHT="26" CONTENT="172" WC="0.67" CC="009"/>
					</TextLine>
				</TextBlock>
				<TextBlock ID="P180_TB00002" HPOS="447" VPOS="104" WIDTH="132" HEIGHT="20" STYLEREFS="TXT_1 PAR_CENTER">
					<TextLine ID="P180_TL00002" HPOS="448" VPOS="105" WIDTH="131" HEIGHT="19">
						<String ID="P180_ST00002" HPOS="448" VPOS="106" WIDTH="60" HEIGHT="18" CONTENT="SEE-" WC="0.87" CC="5000"/>
						<String ID="P180_ST00003" HPOS="514" VPOS="105" WIDTH="65" HEIGHT="19" CONTENT="SAW." WC="0.38" CC="4990"/>
					</TextLine>
				</TextBlock>
			</TopMargin>
			<LeftMargin ID="P180_LM00001" HPOS="0" VPOS="127" WIDTH="98" HEIGHT="1427"/>
			<RightMargin ID="P180_RM00001" HPOS="925" VPOS="127" WIDTH="63" HEIGHT="1427"/>
			<BottomMargin ID="P180_BM00001" HPOS="0" VPOS="1554" WIDTH="988" HEIGHT="129"/>
			<PrintSpace ID="P180_PS00001" HPOS="98" VPOS="127" WIDTH="827" HEIGHT="1427">
				<TextBlock ID="P180_TB00003" HPOS="104" VPOS="182" WIDTH="821" HEIGHT="680" STYLEREFS="TXT_1 PAR_LEFT">
					<TextLine ID="P180_TL00003" HPOS="144" VPOS="183" WIDTH="777" HEIGHT="41">
						<String ID="P180_ST00004" HPOS="144" VPOS="188" WIDTH="114" HEIGHT="27" CONTENT="Restoni" WC="0.80" CC="0005071"/>
						<SP ID="P180_SP00001" HPOS="258" VPOS="215" WIDTH="14"/>
						<String ID="P180_ST00005" HPOS="272" VPOS="199" WIDTH="54" HEIGHT="17" CONTENT="was" WC="0.95" CC="001"/>
						<SP ID="P180_SP00002" HPOS="326" VPOS="216" WIDTH="13"/>
						<String ID="P180_ST00006" HPOS="339" VPOS="199" WIDTH="17" HEIGHT="17" CONTENT="a" WC="1.00" CC="0"/>
						<SP ID="P180_SP00003" HPOS="356" VPOS="216" WIDTH="13"/>
						<String ID="P180_ST00007" HPOS="369" VPOS="188" WIDTH="136" HEIGHT="36" CONTENT="thorough" WC="0.56" CC="26353507"/>
						<SP ID="P180_SP00004" HPOS="505" VPOS="224" WIDTH="14"/>
						<String ID="P180_ST00008" HPOS="519" VPOS="191" WIDTH="104" HEIGHT="23" CONTENT="master" WC="0.78" CC="004106"/>
						<SP ID="P180_SP00005" HPOS="623" VPOS="224" WIDTH="13"/>
						<String ID="P180_ST00009" HPOS="636" VPOS="187" WIDTH="30" HEIGHT="27" CONTENT="of" WC="0.64" CC="07"/>
						<SP ID="P180_SP00006" HPOS="666" VPOS="224" WIDTH="14"/>
						<String ID="P180_ST00010" HPOS="680" VPOS="186" WIDTH="48" HEIGHT="27" CONTENT="the" WC="0.48" CC="176"/>
						<SP ID="P180_SP00007" HPOS="728" VPOS="224" WIDTH="14"/>
						<String ID="P180_ST00011" HPOS="742" VPOS="188" WIDTH="43" HEIGHT="23" CONTENT="art" WC="0.63" CC="055"/>
						<SP ID="P180_SP00008" HPOS="785" VPOS="224" WIDTH="14"/>
						<String ID="P180_ST00012" HPOS="799" VPOS="184" WIDTH="29" HEIGHT="26" CONTENT="of" WC="1.00" CC="00"/>
						<SP ID="P180_SP00009" HPOS="828" VPOS="224" WIDTH="10"/>
						<String ID="P180_ST00013" HPOS="838" VPOS="183" WIDTH="83" HEIGHT="36" CONTENT="lying." WC="0.58" CC="094702"/>
					</TextLine>
					<TextLine ID="P180_TL00004" HPOS="109" VPOS="241" WIDTH="815" HEIGHT="43">
						<String ID="P180_ST00014" HPOS="109" VPOS="248" WIDTH="45" HEIGHT="27" CONTENT="He" WC="0.69" CC="60"/>
						<SP ID="P180_SP00010" HPOS="154" VPOS="275" WIDTH="14"/>
						<String ID="P180_ST00015" HPOS="168" VPOS="248" WIDTH="146" HEIGHT="28" CONTENT="simulated" WC="0.89" CC="600010100"/>
						<SP ID="P180_SP00011" HPOS="314" VPOS="276" WIDTH="13"/>
						<String ID="P180_ST00016" HPOS="327" VPOS="252" WIDTH="29" HEIGHT="24" CONTENT="to" WC="1.00" CC="00"/>
						<SP ID="P180_SP00012" HPOS="356" VPOS="276" WIDTH="14"/>
						<String ID="P180_ST00017" HPOS="370" VPOS="248" WIDTH="148" HEIGHT="36" CONTENT="perfection" WC="0.78" CC="0022006027"/>
						<SP ID="P180_SP00013" HPOS="518" VPOS="284" WIDTH="14"/>
						<String ID="P180_ST00018" HPOS="532" VPOS="247" WIDTH="48" HEIGHT="27" CONTENT="the" WC="0.56" CC="570"/>
						<SP ID="P180_SP00014" HPOS="580" VPOS="284" WIDTH="18"/>
						<String ID="P180_ST00019" HPOS="598" VPOS="245" WIDTH="99" HEIGHT="28" CONTENT="candid" WC="0.72" CC="036060"/>
						<SP ID="P180_SP00015" HPOS="697" VPOS="284" WIDTH="21"/>
						<String ID="P180_ST00020" HPOS="718" VPOS="243" WIDTH="70" HEIGHT="32" CONTENT="look," WC="0.89" CC="40010"/>
						<SP ID="P180_SP00016" HPOS="788" VPOS="284" WIDTH="19"/>
						<String ID="P180_ST00021" HPOS="807" VPOS="242" WIDTH="55" HEIGHT="27" CONTENT="and" WC="0.77" CC="060"/>
						<SP ID="P180_SP00017" HPOS="862" VPOS="284" WIDTH="13"/>
						<String ID="P180_ST00022" HPOS="875" VPOS="241" WIDTH="49" HEIGHT="26" CONTENT="the" WC="0.61" CC="470"/>
					</TextLine>
					<TextLine ID="P180_TL00005" HPOS="107" VPOS="299" WIDTH="818" HEIGHT="43">
						<String ID="P180_ST00023" HPOS="107" VPOS="307" WIDTH="78" HEIGHT="32" CONTENT="clear," WC="0.86" CC="040030"/>
						<SP ID="P180_SP00018" HPOS="185" VPOS="339" WIDTH="14"/>
						<String ID="P180_ST00024" HPOS="199" VPOS="308" WIDTH="167" HEIGHT="34" CONTENT="unfaltering" WC="0.72" CC="56000500470"/>
						<SP ID="P180_SP00019" HPOS="366" VPOS="342" WIDTH="13"/>
						<String ID="P180_ST00025" HPOS="379" VPOS="307" WIDTH="75" HEIGHT="27" CONTENT="voice" WC="0.98" CC="00000"/>
						<SP ID="P180_SP00020" HPOS="454" VPOS="342" WIDTH="15"/>
						<String ID="P180_ST00026" HPOS="469" VPOS="307" WIDTH="28" HEIGHT="26" CONTENT="of" WC="0.77" CC="03"/>
						<SP ID="P180_SP00021" HPOS="497" VPOS="342" WIDTH="11"/>
						<String ID="P180_ST00027" HPOS="508" VPOS="306" WIDTH="85" HEIGHT="26" CONTENT="truth." WC="0.64" CC="331570"/>
						<SP ID="P180_SP00022" HPOS="593" VPOS="342" WIDTH="40"/>
						<String ID="P180_ST00028" HPOS="633" VPOS="304" WIDTH="46" HEIGHT="27" CONTENT="No" WC="0.83" CC="03"/>
						<SP ID="P180_SP00023" HPOS="679" VPOS="342" WIDTH="13"/>
						<String ID="P180_ST00029" HPOS="692" VPOS="303" WIDTH="116" HEIGHT="31" CONTENT="wonder," WC="0.69" CC="0550064"/>
						<SP ID="P180_SP00024" HPOS="808" VPOS="342" WIDTH="10"/>
						<String ID="P180_ST00030" HPOS="818" VPOS="299" WIDTH="107" HEIGHT="32" CONTENT="indeed," WC="0.77" CC="5600004"/>
					</TextLine>
					<TextLine ID="P180_TL00006" HPOS="106" VPOS="361" WIDTH="819" HEIGHT="39">
						<String ID="P180_ST00031" HPOS="106" VPOS="365" WIDTH="62" HEIGHT="26" CONTENT="that" WC="0.49" CC="3653"/>
						<SP ID="P180_SP00025" HPOS="168" VPOS="391" WIDTH="14"/>
						<String ID="P180_ST00032" HPOS="182" VPOS="365" WIDTH="34" HEIGHT="26" CONTENT="he" WC="0.64" CC="70"/>
						<SP ID="P180_SP00026" HPOS="216" VPOS="391" WIDTH="14"/>
						<String ID="P180_ST00033" HPOS="230" VPOS="365" WIDTH="129" HEIGHT="27" CONTENT="deceived" WC="1.00" CC="00000000"/>
						<SP ID="P180_SP00027" HPOS="359" VPOS="392" WIDTH="13"/>
						<String ID="P180_ST00034" HPOS="372" VPOS="365" WIDTH="92" HEIGHT="26" CONTENT="others" WC="0.88" CC="007000"/>
						<SP ID="P180_SP00028" HPOS="464" VPOS="392" WIDTH="11"/>
						<String ID="P180_ST00035" HPOS="475" VPOS="375" WIDTH="6" HEIGHT="23" CONTENT=";" WC="0.30" CC="6"/>
						<SP ID="P180_SP00029" HPOS="481" VPOS="398" WIDTH="19"/>
						<String ID="P180_ST00036" HPOS="500" VPOS="364" WIDTH="163" HEIGHT="36" CONTENT="frequently," WC="0.78" CC="04007043003"/>
						<SP ID="P180_SP00030" HPOS="663" VPOS="400" WIDTH="13"/>
						<String ID="P180_ST00037" HPOS="676" VPOS="363" WIDTH="42" HEIGHT="27" CONTENT="for" WC="0.71" CC="142"/>
						<SP ID="P180_SP00031" HPOS="718" VPOS="400" WIDTH="11"/>
						<String ID="P180_ST00038" HPOS="729" VPOS="362" WIDTH="50" HEIGHT="27" CONTENT="the" WC="0.65" CC="370"/>
						<SP ID="P180_SP00032" HPOS="779" VPOS="400" WIDTH="14"/>
						<String ID="P180_ST00039" HPOS="793" VPOS="361" WIDTH="132" HEIGHT="30" CONTENT="moment," WC="0.79" CC="3100504"/>
					</TextLine>
					<TextLine ID="P180_TL00007" HPOS="105" VPOS="419" WIDTH="820" HEIGHT="32">
						<String ID="P180_ST00040" HPOS="105" VPOS="424" WIDTH="36" HEIGHT="26" CONTENT="he" WC="0.64" CC="70"/>
						<SP ID="P180_SP00033" HPOS="141" VPOS="450" WIDTH="20"/>
						<String ID="P180_ST00041" HPOS="161" VPOS="423" WIDTH="128" HEIGHT="28" CONTENT="deceived" WC="1.00" CC="00000000"/>
						<SP ID="P180_SP00034" HPOS="289" VPOS="451" WIDTH="20"/>
						<String ID="P180_ST00042" HPOS="309" VPOS="424" WIDTH="114" HEIGHT="26" CONTENT="himself." WC="0.78" CC="70020402"/>
						<SP ID="P180_SP00035" HPOS="423" VPOS="451" WIDTH="51"/>
						<String ID="P180_ST00043" HPOS="474" VPOS="423" WIDTH="40" HEIGHT="26" CONTENT="As" WC="0.92" CC="01"/>
						<SP ID="P180_SP00036" HPOS="514" VPOS="451" WIDTH="18"/>
						<String ID="P180_ST00044" HPOS="532" VPOS="423" WIDTH="48" HEIGHT="27" CONTENT="the" WC="0.71" CC="160"/>
						<SP ID="P180_SP00037" HPOS="580" VPOS="451" WIDTH="21"/>
						<String ID="P180_ST00045" HPOS="601" VPOS="422" WIDTH="95" HEIGHT="27" CONTENT="actor's" WC="0.91" CC="0040002"/>
						<SP ID="P180_SP00038" HPOS="696" VPOS="451" WIDTH="21"/>
						<String ID="P180_ST00046" HPOS="717" VPOS="419" WIDTH="101" HEIGHT="28" CONTENT="cheeks" WC="0.70" CC="070046"/>
						<SP ID="P180_SP00039" HPOS="818" VPOS="451" WIDTH="20"/>
						<String ID="P180_ST00047" HPOS="838" VPOS="427" WIDTH="87" HEIGHT="19" CONTENT="some" SUBS_TYPE="HypPart1" SUBS_CONTENT="sometimes" WC="0.79" CC="60011"/>
						<HYP CONTENT="-"/>
					</TextLine>
					<TextLine ID="P180_TL00008" HPOS="105" VPOS="477" WIDTH="818" HEIGHT="40">
						<String ID="P180_ST00048" HPOS="105" VPOS="482" WIDTH="82" HEIGHT="26" CONTENT="times" SUBS_TYPE="HypPart2" SUBS_CONTENT="sometimes" WC="0.76" CC="23005"/>
						<SP ID="P180_SP00040" HPOS="187" VPOS="508" WIDTH="19"/>
						<String ID="P180_ST00049" HPOS="206" VPOS="482" WIDTH="71" HEIGHT="26" CONTENT="flush" WC="0.47" CC="33657"/>
						<SP ID="P180_SP00041" HPOS="277" VPOS="508" WIDTH="20"/>
						<String ID="P180_ST00050" HPOS="297" VPOS="482" WIDTH="67" HEIGHT="26" CONTENT="with" WC="0.82" CC="0007"/>
						<SP ID="P180_SP00042" HPOS="364" VPOS="508" WIDTH="17"/>
						<String ID="P180_ST00051" HPOS="381" VPOS="482" WIDTH="57" HEIGHT="26" CONTENT="real" WC="0.92" CC="3000"/>
						<SP ID="P180_SP00043" HPOS="438" VPOS="508" WIDTH="13"/>
						<String ID="P180_ST00052" HPOS="451" VPOS="491" WIDTH="72" HEIGHT="26" CONTENT="rage," WC="0.85" CC="20004"/>
						<SP ID="P180_SP00044" HPOS="523" VPOS="517" WIDTH="15"/>
						<String ID="P180_ST00053" HPOS="538" VPOS="481" WIDTH="54" HEIGHT="26" CONTENT="and" WC="0.69" CC="270"/>
						<SP ID="P180_SP00045" HPOS="592" VPOS="517" WIDTH="14"/>
						<String ID="P180_ST00054" HPOS="606" VPOS="491" WIDTH="29" HEIGHT="16" CONTENT="as" WC="0.70" CC="06"/>
						<SP ID="P180_SP00046" HPOS="635" VPOS="517" WIDTH="13"/>
						<String ID="P180_ST00055" HPOS="648" VPOS="480" WIDTH="43" HEIGHT="27" CONTENT="his" WC="0.48" CC="743"/>
						<SP ID="P180_SP00047" HPOS="691" VPOS="517" WIDTH="14"/>
						<String ID="P180_ST00056" HPOS="705" VPOS="489" WIDTH="63" HEIGHT="26" CONTENT="eyes" WC="0.72" CC="3007"/>
						<SP ID="P180_SP00048" HPOS="768" VPOS="517" WIDTH="15"/>
						<String ID="P180_ST00057" HPOS="783" VPOS="478" WIDTH="68" HEIGHT="27" CONTENT="shed" WC="0.50" CC="6706"/>
						<SP ID="P180_SP00049" HPOS="851" VPOS="517" WIDTH="13"/>
						<String ID="P180_ST00058" HPOS="864" VPOS="477" WIDTH="59" HEIGHT="26" CONTENT="real" WC="0.73" CC="5005"/>
					</TextLine>
					<TextLine ID="P180_TL00009" HPOS="105" VPOS="535" WIDTH="819" HEIGHT="39">
						<String ID="P180_ST00059" HPOS="105" VPOS="542" WIDTH="78" HEIGHT="28" CONTENT="tears," WC="0.76" CC="400540"/>
						<SP ID="P180_SP00050" HPOS="183" VPOS="570" WIDTH="24"/>
						<String ID="P180_ST00060" HPOS="207" VPOS="549" WIDTH="29" HEIGHT="16" CONTENT="so" WC="0.69" CC="60"/>
						<SP ID="P180_SP00051" HPOS="236" VPOS="570" WIDTH="18"/>
						<String ID="P180_ST00061" HPOS="254" VPOS="539" WIDTH="121" HEIGHT="31" CONTENT="Restoni," WC="0.75" CC="70514010"/>
						<SP ID="P180_SP00052" HPOS="375" VPOS="570" WIDTH="15"/>
						<String ID="P180_ST00062" HPOS="390" VPOS="539" WIDTH="103" HEIGHT="26" CONTENT="carried" WC="0.89" CC="0040300"/>
						<SP ID="P180_SP00053" HPOS="493" VPOS="570" WIDTH="20"/>
						<String ID="P180_ST00063" HPOS="513" VPOS="548" WIDTH="76" HEIGHT="26" CONTENT="away" WC="0.83" CC="0600"/>
						<SP ID="P180_SP00054" HPOS="589" VPOS="574" WIDTH="17"/>
						<String ID="P180_ST00064" HPOS="606" VPOS="538" WIDTH="37" HEIGHT="36" CONTENT="by" WC="0.85" CC="20"/>
						<SP ID="P180_SP00055" HPOS="643" VPOS="574" WIDTH="17"/>
						<String ID="P180_ST00065" HPOS="660" VPOS="547" WIDTH="16" HEIGHT="17" CONTENT="a" WC="1.00" CC="0"/>
						<SP ID="P180_SP00056" HPOS="676" VPOS="574" WIDTH="17"/>
						<String ID="P180_ST00066" HPOS="693" VPOS="536" WIDTH="76" HEIGHT="28" CONTENT="vivid" WC="0.62" CC="92500"/>
						<SP ID="P180_SP00057" HPOS="769" VPOS="574" WIDTH="20"/>
						<String ID="P180_ST00067" HPOS="789" VPOS="535" WIDTH="135" HEIGHT="36" CONTENT="imagina" SUBS_TYPE="HypPart1" SUBS_CONTENT="imagination," WC="0.91" CC="00000600"/>
						<HYP CONTENT="-"/>
					</TextLine>
					<TextLine ID="P180_TL00010" HPOS="105" VPOS="592" WIDTH="820" HEIGHT="39">
						<String ID="P180_ST00068" HPOS="105" VPOS="596" WIDTH="66" HEIGHT="31" CONTENT="tion," SUBS_TYPE="HypPart2" SUBS_CONTENT="imagination," WC="0.58" CC="04374"/>
						<SP ID="P180_SP00058" HPOS="171" VPOS="627" WIDTH="14"/>
						<String ID="P180_ST00069" HPOS="185" VPOS="596" WIDTH="99" HEIGHT="27" CONTENT="almost" WC="0.77" CC="020064"/>
						<SP ID="P180_SP00059" HPOS="284" VPOS="627" WIDTH="19"/>
						<String ID="P180_ST00070" HPOS="303" VPOS="596" WIDTH="153" HEIGHT="35" CONTENT="persuaded" WC="0.88" CC="000720000"/>
						<SP ID="P180_SP00060" HPOS="456" VPOS="631" WIDTH="19"/>
						<String ID="P180_ST00071" HPOS="475" VPOS="596" WIDTH="114" HEIGHT="27" CONTENT="himself" WC="0.80" CC="7004000"/>
						<SP ID="P180_SP00061" HPOS="589" VPOS="631" WIDTH="15"/>
						<String ID="P180_ST00072" HPOS="604" VPOS="596" WIDTH="63" HEIGHT="26" CONTENT="that" WC="0.62" CC="4603"/>
						<SP ID="P180_SP00062" HPOS="667" VPOS="631" WIDTH="19"/>
						<String ID="P180_ST00073" HPOS="686" VPOS="596" WIDTH="78" HEIGHT="26" CONTENT="these" WC="0.66" CC="27070"/>
						<SP ID="P180_SP00063" HPOS="764" VPOS="631" WIDTH="14"/>
						<String ID="P180_ST00074" HPOS="778" VPOS="603" WIDTH="71" HEIGHT="18" CONTENT="were" WC="0.97" CC="0001"/>
						<SP ID="P180_SP00064" HPOS="849" VPOS="631" WIDTH="18"/>
						<String ID="P180_ST00075" HPOS="867" VPOS="592" WIDTH="58" HEIGHT="27" CONTENT="real" WC="0.90" CC="0004"/>
					</TextLine>
					<TextLine ID="P180_TL00011" HPOS="105" VPOS="651" WIDTH="819" HEIGHT="38">
						<String ID="P180_ST00076" HPOS="105" VPOS="662" WIDTH="105" HEIGHT="27" CONTENT="wrongs" WC="0.66" CC="050706"/>
						<SP ID="P180_SP00065" HPOS="210" VPOS="689" WIDTH="19"/>
						<String ID="P180_ST00077" HPOS="229" VPOS="654" WIDTH="62" HEIGHT="26" CONTENT="that" WC="0.82" CC="0700"/>
						<SP ID="P180_SP00066" HPOS="291" VPOS="689" WIDTH="19"/>
						<String ID="P180_ST00078" HPOS="310" VPOS="654" WIDTH="35" HEIGHT="26" CONTENT="he" WC="0.65" CC="70"/>
						<SP ID="P180_SP00067" HPOS="345" VPOS="689" WIDTH="20"/>
						<String ID="P180_ST00079" HPOS="365" VPOS="654" WIDTH="55" HEIGHT="26" CONTENT="had" WC="0.76" CC="700"/>
						<SP ID="P180_SP00068" HPOS="420" VPOS="689" WIDTH="20"/>
						<String ID="P180_ST00080" HPOS="440" VPOS="654" WIDTH="124" HEIGHT="26" CONTENT="suffered." WC="0.85" CC="570000000"/>
						<SP ID="P180_SP00069" HPOS="564" VPOS="689" WIDTH="39"/>
						<String ID="P180_ST00081" HPOS="603" VPOS="653" WIDTH="65" HEIGHT="27" CONTENT="And" WC="0.43" CC="970"/>
						<SP ID="P180_SP00070" HPOS="668" VPOS="689" WIDTH="14"/>
						<String ID="P180_ST00082" HPOS="682" VPOS="653" WIDTH="80" HEIGHT="26" CONTENT="when" WC="0.65" CC="0706"/>
						<SP ID="P180_SP00071" HPOS="762" VPOS="689" WIDTH="20"/>
						<String ID="P180_ST00083" HPOS="782" VPOS="652" WIDTH="36" HEIGHT="27" CONTENT="he" WC="0.63" CC="70"/>
						<SP ID="P180_SP00072" HPOS="818" VPOS="689" WIDTH="21"/>
						<String ID="P180_ST00084" HPOS="839" VPOS="651" WIDTH="85" HEIGHT="36" CONTENT="spoke" WC="0.95" CC="20000"/>
					</TextLine>
					<TextLine ID="P180_TL00012" HPOS="106" VPOS="710" WIDTH="819" HEIGHT="34">
						<String ID="P180_ST00085" HPOS="106" VPOS="712" WIDTH="29" HEIGHT="26" CONTENT="of" WC="1.00" CC="00"/>
						<SP ID="P180_SP00073" HPOS="135" VPOS="738" WIDTH="20"/>
						<String ID="P180_ST00086" HPOS="155" VPOS="712" WIDTH="49" HEIGHT="26" CONTENT="her" WC="0.58" CC="750"/>
						<SP ID="P180_SP00074" HPOS="204" VPOS="738" WIDTH="22"/>
						<String ID="P180_ST00087" HPOS="226" VPOS="712" WIDTH="100" HEIGHT="26" CONTENT="refusal" WC="0.77" CC="0003705"/>
						<SP ID="P180_SP00075" HPOS="326" VPOS="738" WIDTH="23"/>
						<String ID="P180_ST00088" HPOS="349" VPOS="716" WIDTH="28" HEIGHT="23" CONTENT="to" WC="0.67" CC="32"/>
						<SP ID="P180_SP00076" HPOS="377" VPOS="739" WIDTH="23"/>
						<String ID="P180_ST00089" HPOS="400" VPOS="712" WIDTH="72" HEIGHT="27" CONTENT="bless" WC="0.63" CC="60074"/>
						<SP ID="P180_SP00077" HPOS="472" VPOS="739" WIDTH="22"/>
						<String ID="P180_ST00090" HPOS="494" VPOS="712" WIDTH="67" HEIGHT="32" CONTENT="him," WC="0.63" CC="7114"/>
						<SP ID="P180_SP00078" HPOS="561" VPOS="744" WIDTH="21"/>
						<String ID="P180_ST00091" HPOS="582" VPOS="712" WIDTH="98" HEIGHT="32" CONTENT="which," WC="0.52" CC="960074"/>
						<SP ID="P180_SP00079" HPOS="680" VPOS="744" WIDTH="23"/>
						<String ID="P180_ST00092" HPOS="703" VPOS="721" WIDTH="30" HEIGHT="18" CONTENT="as" WC="0.89" CC="02"/>
						<SP ID="P180_SP00080" HPOS="733" VPOS="744" WIDTH="23"/>
						<String ID="P180_ST00093" HPOS="756" VPOS="711" WIDTH="48" HEIGHT="27" CONTENT="the" WC="0.68" CC="270"/>
						<SP ID="P180_SP00081" HPOS="804" VPOS="744" WIDTH="23"/>
						<String ID="P180_ST00094" HPOS="827" VPOS="710" WIDTH="98" HEIGHT="27" CONTENT="reader" WC="0.95" CC="300000"/>
					</TextLine>
					<TextLine ID="P180_TL00013" HPOS="105" VPOS="767" WIDTH="820" HEIGHT="39">
						<String ID="P180_ST00095" HPOS="105" VPOS="769" WIDTH="100" HEIGHT="32" CONTENT="knows," WC="0.54" CC="070954"/>
						<SP ID="P180_SP00082" HPOS="205" VPOS="801" WIDTH="15"/>
						<String ID="P180_ST00096" HPOS="220" VPOS="778" WIDTH="54" HEIGHT="17" CONTENT="was" WC="0.93" CC="002"/>
						<SP ID="P180_SP00083" HPOS="274" VPOS="801" WIDTH="19"/>
						<String ID="P180_ST00097" HPOS="293" VPOS="769" WIDTH="121" HEIGHT="27" CONTENT="founded" WC="0.66" CC="4666000"/>
						<SP ID="P180_SP00084" HPOS="414" VPOS="801" WIDTH="19"/>
						<String ID="P180_ST00098" HPOS="433" VPOS="779" WIDTH="75" HEIGHT="27" CONTENT="upon" WC="0.67" CC="3036"/>
						<SP ID="P180_SP00085" HPOS="508" VPOS="806" WIDTH="17"/>
						<String ID="P180_ST00099" HPOS="525" VPOS="770" WIDTH="62" HEIGHT="32" CONTENT="fact," WC="0.50" CC="59044"/>
						<SP ID="P180_SP00086" HPOS="587" VPOS="806" WIDTH="19"/>
						<String ID="P180_ST00100" HPOS="606" VPOS="770" WIDTH="35" HEIGHT="26" CONTENT="he" WC="0.63" CC="70"/>
						<SP ID="P180_SP00087" HPOS="641" VPOS="806" WIDTH="20"/>
						<String ID="P180_ST00101" HPOS="661" VPOS="770" WIDTH="79" HEIGHT="26" CONTENT="burst" WC="0.53" CC="74612"/>
						<SP ID="P180_SP00088" HPOS="740" VPOS="806" WIDTH="19"/>
						<String ID="P180_ST00102" HPOS="759" VPOS="769" WIDTH="59" HEIGHT="27" CONTENT="into" WC="0.86" CC="0500"/>
						<SP ID="P180_SP00089" HPOS="818" VPOS="806" WIDTH="15"/>
						<String ID="P180_ST00103" HPOS="833" VPOS="778" WIDTH="16" HEIGHT="17" CONTENT="a" WC="1.00" CC="0"/>
						<SP ID="P180_SP00090" HPOS="849" VPOS="806" WIDTH="13"/>
						<String ID="P180_ST00104" HPOS="862" VPOS="767" WIDTH="63" HEIGHT="28" CONTENT="wail" WC="0.94" CC="0020"/>
					</TextLine>
					<TextLine ID="P180_TL00014" HPOS="105" VPOS="828" WIDTH="472" HEIGHT="34">
						<String ID="P180_ST00105" HPOS="105" VPOS="828" WIDTH="30" HEIGHT="26" CONTENT="of" WC="0.89" CC="02"/>
						<SP ID="P180_SP00091" HPOS="135" VPOS="854" WIDTH="9"/>
						<String ID="P180_ST00106" HPOS="144" VPOS="828" WIDTH="119" HEIGHT="34" CONTENT="genuine" WC="0.55" CC="9086070"/>
						<SP ID="P180_SP00092" HPOS="263" VPOS="862" WIDTH="14"/>
						<String ID="P180_ST00107" HPOS="277" VPOS="828" WIDTH="55" HEIGHT="26" CONTENT="and" WC="0.78" CC="060"/>
						<SP ID="P180_SP00093" HPOS="332" VPOS="862" WIDTH="14"/>
						<String ID="P180_ST00108" HPOS="346" VPOS="828" WIDTH="83" HEIGHT="27" CONTENT="child-" WC="0.78" CC="074000"/>
						<String ID="P180_ST00109" HPOS="431" VPOS="829" WIDTH="56" HEIGHT="26" CONTENT="like" WC="1.00" CC="0000"/>
						<SP ID="P180_SP00094" HPOS="487" VPOS="862" WIDTH="14"/>
						<String ID="P180_ST00110" HPOS="501" VPOS="829" WIDTH="76" HEIGHT="33" CONTENT="grief." WC="0.83" CC="050040"/>
					</TextLine>
				</TextBlock>
				<TextBlock ID="P180_TB00004" HPOS="98" VPOS="884" WIDTH="824" HEIGHT="670" STYLEREFS="TXT_1 PAR_LEFT">
					<TextLine ID="P180_TL00015" HPOS="141" VPOS="885" WIDTH="781" HEIGHT="37">
						<String ID="P180_ST00111" HPOS="141" VPOS="885" WIDTH="100" HEIGHT="32" CONTENT="Lorini," WC="0.73" CC="6120700"/>
						<SP ID="P180_SP00095" HPOS="241" VPOS="917" WIDTH="14"/>
						<String ID="P180_ST00112" HPOS="255" VPOS="886" WIDTH="60" HEIGHT="26" CONTENT="who" WC="0.53" CC="076"/>
						<SP ID="P180_SP00096" HPOS="315" VPOS="917" WIDTH="20"/>
						<String ID="P180_ST00113" HPOS="335" VPOS="887" WIDTH="55" HEIGHT="26" CONTENT="had" WC="0.77" CC="600"/>
						<SP ID="P180_SP00097" HPOS="390" VPOS="917" WIDTH="14"/>
						<String ID="P180_ST00114" HPOS="404" VPOS="887" WIDTH="91" HEIGHT="35" CONTENT="begun" WC="0.70" CC="00077"/>
						<SP ID="P180_SP00098" HPOS="495" VPOS="922" WIDTH="17"/>
						<String ID="P180_ST00115" HPOS="512" VPOS="891" WIDTH="29" HEIGHT="22" CONTENT="to" WC="1.00" CC="00"/>
						<SP ID="P180_SP00099" HPOS="541" VPOS="922" WIDTH="17"/>
						<String ID="P180_ST00116" HPOS="558" VPOS="887" WIDTH="84" HEIGHT="26" CONTENT="listen" WC="0.65" CC="050807"/>
						<SP ID="P180_SP00100" HPOS="642" VPOS="922" WIDTH="17"/>
						<String ID="P180_ST00117" HPOS="659" VPOS="887" WIDTH="68" HEIGHT="27" CONTENT="with" WC="0.36" CC="9257"/>
						<SP ID="P180_SP00101" HPOS="727" VPOS="922" WIDTH="20"/>
						<String ID="P180_ST00118" HPOS="747" VPOS="886" WIDTH="175" HEIGHT="36" CONTENT="incredulity," WC="0.83" CC="070000600500"/>
					</TextLine>
					<TextLine ID="P180_TL00016" HPOS="103" VPOS="944" WIDTH="819" HEIGHT="36">
						<String ID="P180_ST00119" HPOS="103" VPOS="944" WIDTH="55" HEIGHT="27" CONTENT="and" WC="0.77" CC="060"/>
						<SP ID="P180_SP00102" HPOS="158" VPOS="971" WIDTH="20"/>
						<String ID="P180_ST00120" HPOS="178" VPOS="944" WIDTH="64" HEIGHT="36" CONTENT="only" WC="0.83" CC="0600"/>
						<SP ID="P180_SP00103" HPOS="242" VPOS="980" WIDTH="18"/>
						<String ID="P180_ST00121" HPOS="260" VPOS="944" WIDTH="30" HEIGHT="27" CONTENT="in" WC="0.64" CC="07"/>
						<SP ID="P180_SP00104" HPOS="290" VPOS="980" WIDTH="20"/>
						<String ID="P180_ST00122" HPOS="310" VPOS="944" WIDTH="77" HEIGHT="27" CONTENT="order" WC="0.99" CC="00000"/>
						<SP ID="P180_SP00105" HPOS="387" VPOS="980" WIDTH="19"/>
						<String ID="P180_ST00123" HPOS="406" VPOS="949" WIDTH="29" HEIGHT="22" CONTENT="to" WC="0.57" CC="35"/>
						<SP ID="P180_SP00106" HPOS="435" VPOS="980" WIDTH="20"/>
						<String ID="P180_ST00124" HPOS="455" VPOS="945" WIDTH="34" HEIGHT="26" CONTENT="be" WC="0.82" CC="30"/>
						<SP ID="P180_SP00107" HPOS="489" VPOS="980" WIDTH="20"/>
						<String ID="P180_ST00125" HPOS="509" VPOS="945" WIDTH="121" HEIGHT="32" CONTENT="amused," WC="0.83" CC="0007004"/>
						<SP ID="P180_SP00108" HPOS="630" VPOS="980" WIDTH="21"/>
						<String ID="P180_ST00126" HPOS="651" VPOS="945" WIDTH="50" HEIGHT="26" CONTENT="felt" WC="0.78" CC="1007"/>
						<SP ID="P180_SP00109" HPOS="701" VPOS="980" WIDTH="19"/>
						<String ID="P180_ST00127" HPOS="720" VPOS="954" WIDTH="63" HEIGHT="17" CONTENT="sure" WC="0.57" CC="4660"/>
						<SP ID="P180_SP00110" HPOS="783" VPOS="980" WIDTH="20"/>
						<String ID="P180_ST00128" HPOS="803" VPOS="944" WIDTH="62" HEIGHT="27" CONTENT="that" WC="0.45" CC="4736"/>
						<SP ID="P180_SP00111" HPOS="865" VPOS="980" WIDTH="20"/>
						<String ID="P180_ST00129" HPOS="885" VPOS="944" WIDTH="37" HEIGHT="27" CONTENT="he" WC="0.67" CC="60"/>
					</TextLine>
					<TextLine ID="P180_TL00017" HPOS="103" VPOS="1002" WIDTH="819" HEIGHT="36">
						<String ID="P180_ST00130" HPOS="103" VPOS="1002" WIDTH="55" HEIGHT="26" CONTENT="had" WC="0.45" CC="708"/>
						<SP ID="P180_SP00112" HPOS="158" VPOS="1028" WIDTH="10"/>
						<String ID="P180_ST00131" HPOS="168" VPOS="1002" WIDTH="70" HEIGHT="27" CONTENT="been" WC="0.64" CC="6006"/>
						<SP ID="P180_SP00113" HPOS="238" VPOS="1029" WIDTH="9"/>
						<String ID="P180_ST00132" HPOS="247" VPOS="1002" WIDTH="29" HEIGHT="26" CONTENT="in" WC="0.75" CC="05"/>
						<SP ID="P180_SP00114" HPOS="276" VPOS="1029" WIDTH="11"/>
						<String ID="P180_ST00133" HPOS="287" VPOS="1012" WIDTH="73" HEIGHT="17" CONTENT="some" WC="0.70" CC="6500"/>
						<SP ID="P180_SP00115" HPOS="360" VPOS="1029" WIDTH="9"/>
						<String ID="P180_ST00134" HPOS="369" VPOS="1012" WIDTH="59" HEIGHT="26" CONTENT="way" WC="1.00" CC="000"/>
						<SP ID="P180_SP00116" HPOS="428" VPOS="1038" WIDTH="9"/>
						<String ID="P180_ST00135" HPOS="437" VPOS="1003" WIDTH="84" HEIGHT="35" CONTENT="badly" WC="0.88" CC="60000"/>
						<SP ID="P180_SP00117" HPOS="521" VPOS="1038" WIDTH="8"/>
						<String ID="P180_ST00136" HPOS="529" VPOS="1002" WIDTH="113" HEIGHT="27" CONTENT="treated." WC="0.96" CC="03000000"/>
						<SP ID="P180_SP00118" HPOS="642" VPOS="1038" WIDTH="21"/>
						<String ID="P180_ST00137" HPOS="663" VPOS="1003" WIDTH="78" HEIGHT="35" CONTENT="They" WC="0.82" CC="0700"/>
						<SP ID="P180_SP00119" HPOS="741" VPOS="1038" WIDTH="10"/>
						<String ID="P180_ST00138" HPOS="751" VPOS="1003" WIDTH="90" HEIGHT="35" CONTENT="might" WC="0.67" CC="70062"/>
						<SP ID="P180_SP00120" HPOS="841" VPOS="1038" WIDTH="10"/>
						<String ID="P180_ST00139" HPOS="851" VPOS="1003" WIDTH="71" HEIGHT="26" CONTENT="have" WC="0.57" CC="7090"/>
					</TextLine>
					<TextLine ID="P180_TL00018" HPOS="102" VPOS="1060" WIDTH="820" HEIGHT="36">
						<String ID="P180_ST00140" HPOS="102" VPOS="1060" WIDTH="81" HEIGHT="35" CONTENT="given" WC="0.73" CC="05007"/>
						<SP ID="P180_SP00121" HPOS="183" VPOS="1095" WIDTH="20"/>
						<String ID="P180_ST00141" HPOS="203" VPOS="1060" WIDTH="57" HEIGHT="27" CONTENT="him" WC="0.68" CC="702"/>
						<SP ID="P180_SP00122" HPOS="260" VPOS="1095" WIDTH="21"/>
						<String ID="P180_ST00142" HPOS="281" VPOS="1071" WIDTH="74" HEIGHT="16" CONTENT="more" WC="0.83" CC="0330"/>
						<SP ID="P180_SP00123" HPOS="355" VPOS="1095" WIDTH="14"/>
						<String ID="P180_ST00143" HPOS="369" VPOS="1071" WIDTH="100" HEIGHT="25" CONTENT="money" WC="0.88" CC="01400"/>
						<SP ID="P180_SP00124" HPOS="469" VPOS="1096" WIDTH="12"/>
						<String ID="P180_ST00144" HPOS="481" VPOS="1061" WIDTH="69" HEIGHT="26" CONTENT="than" WC="0.59" CC="2606"/>
						<SP ID="P180_SP00125" HPOS="550" VPOS="1096" WIDTH="13"/>
						<String ID="P180_ST00145" HPOS="563" VPOS="1060" WIDTH="56" HEIGHT="27" CONTENT="this" WC="0.52" CC="4733"/>
						<SP ID="P180_SP00126" HPOS="619" VPOS="1096" WIDTH="13"/>
						<String ID="P180_ST00146" HPOS="632" VPOS="1060" WIDTH="145" HEIGHT="27" CONTENT="miserable" WC="0.83" CC="000010750"/>
						<SP ID="P180_SP00127" HPOS="777" VPOS="1096" WIDTH="19"/>
						<String ID="P180_ST00147" HPOS="796" VPOS="1060" WIDTH="126" HEIGHT="27" CONTENT="hundred" WC="0.73" CC="7460000"/>
					</TextLine>
					<TextLine ID="P180_TL00019" HPOS="102" VPOS="1118" WIDTH="820" HEIGHT="36">
						<String ID="P180_ST00148" HPOS="102" VPOS="1118" WIDTH="106" HEIGHT="35" CONTENT="pounds" WC="0.70" CC="036502"/>
						<SP ID="P180_SP00128" HPOS="208" VPOS="1153" WIDTH="13"/>
						<String ID="P180_ST00149" HPOS="221" VPOS="1129" WIDTH="6" HEIGHT="23" CONTENT=";" WC="0.55" CC="4"/>
						<SP ID="P180_SP00129" HPOS="227" VPOS="1153" WIDTH="20"/>
						<String ID="P180_ST00150" HPOS="247" VPOS="1119" WIDTH="35" HEIGHT="26" CONTENT="he" WC="0.70" CC="50"/>
						<SP ID="P180_SP00130" HPOS="282" VPOS="1153" WIDTH="20"/>
						<String ID="P180_ST00151" HPOS="302" VPOS="1119" WIDTH="90" HEIGHT="34" CONTENT="might" WC="0.80" CC="00072"/>
						<SP ID="P180_SP00131" HPOS="392" VPOS="1153" WIDTH="20"/>
						<String ID="P180_ST00152" HPOS="412" VPOS="1119" WIDTH="69" HEIGHT="26" CONTENT="have" WC="0.82" CC="7000"/>
						<SP ID="P180_SP00132" HPOS="481" VPOS="1153" WIDTH="21"/>
						<String ID="P180_ST00153" HPOS="502" VPOS="1119" WIDTH="183" HEIGHT="35" CONTENT="exaggerated" WC="0.83" CC="00700050600"/>
						<SP ID="P180_SP00133" HPOS="685" VPOS="1154" WIDTH="17"/>
						<String ID="P180_ST00154" HPOS="702" VPOS="1119" WIDTH="75" HEIGHT="27" CONTENT="their" WC="0.56" CC="57035"/>
						<SP ID="P180_SP00134" HPOS="777" VPOS="1154" WIDTH="23"/>
						<String ID="P180_ST00155" HPOS="800" VPOS="1119" WIDTH="122" HEIGHT="27" CONTENT="coldness" WC="0.72" CC="04305042"/>
					</TextLine>
					<TextLine ID="P180_TL00020" HPOS="103" VPOS="1176" WIDTH="818" HEIGHT="37">
						<String ID="P180_ST00156" HPOS="103" VPOS="1176" WIDTH="55" HEIGHT="27" CONTENT="and" WC="0.59" CC="660"/>
						<SP ID="P180_SP00135" HPOS="158" VPOS="1203" WIDTH="17"/>
						<String ID="P180_ST00157" HPOS="175" VPOS="1176" WIDTH="140" HEIGHT="35" CONTENT="barbarity" WC="0.71" CC="601503330"/>
						<String ID="P180_ST00158" HPOS="326" VPOS="1187" WIDTH="6" HEIGHT="22" CONTENT=";" WC="0.94" CC="0"/>
						<SP ID="P180_SP00136" HPOS="332" VPOS="1211" WIDTH="19"/>
						<String ID="P180_ST00159" HPOS="351" VPOS="1177" WIDTH="51" HEIGHT="26" CONTENT="but" WC="0.66" CC="450"/>
						<SP ID="P180_SP00137" HPOS="402" VPOS="1211" WIDTH="13"/>
						<String ID="P180_ST00160" HPOS="415" VPOS="1177" WIDTH="56" HEIGHT="26" CONTENT="still" WC="0.66" CC="54006"/>
						<SP ID="P180_SP00138" HPOS="471" VPOS="1211" WIDTH="13"/>
						<String ID="P180_ST00161" HPOS="484" VPOS="1177" WIDTH="65" HEIGHT="27" CONTENT="here" WC="0.64" CC="6051"/>
						<SP ID="P180_SP00139" HPOS="549" VPOS="1211" WIDTH="15"/>
						<String ID="P180_ST00162" HPOS="564" VPOS="1187" WIDTH="54" HEIGHT="17" CONTENT="was" WC="0.88" CC="003"/>
						<SP ID="P180_SP00140" HPOS="618" VPOS="1211" WIDTH="13"/>
						<String ID="P180_ST00163" HPOS="631" VPOS="1187" WIDTH="16" HEIGHT="16" CONTENT="a" WC="1.00" CC="0"/>
						<SP ID="P180_SP00141" HPOS="647" VPOS="1211" WIDTH="13"/>
						<String ID="P180_ST00164" HPOS="660" VPOS="1178" WIDTH="87" HEIGHT="35" CONTENT="living" WC="0.54" CC="149460"/>
						<SP ID="P180_SP00142" HPOS="747" VPOS="1213" WIDTH="13"/>
						<String ID="P180_ST00165" HPOS="760" VPOS="1178" WIDTH="55" HEIGHT="26" CONTENT="fact" WC="0.94" CC="0002"/>
						<SP ID="P180_SP00143" HPOS="815" VPOS="1213" WIDTH="13"/>
						<String ID="P180_ST00166" HPOS="828" VPOS="1178" WIDTH="93" HEIGHT="27" CONTENT="before" WC="0.78" CC="700220"/>
					</TextLine>
					<TextLine ID="P180_TL00021" HPOS="102" VPOS="1233" WIDTH="819" HEIGHT="36">
						<String ID="P180_ST00167" HPOS="102" VPOS="1233" WIDTH="43" HEIGHT="26" CONTENT="his" WC="0.58" CC="704"/>
						<SP ID="P180_SP00144" HPOS="145" VPOS="1259" WIDTH="14"/>
						<String ID="P180_ST00168" HPOS="159" VPOS="1243" WIDTH="68" HEIGHT="26" CONTENT="eyes." WC="0.96" CC="00010"/>
						<SP ID="P180_SP00145" HPOS="227" VPOS="1269" WIDTH="40"/>
						<String ID="P180_ST00169" HPOS="267" VPOS="1235" WIDTH="75" HEIGHT="26" CONTENT="Here" WC="0.80" CC="7000"/>
						<SP ID="P180_SP00146" HPOS="342" VPOS="1269" WIDTH="14"/>
						<String ID="P180_ST00170" HPOS="356" VPOS="1244" WIDTH="53" HEIGHT="17" CONTENT="was" WC="0.76" CC="007"/>
						<SP ID="P180_SP00147" HPOS="409" VPOS="1269" WIDTH="14"/>
						<String ID="P180_ST00171" HPOS="423" VPOS="1236" WIDTH="48" HEIGHT="25" CONTENT="the" WC="0.58" CC="570"/>
						<SP ID="P180_SP00148" HPOS="471" VPOS="1269" WIDTH="14"/>
						<String ID="P180_ST00172" HPOS="485" VPOS="1236" WIDTH="145" HEIGHT="26" CONTENT="miserable" WC="0.85" CC="005000700"/>
						<SP ID="P180_SP00149" HPOS="630" VPOS="1269" WIDTH="13"/>
						<String ID="P180_ST00173" HPOS="643" VPOS="1239" WIDTH="131" HEIGHT="28" CONTENT="creature," WC="0.90" CC="000000404"/>
						<SP ID="P180_SP00150" HPOS="774" VPOS="1269" WIDTH="15"/>
						<String ID="P180_ST00174" HPOS="789" VPOS="1236" WIDTH="132" HEIGHT="33" CONTENT="diseased," WC="0.83" CC="005006003"/>
					</TextLine>
					<TextLine ID="P180_TL00022" HPOS="102" VPOS="1292" WIDTH="819" HEIGHT="38">
						<String ID="P180_ST00175" HPOS="102" VPOS="1292" WIDTH="117" HEIGHT="35" CONTENT="perhaps" WC="0.65" CC="0057605"/>
						<SP ID="P180_SP00151" HPOS="219" VPOS="1327" WIDTH="24"/>
						<String ID="P180_ST00176" HPOS="243" VPOS="1292" WIDTH="89" HEIGHT="35" CONTENT="dying," WC="0.88" CC="000700"/>
						<SP ID="P180_SP00152" HPOS="332" VPOS="1327" WIDTH="22"/>
						<String ID="P180_ST00177" HPOS="354" VPOS="1292" WIDTH="67" HEIGHT="27" CONTENT="with" WC="0.81" CC="0007"/>
						<SP ID="P180_SP00153" HPOS="421" VPOS="1327" WIDTH="21"/>
						<String ID="P180_ST00178" HPOS="442" VPOS="1303" WIDTH="36" HEIGHT="16" CONTENT="no" WC="0.69" CC="60"/>
						<SP ID="P180_SP00154" HPOS="478" VPOS="1327" WIDTH="22"/>
						<String ID="P180_ST00179" HPOS="500" VPOS="1293" WIDTH="64" HEIGHT="26" CONTENT="food" WC="0.76" CC="0450"/>
						<SP ID="P180_SP00155" HPOS="564" VPOS="1327" WIDTH="20"/>
						<String ID="P180_ST00180" HPOS="584" VPOS="1294" WIDTH="29" HEIGHT="26" CONTENT="in" WC="0.63" CC="07"/>
						<SP ID="P180_SP00156" HPOS="613" VPOS="1327" WIDTH="22"/>
						<String ID="P180_ST00181" HPOS="635" VPOS="1294" WIDTH="44" HEIGHT="26" CONTENT="his" WC="0.69" CC="720"/>
						<SP ID="P180_SP00157" HPOS="679" VPOS="1327" WIDTH="22"/>
						<String ID="P180_ST00182" HPOS="701" VPOS="1294" WIDTH="78" HEIGHT="36" CONTENT="body," WC="0.60" CC="70092"/>
						<SP ID="P180_SP00158" HPOS="779" VPOS="1330" WIDTH="28"/>
						<String ID="P180_ST00183" HPOS="807" VPOS="1295" WIDTH="55" HEIGHT="26" CONTENT="and" WC="0.69" CC="090"/>
						<SP ID="P180_SP00159" HPOS="862" VPOS="1330" WIDTH="22"/>
						<String ID="P180_ST00184" HPOS="884" VPOS="1305" WIDTH="37" HEIGHT="17" CONTENT="no" WC="0.73" CC="50"/>
					</TextLine>
					<TextLine ID="P180_TL00023" HPOS="103" VPOS="1350" WIDTH="817" HEIGHT="36">
						<String ID="P180_ST00185" HPOS="103" VPOS="1350" WIDTH="102" HEIGHT="26" CONTENT="clothes" WC="0.63" CC="0404636"/>
						<SP ID="P180_SP00160" HPOS="205" VPOS="1376" WIDTH="14"/>
						<String ID="P180_ST00186" HPOS="219" VPOS="1359" WIDTH="74" HEIGHT="26" CONTENT="upon" WC="0.61" CC="5027"/>
						<SP ID="P180_SP00161" HPOS="293" VPOS="1385" WIDTH="13"/>
						<String ID="P180_ST00187" HPOS="306" VPOS="1350" WIDTH="42" HEIGHT="26" CONTENT="his" WC="0.40" CC="547"/>
						<SP ID="P180_SP00162" HPOS="348" VPOS="1385" WIDTH="14"/>
						<String ID="P180_ST00188" HPOS="362" VPOS="1351" WIDTH="76" HEIGHT="26" CONTENT="back." WC="0.86" CC="70000"/>
						<SP ID="P180_SP00163" HPOS="438" VPOS="1385" WIDTH="39"/>
						<String ID="P180_ST00189" HPOS="477" VPOS="1351" WIDTH="94" HEIGHT="26" CONTENT="Lorini" WC="0.69" CC="505050"/>
						<SP ID="P180_SP00164" HPOS="571" VPOS="1385" WIDTH="13"/>
						<String ID="P180_ST00190" HPOS="584" VPOS="1352" WIDTH="138" HEIGHT="34" CONTENT="promised" WC="0.71" CC="02094600"/>
						<SP ID="P180_SP00165" HPOS="722" VPOS="1386" WIDTH="13"/>
						<String ID="P180_ST00191" HPOS="735" VPOS="1352" WIDTH="59" HEIGHT="28" CONTENT="him" WC="0.75" CC="700"/>
						<SP ID="P180_SP00166" HPOS="794" VPOS="1386" WIDTH="14"/>
						<String ID="P180_ST00192" HPOS="808" VPOS="1363" WIDTH="16" HEIGHT="17" CONTENT="a" WC="1.00" CC="0"/>
						<SP ID="P180_SP00167" HPOS="824" VPOS="1386" WIDTH="13"/>
						<String ID="P180_ST00193" HPOS="837" VPOS="1354" WIDTH="83" HEIGHT="27" CONTENT="home" WC="0.81" CC="7000"/>
					</TextLine>
					<TextLine ID="P180_TL00024" HPOS="101" VPOS="1407" WIDTH="818" HEIGHT="37">
						<String ID="P180_ST00194" HPOS="101" VPOS="1417" WIDTH="30" HEIGHT="18" CONTENT="as" WC="0.72" CC="05"/>
						<SP ID="P180_SP00168" HPOS="131" VPOS="1435" WIDTH="22"/>
						<String ID="P180_ST00195" HPOS="153" VPOS="1407" WIDTH="64" HEIGHT="35" CONTENT="long" WC="0.74" CC="2070"/>
						<SP ID="P180_SP00169" HPOS="217" VPOS="1442" WIDTH="21"/>
						<String ID="P180_ST00196" HPOS="238" VPOS="1417" WIDTH="28" HEIGHT="17" CONTENT="as" WC="0.75" CC="05"/>
						<SP ID="P180_SP00170" HPOS="266" VPOS="1442" WIDTH="22"/>
						<String ID="P180_ST00197" HPOS="288" VPOS="1407" WIDTH="36" HEIGHT="27" CONTENT="he" WC="0.63" CC="70"/>
						<SP ID="P180_SP00171" HPOS="324" VPOS="1442" WIDTH="22"/>
						<String ID="P180_ST00198" HPOS="346" VPOS="1407" WIDTH="55" HEIGHT="27" CONTENT="had" WC="0.76" CC="700"/>
						<SP ID="P180_SP00172" HPOS="401" VPOS="1442" WIDTH="23"/>
						<String ID="P180_ST00199" HPOS="424" VPOS="1417" WIDTH="51" HEIGHT="18" CONTENT="one" WC="0.67" CC="270"/>
						<SP ID="P180_SP00173" HPOS="475" VPOS="1442" WIDTH="20"/>
						<String ID="P180_ST00200" HPOS="495" VPOS="1412" WIDTH="29" HEIGHT="23" CONTENT="to" WC="0.57" CC="35"/>
						<SP ID="P180_SP00174" HPOS="524" VPOS="1442" WIDTH="19"/>
						<String ID="P180_ST00201" HPOS="543" VPOS="1408" WIDTH="63" HEIGHT="36" CONTENT="give" WC="0.82" CC="0060"/>
						<SP ID="P180_SP00175" HPOS="606" VPOS="1444" WIDTH="19"/>
						<String ID="P180_ST00202" HPOS="625" VPOS="1409" WIDTH="66" HEIGHT="28" CONTENT="him." WC="0.65" CC="7303"/>
						<SP ID="P180_SP00176" HPOS="691" VPOS="1444" WIDTH="41"/>
						<String ID="P180_ST00203" HPOS="732" VPOS="1410" WIDTH="47" HEIGHT="27" CONTENT="He" WC="0.66" CC="60"/>
						<SP ID="P180_SP00177" HPOS="779" VPOS="1444" WIDTH="23"/>
						<String ID="P180_ST00204" HPOS="802" VPOS="1411" WIDTH="48" HEIGHT="27" CONTENT="did" WC="0.65" CC="307"/>
						<SP ID="P180_SP00178" HPOS="850" VPOS="1444" WIDTH="19"/>
						<String ID="P180_ST00205" HPOS="869" VPOS="1415" WIDTH="50" HEIGHT="24" CONTENT="not" WC="0.67" CC="620"/>
					</TextLine>
					<TextLine ID="P180_TL00025" HPOS="99" VPOS="1467" WIDTH="820" HEIGHT="37">
						<String ID="P180_ST00206" HPOS="99" VPOS="1467" WIDTH="86" HEIGHT="35" CONTENT="judge" WC="0.93" CC="03000"/>
						<SP ID="P180_SP00179" HPOS="185" VPOS="1502" WIDTH="14"/>
						<String ID="P180_ST00207" HPOS="199" VPOS="1476" WIDTH="16" HEIGHT="17" CONTENT="a" WC="0.47" CC="5"/>
						<SP ID="P180_SP00180" HPOS="215" VPOS="1502" WIDTH="12"/>
						<String ID="P180_ST00208" HPOS="227" VPOS="1467" WIDTH="98" HEIGHT="26" CONTENT="ruined" WC="0.71" CC="431700"/>
						<SP ID="P180_SP00181" HPOS="325" VPOS="1502" WIDTH="12"/>
						<String ID="P180_ST00209" HPOS="337" VPOS="1467" WIDTH="125" HEIGHT="34" CONTENT="gambler" WC="0.73" CC="0007505"/>
						<SP ID="P180_SP00182" HPOS="462" VPOS="1502" WIDTH="13"/>
						<String ID="P180_ST00210" HPOS="475" VPOS="1476" WIDTH="28" HEIGHT="17" CONTENT="so" WC="0.89" CC="20"/>
						<SP ID="P180_SP00183" HPOS="503" VPOS="1502" WIDTH="14"/>
						<String ID="P180_ST00211" HPOS="517" VPOS="1468" WIDTH="113" HEIGHT="36" CONTENT="harshly" WC="0.47" CC="7035739"/>
						<SP ID="P180_SP00184" HPOS="630" VPOS="1504" WIDTH="14"/>
						<String ID="P180_ST00212" HPOS="644" VPOS="1478" WIDTH="30" HEIGHT="18" CONTENT="as" WC="0.75" CC="05"/>
						<SP ID="P180_SP00185" HPOS="674" VPOS="1504" WIDTH="17"/>
						<String ID="P180_ST00213" HPOS="691" VPOS="1468" WIDTH="35" HEIGHT="28" CONTENT="he" WC="0.63" CC="70"/>
						<SP ID="P180_SP00186" HPOS="726" VPOS="1504" WIDTH="14"/>
						<String ID="P180_ST00214" HPOS="740" VPOS="1470" WIDTH="90" HEIGHT="27" CONTENT="would" WC="0.64" CC="01708"/>
						<SP ID="P180_SP00187" HPOS="830" VPOS="1504" WIDTH="18"/>
						<String ID="P180_ST00215" HPOS="848" VPOS="1471" WIDTH="71" HEIGHT="27" CONTENT="have" WC="0.75" CC="6003"/>
					</TextLine>
					<TextLine ID="P180_TL00026" HPOS="103" VPOS="1525" WIDTH="815" HEIGHT="29">
						<String ID="P180_ST00216" HPOS="103" VPOS="1525" WIDTH="70" HEIGHT="27" CONTENT="done" WC="0.44" CC="7660"/>
						<SP ID="P180_SP00188" HPOS="173" VPOS="1552" WIDTH="21"/>
						<String ID="P180_ST00217" HPOS="194" VPOS="1534" WIDTH="16" HEIGHT="18" CONTENT="a" WC="0.39" CC="6"/>
						<SP ID="P180_SP00189" HPOS="210" VPOS="1552" WIDTH="22"/>
						<String ID="P180_ST00218" HPOS="232" VPOS="1525" WIDTH="195" HEIGHT="27" CONTENT="twelvemonth" WC="0.82" CC="40000001507"/>
						<SP ID="P180_SP00190" HPOS="427" VPOS="1552" WIDTH="22"/>
						<String ID="P180_ST00219" HPOS="449" VPOS="1525" WIDTH="98" HEIGHT="28" CONTENT="before." WC="0.76" CC="7013300"/>
						<SP ID="P180_SP00191" HPOS="547" VPOS="1553" WIDTH="40"/>
						<String ID="P180_ST00220" HPOS="587" VPOS="1526" WIDTH="45" HEIGHT="28" CONTENT="He" WC="0.68" CC="60"/>
						<SP ID="P180_SP00192" HPOS="632" VPOS="1554" WIDTH="21"/>
						<String ID="P180_ST00221" HPOS="653" VPOS="1527" WIDTH="56" HEIGHT="27" CONTENT="had" WC="0.75" CC="700"/>
						<SP ID="P180_SP00193" HPOS="709" VPOS="1554" WIDTH="23"/>
						<String ID="P180_ST00222" HPOS="732" VPOS="1528" WIDTH="90" HEIGHT="26" CONTENT="learnt" WC="0.71" CC="030670"/>
						<SP ID="P180_SP00194" HPOS="822" VPOS="1554" WIDTH="27"/>
						<String ID="P180_ST00223" HPOS="849" VPOS="1529" WIDTH="69" HEIGHT="25" CONTENT="from" WC="0.36" CC="0699"/>
					</TextLine>
				</TextBlock>
			</PrintSpace>
		</Page>
	</Layout>
</alto>
