<?xml version="1.0" encoding="UTF-8"?>
<alto xmlns:xsi="http://www.w3.org/2001/XMLSchema-instance" xsi:noNamespaceSchemaLocation="http://www.bl.uk/schemas/alto/alto-1-4.xsd" xmlns:xlink="http://www.w3.org/1999/xlink">
	<Description>
		<MeasurementUnit>mm10</MeasurementUnit>
		<sourceImageInformation>
			<fileName>//head1/IN/2007-44/A0010858537.2/001799.jp2</fileName>
		</sourceImageInformation>
		<OCRProcessing ID="OCRPROCESSING_1">
			<preProcessingStep>
				<processingSoftware>
					<softwareCreator>CCS Content Conversion Specialists GmbH, Germany</softwareCreator>
					<softwareName>CCS docWORKS</softwareName>
					<softwareVersion>6.1-0.59</softwareVersion>
				</processingSoftware>
			</preProcessingStep>
			<ocrProcessingStep>
				<processingSoftware>
					<softwareCreator>ABBYY (BIT Software), Russia</softwareCreator>
					<softwareName>Finereader</softwareName>
				</processingSoftware>
			</ocrProcessingStep>
		</OCRProcessing>
	</Description>
	<Styles>
		<TextStyle ID="TXT_0" FONTSIZE="10" FONTFAMILY="Courier New"/>
		<TextStyle ID="TXT_1" FONTSIZE="9" FONTFAMILY="Courier New"/>
		<ParagraphStyle ID="PAR_RIGHT" ALIGN="Right"/>
		<ParagraphStyle ID="PAR_LEFT" ALIGN="Left"/>
	</Styles>
	<Layout>
		<Page ID="P21" PHYSICAL_IMG_NR="21" HEIGHT="1683" WIDTH="989" PRINTED_IMG_NR="13" POSITION="Right" ACCURACY="77.92">
			<TopMargin ID="P21_TM00001" HPOS="0" VPOS="0" WIDTH="988" HEIGHT="143">
				<TextBlock ID="P21_TB00001" HPOS="818" VPOS="117" WIDTH="33" HEIGHT="25" STYLEREFS="TXT_0 PAR_RIGHT">
					<TextLine ID="P21_TL00001" HPOS="821" VPOS="117" WIDTH="30" HEIGHT="25">
						<String ID="P21_ST00001" HPOS="821" VPOS="117" WIDTH="30" HEIGHT="25" CONTENT="13" WC="0.39" CC="56"/>
					</TextLine>
				</TextBlock>
				<TextBlock ID="P21_TB00002" HPOS="386" VPOS="121" WIDTH="130" HEIGHT="20" STYLEREFS="TXT_1 PAR_LEFT">
					<TextLine ID="P21_TL00002" HPOS="386" VPOS="122" WIDTH="130" HEIGHT="19">
						<String ID="P21_ST00002" HPOS="386" VPOS="122" WIDTH="130" HEIGHT="19" CONTENT="SEE-SAW." WC="0.99" CC="00000000"/>
					</TextLine>
				</TextBlock>
			</TopMargin>
			<LeftMargin ID="P21_LM00001" HPOS="0" VPOS="143" WIDTH="46" HEIGHT="1419"/>
			<RightMargin ID="P21_RM00001" HPOS="873" VPOS="143" WIDTH="115" HEIGHT="1419"/>
			<BottomMargin ID="P21_BM00001" HPOS="0" VPOS="1562" WIDTH="988" HEIGHT="121"/>
			<PrintSpace ID="P21_PS00001" HPOS="46" VPOS="143" WIDTH="827" HEIGHT="1419">
				<TextBlock ID="P21_TB00003" HPOS="46" VPOS="204" WIDTH="809" HEIGHT="150" STYLEREFS="TXT_1 PAR_LEFT">
					<TextLine ID="P21_TL00003" HPOS="84" VPOS="204" WIDTH="771" HEIGHT="36">
						<String ID="P21_ST00003" HPOS="84" VPOS="205" WIDTH="103" HEIGHT="26" CONTENT="Atkins" WC="0.83" CC="010160"/>
						<SP ID="P21_SP00001" HPOS="187" VPOS="231" WIDTH="20"/>
						<String ID="P21_ST00004" HPOS="207" VPOS="204" WIDTH="133" HEIGHT="36" CONTENT="supposed" WC="0.80" CC="07000008"/>
						<SP ID="P21_SP00002" HPOS="340" VPOS="240" WIDTH="19"/>
						<String ID="P21_ST00005" HPOS="359" VPOS="204" WIDTH="62" HEIGHT="27" CONTENT="that" WC="0.77" CC="0701"/>
						<SP ID="P21_SP00003" HPOS="421" VPOS="240" WIDTH="19"/>
						<String ID="P21_ST00006" HPOS="440" VPOS="205" WIDTH="46" HEIGHT="26" CONTENT="she" WC="0.94" CC="000"/>
						<SP ID="P21_SP00004" HPOS="486" VPOS="240" WIDTH="15"/>
						<String ID="P21_ST00007" HPOS="501" VPOS="214" WIDTH="52" HEIGHT="17" CONTENT="was" WC="0.92" CC="020"/>
						<SP ID="P21_SP00005" HPOS="553" VPOS="240" WIDTH="14"/>
						<String ID="P21_ST00008" HPOS="567" VPOS="205" WIDTH="121" HEIGHT="35" CONTENT="alluding" WC="0.72" CC="04150370"/>
						<SP ID="P21_SP00006" HPOS="688" VPOS="240" WIDTH="13"/>
						<String ID="P21_ST00009" HPOS="701" VPOS="209" WIDTH="28" HEIGHT="23" CONTENT="to" WC="0.89" CC="20"/>
						<SP ID="P21_SP00007" HPOS="729" VPOS="240" WIDTH="14"/>
						<String ID="P21_ST00010" HPOS="743" VPOS="207" WIDTH="112" HEIGHT="26" CONTENT="another" WC="0.73" CC="0700703"/>
					</TextLine>
					<TextLine ID="P21_TL00004" HPOS="48" VPOS="262" WIDTH="807" HEIGHT="36">
						<String ID="P21_ST00011" HPOS="48" VPOS="262" WIDTH="94" HEIGHT="36" CONTENT="period" WC="0.83" CC="006300"/>
						<SP ID="P21_SP00008" HPOS="142" VPOS="298" WIDTH="14"/>
						<String ID="P21_ST00012" HPOS="156" VPOS="262" WIDTH="29" HEIGHT="27" CONTENT="of" WC="0.86" CC="20"/>
						<SP ID="P21_SP00009" HPOS="185" VPOS="298" WIDTH="15"/>
						<String ID="P21_ST00013" HPOS="200" VPOS="262" WIDTH="51" HEIGHT="27" CONTENT="her" WC="0.52" CC="706"/>
						<SP ID="P21_SP00010" HPOS="251" VPOS="298" WIDTH="9"/>
						<String ID="P21_ST00014" HPOS="260" VPOS="271" WIDTH="125" HEIGHT="18" CONTENT="reverses." WC="0.94" CC="000030011"/>
						<SP ID="P21_SP00011" HPOS="385" VPOS="298" WIDTH="39"/>
						<String ID="P21_ST00015" HPOS="424" VPOS="265" WIDTH="14" HEIGHT="10" CONTENT='"' WC="1.00" CC="0"/>
						<SP ID="P21_SP00012" HPOS="438" VPOS="298" WIDTH="11"/>
						<String ID="P21_ST00016" HPOS="449" VPOS="262" WIDTH="56" HEIGHT="27" CONTENT="But" WC="0.64" CC="604"/>
						<SP ID="P21_SP00013" HPOS="505" VPOS="298" WIDTH="20"/>
						<String ID="P21_ST00017" HPOS="525" VPOS="262" WIDTH="48" HEIGHT="27" CONTENT="the" WC="0.75" CC="070"/>
						<SP ID="P21_SP00014" HPOS="573" VPOS="298" WIDTH="18"/>
						<String ID="P21_ST00018" HPOS="591" VPOS="266" WIDTH="97" HEIGHT="32" CONTENT="gentry" WC="0.69" CC="806020"/>
						<SP ID="P21_SP00015" HPOS="688" VPOS="298" WIDTH="19"/>
						<String ID="P21_ST00019" HPOS="707" VPOS="263" WIDTH="54" HEIGHT="27" CONTENT="and" WC="0.78" CC="060"/>
						<SP ID="P21_SP00016" HPOS="761" VPOS="298" WIDTH="20"/>
						<String ID="P21_ST00020" HPOS="781" VPOS="264" WIDTH="74" HEIGHT="26" CONTENT="nobi" SUBS_TYPE="HypPart1" SUBS_CONTENT='nobility?"' WC="0.77" CC="20710"/>
						<HYP CONTENT="-"/>
					</TextLine>
					<TextLine ID="P21_TL00005" HPOS="48" VPOS="319" WIDTH="237" HEIGHT="35">
						<String ID="P21_ST00021" HPOS="48" VPOS="320" WIDTH="87" HEIGHT="34" CONTENT='lity?"' SUBS_TYPE="HypPart2" SUBS_CONTENT='nobility?"' WC="0.81" CC="030061"/>
						<SP ID="P21_SP00017" HPOS="135" VPOS="354" WIDTH="15"/>
						<String ID="P21_ST00022" HPOS="150" VPOS="319" WIDTH="35" HEIGHT="27" CONTENT="he" WC="0.63" CC="70"/>
						<SP ID="P21_SP00018" HPOS="185" VPOS="354" WIDTH="11"/>
						<String ID="P21_ST00023" HPOS="196" VPOS="319" WIDTH="89" HEIGHT="28" CONTENT="asked." WC="0.90" CC="051000"/>
					</TextLine>
				</TextBlock>
				<TextBlock ID="P21_TB00004" HPOS="49" VPOS="377" WIDTH="810" HEIGHT="268" STYLEREFS="TXT_1 PAR_LEFT">
					<TextLine ID="P21_TL00006" HPOS="87" VPOS="378" WIDTH="772" HEIGHT="36">
						<String ID="P21_ST00024" HPOS="87" VPOS="381" WIDTH="13" HEIGHT="10" CONTENT='"' WC="0.78" CC="2"/>
						<SP ID="P21_SP00019" HPOS="100" VPOS="391" WIDTH="9"/>
						<String ID="P21_ST00025" HPOS="109" VPOS="378" WIDTH="44" HEIGHT="26" CONTENT="Ah" WC="0.63" CC="07"/>
						<SP ID="P21_SP00020" HPOS="153" VPOS="404" WIDTH="13"/>
						<String ID="P21_ST00026" HPOS="166" VPOS="380" WIDTH="4" HEIGHT="25" CONTENT="!" WC="1.00" CC="0"/>
						<SP ID="P21_SP00021" HPOS="170" VPOS="405" WIDTH="19"/>
						<String ID="P21_ST00027" HPOS="189" VPOS="378" WIDTH="62" HEIGHT="26" CONTENT="that" WC="0.81" CC="0700"/>
						<SP ID="P21_SP00022" HPOS="251" VPOS="405" WIDTH="18"/>
						<String ID="P21_ST00028" HPOS="269" VPOS="378" WIDTH="22" HEIGHT="26" CONTENT="is" WC="0.75" CC="04"/>
						<SP ID="P21_SP00023" HPOS="291" VPOS="405" WIDTH="18"/>
						<String ID="P21_ST00029" HPOS="309" VPOS="378" WIDTH="115" HEIGHT="27" CONTENT="another" WC="0.69" CC="0702705"/>
						<SP ID="P21_SP00024" HPOS="424" VPOS="405" WIDTH="19"/>
						<String ID="P21_ST00030" HPOS="443" VPOS="378" WIDTH="102" HEIGHT="36" CONTENT='thing,"' WC="0.75" CC="3707000"/>
						<SP ID="P21_SP00025" HPOS="545" VPOS="414" WIDTH="15"/>
						<String ID="P21_ST00031" HPOS="560" VPOS="378" WIDTH="46" HEIGHT="28" CONTENT="she" WC="0.64" CC="370"/>
						<SP ID="P21_SP00026" HPOS="606" VPOS="414" WIDTH="19"/>
						<String ID="P21_ST00032" HPOS="625" VPOS="378" WIDTH="66" HEIGHT="33" CONTENT="said," WC="0.89" CC="20200"/>
						<SP ID="P21_SP00027" HPOS="691" VPOS="414" WIDTH="39"/>
						<String ID="P21_ST00033" HPOS="730" VPOS="382" WIDTH="14" HEIGHT="10" CONTENT='"' WC="1.00" CC="0"/>
						<SP ID="P21_SP00028" HPOS="744" VPOS="414" WIDTH="11"/>
						<String ID="P21_ST00034" HPOS="755" VPOS="378" WIDTH="27" HEIGHT="27" CONTENT="If" WC="1.00" CC="00"/>
						<SP ID="P21_SP00029" HPOS="782" VPOS="414" WIDTH="11"/>
						<String ID="P21_ST00035" HPOS="793" VPOS="379" WIDTH="66" HEIGHT="35" CONTENT="they" WC="0.56" CC="0709"/>
					</TextLine>
					<TextLine ID="P21_TL00007" HPOS="50" VPOS="436" WIDTH="809" HEIGHT="36">
						<String ID="P21_ST00036" HPOS="50" VPOS="445" WIDTH="45" HEIGHT="17" CONTENT="are" WC="0.92" CC="020"/>
						<SP ID="P21_SP00030" HPOS="95" VPOS="462" WIDTH="20"/>
						<String ID="P21_ST00037" HPOS="115" VPOS="436" WIDTH="139" HEIGHT="26" CONTENT="bachelors" WC="0.84" CC="500700100"/>
						<SP ID="P21_SP00031" HPOS="254" VPOS="462" WIDTH="20"/>
						<String ID="P21_ST00038" HPOS="274" VPOS="436" WIDTH="66" HEIGHT="36" CONTENT="they" WC="0.68" CC="5700"/>
						<SP ID="P21_SP00032" HPOS="340" VPOS="472" WIDTH="19"/>
						<String ID="P21_ST00039" HPOS="359" VPOS="437" WIDTH="108" HEIGHT="35" CONTENT="usually" WC="0.57" CC="5449230"/>
						<SP ID="P21_SP00033" HPOS="467" VPOS="472" WIDTH="19"/>
						<String ID="P21_ST00040" HPOS="486" VPOS="437" WIDTH="64" HEIGHT="26" CONTENT="dine" WC="0.83" CC="0060"/>
						<SP ID="P21_SP00034" HPOS="550" VPOS="472" WIDTH="19"/>
						<String ID="P21_ST00041" HPOS="569" VPOS="440" WIDTH="30" HEIGHT="24" CONTENT="at" WC="0.69" CC="06"/>
						<SP ID="P21_SP00035" HPOS="599" VPOS="472" WIDTH="24"/>
						<String ID="P21_ST00042" HPOS="623" VPOS="437" WIDTH="48" HEIGHT="26" CONTENT="the" WC="0.76" CC="070"/>
						<SP ID="P21_SP00036" HPOS="671" VPOS="472" WIDTH="26"/>
						<String ID="P21_ST00043" HPOS="697" VPOS="440" WIDTH="162" HEIGHT="25" CONTENT="restaurant." WC="0.69" CC="50310730703"/>
					</TextLine>
					<TextLine ID="P21_TL00008" HPOS="52" VPOS="494" WIDTH="807" HEIGHT="35">
						<String ID="P21_ST00044" HPOS="52" VPOS="494" WIDTH="63" HEIGHT="26" CONTENT="And" WC="1.00" CC="000"/>
						<SP ID="P21_SP00037" HPOS="115" VPOS="520" WIDTH="17"/>
						<String ID="P21_ST00045" HPOS="132" VPOS="494" WIDTH="24" HEIGHT="26" CONTENT="if" WC="0.94" CC="10"/>
						<SP ID="P21_SP00038" HPOS="156" VPOS="520" WIDTH="15"/>
						<String ID="P21_ST00046" HPOS="171" VPOS="494" WIDTH="67" HEIGHT="35" CONTENT="they" WC="0.81" CC="0700"/>
						<SP ID="P21_SP00039" HPOS="238" VPOS="529" WIDTH="14"/>
						<String ID="P21_ST00047" HPOS="252" VPOS="494" WIDTH="69" HEIGHT="27" CONTENT="have" WC="0.85" CC="5000"/>
						<SP ID="P21_SP00040" HPOS="321" VPOS="529" WIDTH="19"/>
						<String ID="P21_ST00048" HPOS="340" VPOS="494" WIDTH="116" HEIGHT="27" CONTENT="families" WC="0.86" CC="00041203"/>
						<SP ID="P21_SP00041" HPOS="456" VPOS="529" WIDTH="20"/>
						<String ID="P21_ST00049" HPOS="476" VPOS="494" WIDTH="53" HEIGHT="27" CONTENT="and" WC="0.77" CC="060"/>
						<SP ID="P21_SP00042" HPOS="529" VPOS="529" WIDTH="21"/>
						<String ID="P21_ST00050" HPOS="550" VPOS="494" WIDTH="54" HEIGHT="28" CONTENT="live" WC="0.92" CC="0200"/>
						<SP ID="P21_SP00043" HPOS="604" VPOS="529" WIDTH="18"/>
						<String ID="P21_ST00051" HPOS="622" VPOS="498" WIDTH="28" HEIGHT="23" CONTENT="at" WC="0.77" CC="31"/>
						<SP ID="P21_SP00044" HPOS="650" VPOS="529" WIDTH="14"/>
						<String ID="P21_ST00052" HPOS="664" VPOS="494" WIDTH="80" HEIGHT="28" CONTENT="home" WC="0.82" CC="7000"/>
						<String ID="P21_ST00053" HPOS="746" VPOS="511" WIDTH="35" HEIGHT="4" CONTENT="—" WC="0.20" CC="8"/>
						<String ID="P21_ST00054" HPOS="782" VPOS="494" WIDTH="50" HEIGHT="27" CONTENT="but" WC="0.68" CC="026"/>
						<SP ID="P21_SP00045" HPOS="832" VPOS="529" WIDTH="14"/>
						<String ID="P21_ST00055" HPOS="846" VPOS="494" WIDTH="13" HEIGHT="26" CONTENT="I" WC="1.00" CC="0"/>
					</TextLine>
					<TextLine ID="P21_TL00009" HPOS="53" VPOS="552" WIDTH="806" HEIGHT="36">
						<String ID="P21_ST00056" HPOS="53" VPOS="552" WIDTH="34" HEIGHT="26" CONTENT="do" WC="0.22" CC="86"/>
						<SP ID="P21_SP00046" HPOS="87" VPOS="578" WIDTH="14"/>
						<String ID="P21_ST00057" HPOS="101" VPOS="555" WIDTH="47" HEIGHT="23" CONTENT="not" WC="0.65" CC="603"/>
						<SP ID="P21_SP00047" HPOS="148" VPOS="578" WIDTH="13"/>
						<String ID="P21_ST00058" HPOS="161" VPOS="552" WIDTH="81" HEIGHT="26" CONTENT="know" WC="0.68" CC="5700"/>
						<SP ID="P21_SP00048" HPOS="242" VPOS="578" WIDTH="14"/>
						<String ID="P21_ST00059" HPOS="256" VPOS="553" WIDTH="109" HEIGHT="35" CONTENT="exactly" WC="0.94" CC="0000120"/>
						<SP ID="P21_SP00049" HPOS="365" VPOS="588" WIDTH="13"/>
						<String ID="P21_ST00060" HPOS="378" VPOS="553" WIDTH="59" HEIGHT="26" CONTENT="how" WC="0.81" CC="500"/>
						<SP ID="P21_SP00050" HPOS="437" VPOS="588" WIDTH="14"/>
						<String ID="P21_ST00061" HPOS="451" VPOS="553" WIDTH="66" HEIGHT="35" CONTENT="they" WC="0.72" CC="1720"/>
						<SP ID="P21_SP00051" HPOS="517" VPOS="588" WIDTH="12"/>
						<String ID="P21_ST00062" HPOS="529" VPOS="553" WIDTH="53" HEIGHT="26" CONTENT="live" WC="0.91" CC="3000"/>
						<SP ID="P21_SP00052" HPOS="582" VPOS="588" WIDTH="12"/>
						<String ID="P21_ST00063" HPOS="594" VPOS="563" WIDTH="5" HEIGHT="16" CONTENT=":" WC="1.00" CC="0"/>
						<SP ID="P21_SP00053" HPOS="599" VPOS="588" WIDTH="22"/>
						<String ID="P21_ST00064" HPOS="621" VPOS="553" WIDTH="13" HEIGHT="26" CONTENT="I" WC="1.00" CC="0"/>
						<SP ID="P21_SP00054" HPOS="634" VPOS="588" WIDTH="14"/>
						<String ID="P21_ST00065" HPOS="648" VPOS="553" WIDTH="68" HEIGHT="26" CONTENT="have" WC="0.81" CC="7000"/>
						<SP ID="P21_SP00055" HPOS="716" VPOS="588" WIDTH="15"/>
						<String ID="P21_ST00066" HPOS="731" VPOS="556" WIDTH="47" HEIGHT="23" CONTENT="not" WC="0.63" CC="505"/>
						<SP ID="P21_SP00056" HPOS="778" VPOS="588" WIDTH="13"/>
						<String ID="P21_ST00067" HPOS="791" VPOS="553" WIDTH="68" HEIGHT="26" CONTENT="been" WC="0.63" CC="7007"/>
					</TextLine>
					<TextLine ID="P21_TL00010" HPOS="53" VPOS="610" WIDTH="252" HEIGHT="35">
						<String ID="P21_ST00068" HPOS="53" VPOS="610" WIDTH="29" HEIGHT="26" CONTENT="in" WC="0.89" CC="10"/>
						<SP ID="P21_SP00057" HPOS="82" VPOS="636" WIDTH="14"/>
						<String ID="P21_ST00069" HPOS="96" VPOS="610" WIDTH="73" HEIGHT="27" CONTENT="their" WC="0.60" CC="07056"/>
						<SP ID="P21_SP00058" HPOS="169" VPOS="637" WIDTH="13"/>
						<String ID="P21_ST00070" HPOS="182" VPOS="610" WIDTH="123" HEIGHT="35" CONTENT='society."' WC="0.94" CC="100001001"/>
					</TextLine>
				</TextBlock>
				<TextBlock ID="P21_TB00005" HPOS="91" VPOS="668" WIDTH="592" HEIGHT="34" STYLEREFS="TXT_1 PAR_LEFT">
					<TextLine ID="P21_TL00011" HPOS="92" VPOS="668" WIDTH="591" HEIGHT="34">
						<String ID="P21_ST00071" HPOS="92" VPOS="671" WIDTH="14" HEIGHT="11" CONTENT='"' WC="0.81" CC="1"/>
						<SP ID="P21_SP00059" HPOS="106" VPOS="682" WIDTH="10"/>
						<String ID="P21_ST00072" HPOS="116" VPOS="669" WIDTH="57" HEIGHT="25" CONTENT="But" WC="0.59" CC="650"/>
						<SP ID="P21_SP00060" HPOS="173" VPOS="694" WIDTH="13"/>
						<String ID="P21_ST00073" HPOS="186" VPOS="668" WIDTH="90" HEIGHT="27" CONTENT="before" WC="0.80" CC="700040"/>
						<SP ID="P21_SP00061" HPOS="276" VPOS="695" WIDTH="15"/>
						<String ID="P21_ST00074" HPOS="291" VPOS="678" WIDTH="66" HEIGHT="24" CONTENT="your" WC="0.93" CC="0011"/>
						<SP ID="P21_SP00062" HPOS="357" VPOS="702" WIDTH="13"/>
						<String ID="P21_ST00075" HPOS="370" VPOS="668" WIDTH="89" HEIGHT="26" CONTENT="father" WC="0.84" CC="001700"/>
						<SP ID="P21_SP00063" HPOS="459" VPOS="702" WIDTH="14"/>
						<String ID="P21_ST00076" HPOS="473" VPOS="668" WIDTH="56" HEIGHT="26" CONTENT="sold" WC="0.69" CC="8040"/>
						<SP ID="P21_SP00064" HPOS="529" VPOS="702" WIDTH="14"/>
						<String ID="P21_ST00077" HPOS="543" VPOS="668" WIDTH="41" HEIGHT="26" CONTENT="his" WC="0.72" CC="701"/>
						<SP ID="P21_SP00065" HPOS="584" VPOS="702" WIDTH="15"/>
						<String ID="P21_ST00078" HPOS="599" VPOS="671" WIDTH="84" HEIGHT="23" CONTENT="estate-" WC="0.77" CC="0059000"/>
					</TextLine>
				</TextBlock>
				<TextBlock ID="P21_TB00006" HPOS="56" VPOS="724" WIDTH="808" HEIGHT="93" STYLEREFS="TXT_1 PAR_LEFT">
					<TextLine ID="P21_TL00012" HPOS="94" VPOS="725" WIDTH="770" HEIGHT="35">
						<String ID="P21_ST00079" HPOS="94" VPOS="729" WIDTH="13" HEIGHT="10" CONTENT='"' WC="0.97" CC="0"/>
						<SP ID="P21_SP00066" HPOS="107" VPOS="739" WIDTH="11"/>
						<String ID="P21_ST00080" HPOS="118" VPOS="726" WIDTH="46" HEIGHT="26" CONTENT="An" WC="0.58" CC="08"/>
						<SP ID="P21_SP00067" HPOS="164" VPOS="752" WIDTH="26"/>
						<String ID="P21_ST00081" HPOS="190" VPOS="729" WIDTH="95" HEIGHT="27" CONTENT="estate," WC="0.87" CC="0510200"/>
						<SP ID="P21_SP00068" HPOS="285" VPOS="756" WIDTH="26"/>
						<String ID="P21_ST00082" HPOS="311" VPOS="725" WIDTH="36" HEIGHT="26" CONTENT="sir" WC="0.90" CC="020"/>
						<String ID="P21_ST00083" HPOS="357" VPOS="726" WIDTH="5" HEIGHT="25" CONTENT="!" WC="0.61" CC="3"/>
						<SP ID="P21_SP00069" HPOS="362" VPOS="756" WIDTH="23"/>
						<String ID="P21_ST00084" HPOS="385" VPOS="725" WIDTH="72" HEIGHT="26" CONTENT="what" WC="0.82" CC="0600"/>
						<SP ID="P21_SP00070" HPOS="457" VPOS="756" WIDTH="22"/>
						<String ID="P21_ST00085" HPOS="479" VPOS="725" WIDTH="23" HEIGHT="26" CONTENT="is" WC="0.87" CC="20"/>
						<SP ID="P21_SP00071" HPOS="502" VPOS="756" WIDTH="21"/>
						<String ID="P21_ST00086" HPOS="523" VPOS="725" WIDTH="60" HEIGHT="26" CONTENT="that" WC="0.81" CC="0700"/>
						<SP ID="P21_SP00072" HPOS="583" VPOS="756" WIDTH="11"/>
						<String ID="P21_ST00087" HPOS="594" VPOS="727" WIDTH="10" HEIGHT="25" CONTENT="?" WC="1.00" CC="0"/>
						<SP ID="P21_SP00073" HPOS="604" VPOS="756" WIDTH="37"/>
						<String ID="P21_ST00088" HPOS="641" VPOS="726" WIDTH="42" HEIGHT="26" CONTENT="Do" WC="0.50" CC="72"/>
						<SP ID="P21_SP00074" HPOS="683" VPOS="756" WIDTH="21"/>
						<String ID="P21_ST00089" HPOS="704" VPOS="735" WIDTH="53" HEIGHT="25" CONTENT="you" WC="0.82" CC="014"/>
						<SP ID="P21_SP00075" HPOS="757" VPOS="760" WIDTH="21"/>
						<String ID="P21_ST00090" HPOS="778" VPOS="726" WIDTH="50" HEIGHT="26" CONTENT="call" WC="1.00" CC="0000"/>
						<SP ID="P21_SP00076" HPOS="828" VPOS="760" WIDTH="21"/>
						<String ID="P21_ST00091" HPOS="849" VPOS="735" WIDTH="15" HEIGHT="17" CONTENT="a" WC="0.45" CC="5"/>
					</TextLine>
					<TextLine ID="P21_TL00013" HPOS="57" VPOS="782" WIDTH="417" HEIGHT="35">
						<String ID="P21_ST00092" HPOS="57" VPOS="783" WIDTH="231" HEIGHT="34" CONTENT="boarding-house" WC="0.68" CC="73352230070520"/>
						<SP ID="P21_SP00077" HPOS="288" VPOS="817" WIDTH="14"/>
						<String ID="P21_ST00093" HPOS="302" VPOS="792" WIDTH="34" HEIGHT="17" CONTENT="an" WC="0.74" CC="05"/>
						<SP ID="P21_SP00078" HPOS="336" VPOS="817" WIDTH="15"/>
						<String ID="P21_ST00094" HPOS="351" VPOS="786" WIDTH="86" HEIGHT="23" CONTENT="estate" WC="0.75" CC="044060"/>
						<SP ID="P21_SP00079" HPOS="437" VPOS="817" WIDTH="11"/>
						<String ID="P21_ST00095" HPOS="448" VPOS="782" WIDTH="26" HEIGHT="27" CONTENT='?"' WC="0.64" CC="70"/>
					</TextLine>
				</TextBlock>
				<TextBlock ID="P21_TB00007" HPOS="60" VPOS="840" WIDTH="806" HEIGHT="209" STYLEREFS="TXT_1 PAR_LEFT">
					<TextLine ID="P21_TL00014" HPOS="98" VPOS="841" WIDTH="768" HEIGHT="35">
						<String ID="P21_ST00096" HPOS="98" VPOS="844" WIDTH="14" HEIGHT="10" CONTENT='"' WC="0.45" CC="5"/>
						<SP ID="P21_SP00080" HPOS="112" VPOS="854" WIDTH="8"/>
						<String ID="P21_ST00097" HPOS="120" VPOS="841" WIDTH="44" HEIGHT="26" CONTENT="No" WC="1.00" CC="00"/>
						<String ID="P21_ST00098" HPOS="176" VPOS="852" WIDTH="6" HEIGHT="22" CONTENT=";" WC="1.00" CC="0"/>
						<SP ID="P21_SP00081" HPOS="182" VPOS="874" WIDTH="22"/>
						<String ID="P21_ST00099" HPOS="204" VPOS="841" WIDTH="57" HEIGHT="26" CONTENT="this" WC="0.66" CC="1731"/>
						<SP ID="P21_SP00082" HPOS="261" VPOS="874" WIDTH="25"/>
						<String ID="P21_ST00100" HPOS="286" VPOS="841" WIDTH="23" HEIGHT="25" CONTENT="is" WC="0.71" CC="22"/>
						<SP ID="P21_SP00083" HPOS="309" VPOS="874" WIDTH="26"/>
						<String ID="P21_ST00101" HPOS="335" VPOS="850" WIDTH="35" HEIGHT="16" CONTENT="an" WC="0.67" CC="06"/>
						<SP ID="P21_SP00084" HPOS="370" VPOS="874" WIDTH="26"/>
						<String ID="P21_ST00102" HPOS="396" VPOS="843" WIDTH="87" HEIGHT="24" CONTENT="estate" WC="0.89" CC="004010"/>
						<String ID="P21_ST00103" HPOS="494" VPOS="851" WIDTH="5" HEIGHT="15" CONTENT=":" WC="1.00" CC="0"/>
						<SP ID="P21_SP00085" HPOS="499" VPOS="874" WIDTH="28"/>
						<String ID="P21_ST00104" HPOS="527" VPOS="850" WIDTH="16" HEIGHT="16" CONTENT="a" WC="1.00" CC="0"/>
						<SP ID="P21_SP00086" HPOS="543" VPOS="874" WIDTH="25"/>
						<String ID="P21_ST00105" HPOS="568" VPOS="844" WIDTH="115" HEIGHT="32" CONTENT="country" WC="0.65" CC="0056560"/>
						<SP ID="P21_SP00087" HPOS="683" VPOS="876" WIDTH="22"/>
						<String ID="P21_ST00106" HPOS="705" VPOS="841" WIDTH="83" HEIGHT="27" CONTENT="house" WC="0.80" CC="30510"/>
						<SP ID="P21_SP00088" HPOS="788" VPOS="876" WIDTH="25"/>
						<String ID="P21_ST00107" HPOS="813" VPOS="842" WIDTH="53" HEIGHT="26" CONTENT="and" WC="0.77" CC="060"/>
					</TextLine>
					<TextLine ID="P21_TL00015" HPOS="60" VPOS="897" WIDTH="806" HEIGHT="34">
						<String ID="P21_ST00108" HPOS="60" VPOS="898" WIDTH="83" HEIGHT="27" CONTENT="lands." WC="0.85" CC="007001"/>
						<SP ID="P21_SP00089" HPOS="143" VPOS="925" WIDTH="41"/>
						<String ID="P21_ST00109" HPOS="184" VPOS="897" WIDTH="75" HEIGHT="28" CONTENT="Your" WC="0.63" CC="3065"/>
						<SP ID="P21_SP00090" HPOS="259" VPOS="925" WIDTH="20"/>
						<String ID="P21_ST00110" HPOS="279" VPOS="897" WIDTH="89" HEIGHT="27" CONTENT="father" WC="0.83" CC="101600"/>
						<SP ID="P21_SP00091" HPOS="368" VPOS="925" WIDTH="21"/>
						<String ID="P21_ST00111" HPOS="389" VPOS="897" WIDTH="54" HEIGHT="26" CONTENT="had" WC="0.76" CC="700"/>
						<SP ID="P21_SP00092" HPOS="443" VPOS="925" WIDTH="24"/>
						<String ID="P21_ST00112" HPOS="467" VPOS="906" WIDTH="50" HEIGHT="18" CONTENT="one" WC="0.64" CC="460"/>
						<SP ID="P21_SP00093" HPOS="517" VPOS="925" WIDTH="26"/>
						<String ID="P21_ST00113" HPOS="543" VPOS="897" WIDTH="54" HEIGHT="27" CONTENT="and" WC="0.72" CC="160"/>
						<SP ID="P21_SP00094" HPOS="597" VPOS="925" WIDTH="26"/>
						<String ID="P21_ST00114" HPOS="623" VPOS="897" WIDTH="57" HEIGHT="28" CONTENT="sold" WC="0.82" CC="0600"/>
						<SP ID="P21_SP00095" HPOS="680" VPOS="925" WIDTH="25"/>
						<String ID="P21_ST00115" HPOS="705" VPOS="898" WIDTH="29" HEIGHT="33" CONTENT="it," WC="0.80" CC="060"/>
						<SP ID="P21_SP00096" HPOS="734" VPOS="931" WIDTH="26"/>
						<String ID="P21_ST00116" HPOS="760" VPOS="898" WIDTH="47" HEIGHT="27" CONTENT="did" WC="0.73" CC="700"/>
						<SP ID="P21_SP00097" HPOS="807" VPOS="931" WIDTH="25"/>
						<String ID="P21_ST00117" HPOS="832" VPOS="898" WIDTH="34" HEIGHT="27" CONTENT="he" WC="0.35" CC="75"/>
					</TextLine>
					<TextLine ID="P21_TL00016" HPOS="60" VPOS="955" WIDTH="806" HEIGHT="35">
						<String ID="P21_ST00118" HPOS="60" VPOS="956" WIDTH="84" HEIGHT="27" CONTENT='not?"' WC="0.84" CC="24000"/>
						<SP ID="P21_SP00098" HPOS="144" VPOS="983" WIDTH="22"/>
						<String ID="P21_ST00119" HPOS="166" VPOS="956" WIDTH="59" HEIGHT="27" CONTENT="said" WC="0.75" CC="5040"/>
						<SP ID="P21_SP00099" HPOS="225" VPOS="983" WIDTH="13"/>
						<String ID="P21_ST00120" HPOS="238" VPOS="956" WIDTH="110" HEIGHT="31" CONTENT="Atkins," WC="0.69" CC="0304724"/>
						<SP ID="P21_SP00100" HPOS="348" VPOS="987" WIDTH="15"/>
						<String ID="P21_ST00121" HPOS="363" VPOS="955" WIDTH="84" HEIGHT="35" CONTENT="rising" WC="0.55" CC="406077"/>
						<SP ID="P21_SP00101" HPOS="447" VPOS="990" WIDTH="20"/>
						<String ID="P21_ST00122" HPOS="467" VPOS="955" WIDTH="68" HEIGHT="26" CONTENT="from" WC="0.93" CC="1100"/>
						<SP ID="P21_SP00102" HPOS="535" VPOS="990" WIDTH="19"/>
						<String ID="P21_ST00123" HPOS="554" VPOS="955" WIDTH="43" HEIGHT="26" CONTENT="his" WC="0.75" CC="700"/>
						<SP ID="P21_SP00103" HPOS="597" VPOS="990" WIDTH="20"/>
						<String ID="P21_ST00124" HPOS="617" VPOS="956" WIDTH="74" HEIGHT="26" CONTENT="chair" WC="0.81" CC="04301"/>
						<SP ID="P21_SP00104" HPOS="691" VPOS="990" WIDTH="20"/>
						<String ID="P21_ST00125" HPOS="711" VPOS="956" WIDTH="29" HEIGHT="26" CONTENT="in" WC="0.45" CC="37"/>
						<SP ID="P21_SP00105" HPOS="740" VPOS="990" WIDTH="21"/>
						<String ID="P21_ST00126" HPOS="761" VPOS="966" WIDTH="16" HEIGHT="16" CONTENT="a" WC="1.00" CC="0"/>
						<SP ID="P21_SP00106" HPOS="777" VPOS="990" WIDTH="19"/>
						<String ID="P21_ST00127" HPOS="796" VPOS="959" WIDTH="70" HEIGHT="23" CONTENT="state" WC="0.93" CC="10010"/>
					</TextLine>
					<TextLine ID="P21_TL00017" HPOS="62" VPOS="1014" WIDTH="238" HEIGHT="35">
						<String ID="P21_ST00128" HPOS="62" VPOS="1015" WIDTH="30" HEIGHT="26" CONTENT="of" WC="1.00" CC="00"/>
						<SP ID="P21_SP00107" HPOS="92" VPOS="1041" WIDTH="9"/>
						<String ID="P21_ST00129" HPOS="101" VPOS="1014" WIDTH="199" HEIGHT="35" CONTENT="perturbation." WC="0.72" CC="0022557013070"/>
					</TextLine>
				</TextBlock>
				<TextBlock ID="P21_TB00008" HPOS="99" VPOS="1070" WIDTH="399" HEIGHT="35" STYLEREFS="TXT_1 PAR_LEFT">
					<TextLine ID="P21_TL00018" HPOS="100" VPOS="1070" WIDTH="398" HEIGHT="35">
						<String ID="P21_ST00130" HPOS="100" VPOS="1075" WIDTH="14" HEIGHT="10" CONTENT='"' WC="0.81" CC="1"/>
						<SP ID="P21_SP00108" HPOS="114" VPOS="1085" WIDTH="8"/>
						<String ID="P21_ST00131" HPOS="122" VPOS="1072" WIDTH="72" HEIGHT="27" CONTENT="Who" WC="0.75" CC="070"/>
						<SP ID="P21_SP00109" HPOS="194" VPOS="1099" WIDTH="13"/>
						<String ID="P21_ST00132" HPOS="207" VPOS="1072" WIDTH="58" HEIGHT="26" CONTENT="told" WC="0.94" CC="2000"/>
						<SP ID="P21_SP00110" HPOS="265" VPOS="1099" WIDTH="13"/>
						<String ID="P21_ST00133" HPOS="278" VPOS="1080" WIDTH="53" HEIGHT="25" CONTENT="you" WC="0.79" CC="006"/>
						<SP ID="P21_SP00111" HPOS="331" VPOS="1105" WIDTH="14"/>
						<String ID="P21_ST00134" HPOS="345" VPOS="1071" WIDTH="67" HEIGHT="31" CONTENT="that," WC="0.87" CC="05000"/>
						<SP ID="P21_SP00112" HPOS="412" VPOS="1105" WIDTH="15"/>
						<String ID="P21_ST00135" HPOS="427" VPOS="1071" WIDTH="36" HEIGHT="26" CONTENT="sir" WC="0.83" CC="400"/>
						<SP ID="P21_SP00113" HPOS="463" VPOS="1105" WIDTH="10"/>
						<String ID="P21_ST00136" HPOS="473" VPOS="1070" WIDTH="25" HEIGHT="27" CONTENT='?"' WC="1.00" CC="00"/>
					</TextLine>
				</TextBlock>
				<TextBlock ID="P21_TB00009" HPOS="102" VPOS="1129" WIDTH="148" HEIGHT="27" STYLEREFS="TXT_1 PAR_LEFT">
					<TextLine ID="P21_TL00019" HPOS="103" VPOS="1129" WIDTH="147" HEIGHT="27">
						<String ID="P21_ST00137" HPOS="103" VPOS="1134" WIDTH="13" HEIGHT="10" CONTENT='"' WC="0.30" CC="6"/>
						<SP ID="P21_SP00114" HPOS="116" VPOS="1144" WIDTH="11"/>
						<String ID="P21_ST00138" HPOS="127" VPOS="1130" WIDTH="45" HEIGHT="26" CONTENT="He" WC="0.51" CC="72"/>
						<SP ID="P21_SP00115" HPOS="172" VPOS="1156" WIDTH="11"/>
						<String ID="P21_ST00139" HPOS="183" VPOS="1129" WIDTH="67" HEIGHT="27" CONTENT='did."' WC="0.91" CC="00004"/>
					</TextLine>
				</TextBlock>
				<TextBlock ID="P21_TB00010" HPOS="100" VPOS="1187" WIDTH="247" HEIGHT="35" STYLEREFS="TXT_1 PAR_LEFT">
					<TextLine ID="P21_TL00020" HPOS="101" VPOS="1188" WIDTH="246" HEIGHT="34">
						<String ID="P21_ST00140" HPOS="101" VPOS="1190" WIDTH="54" HEIGHT="27" CONTENT="She" WC="0.61" CC="470"/>
						<SP ID="P21_SP00116" HPOS="155" VPOS="1217" WIDTH="14"/>
						<String ID="P21_ST00141" HPOS="169" VPOS="1188" WIDTH="100" HEIGHT="27" CONTENT="turned" WC="0.77" CC="070600"/>
						<SP ID="P21_SP00117" HPOS="269" VPOS="1217" WIDTH="13"/>
						<String ID="P21_ST00142" HPOS="282" VPOS="1188" WIDTH="65" HEIGHT="34" CONTENT="pale." WC="0.84" CC="00502"/>
					</TextLine>
				</TextBlock>
				<TextBlock ID="P21_TB00011" HPOS="66" VPOS="1242" WIDTH="805" HEIGHT="153" STYLEREFS="TXT_1 PAR_LEFT">
					<TextLine ID="P21_TL00021" HPOS="103" VPOS="1243" WIDTH="768" HEIGHT="35">
						<String ID="P21_ST00143" HPOS="103" VPOS="1248" WIDTH="14" HEIGHT="11" CONTENT='"' WC="0.60" CC="3"/>
						<SP ID="P21_SP00118" HPOS="117" VPOS="1259" WIDTH="9"/>
						<String ID="P21_ST00144" HPOS="126" VPOS="1246" WIDTH="79" HEIGHT="27" CONTENT="Then" WC="0.65" CC="0607"/>
						<SP ID="P21_SP00119" HPOS="205" VPOS="1273" WIDTH="23"/>
						<String ID="P21_ST00145" HPOS="228" VPOS="1245" WIDTH="22" HEIGHT="27" CONTENT="it" WC="0.82" CC="03"/>
						<SP ID="P21_SP00120" HPOS="250" VPOS="1273" WIDTH="19"/>
						<String ID="P21_ST00146" HPOS="269" VPOS="1245" WIDTH="23" HEIGHT="27" CONTENT="is" WC="0.80" CC="30"/>
						<SP ID="P21_SP00121" HPOS="292" VPOS="1273" WIDTH="21"/>
						<String ID="P21_ST00147" HPOS="313" VPOS="1248" WIDTH="49" HEIGHT="23" CONTENT="not" WC="0.70" CC="602"/>
						<SP ID="P21_SP00122" HPOS="362" VPOS="1273" WIDTH="22"/>
						<String ID="P21_ST00148" HPOS="384" VPOS="1243" WIDTH="83" HEIGHT="32" CONTENT='true,"' WC="0.80" CC="520040"/>
						<SP ID="P21_SP00123" HPOS="467" VPOS="1275" WIDTH="24"/>
						<String ID="P21_ST00149" HPOS="491" VPOS="1244" WIDTH="47" HEIGHT="25" CONTENT="she" WC="0.61" CC="470"/>
						<SP ID="P21_SP00124" HPOS="538" VPOS="1275" WIDTH="23"/>
						<String ID="P21_ST00150" HPOS="561" VPOS="1243" WIDTH="59" HEIGHT="26" CONTENT="said" WC="0.95" CC="1000"/>
						<SP ID="P21_SP00125" HPOS="620" VPOS="1275" WIDTH="20"/>
						<String ID="P21_ST00151" HPOS="640" VPOS="1243" WIDTH="95" HEIGHT="35" CONTENT="firmly" WC="0.93" CC="004000"/>
						<SP ID="P21_SP00126" HPOS="735" VPOS="1278" WIDTH="40"/>
						<String ID="P21_ST00152" HPOS="775" VPOS="1246" WIDTH="14" HEIGHT="10" CONTENT='"' WC="1.00" CC="0"/>
						<SP ID="P21_SP00127" HPOS="789" VPOS="1278" WIDTH="11"/>
						<String ID="P21_ST00153" HPOS="800" VPOS="1244" WIDTH="71" HEIGHT="34" CONTENT="Why" WC="0.93" CC="010"/>
					</TextLine>
					<TextLine ID="P21_TL00022" HPOS="67" VPOS="1301" WIDTH="804" HEIGHT="35">
						<String ID="P21_ST00154" HPOS="67" VPOS="1304" WIDTH="98" HEIGHT="27" CONTENT="should" WC="0.64" CC="670600"/>
						<SP ID="P21_SP00128" HPOS="165" VPOS="1331" WIDTH="13"/>
						<String ID="P21_ST00155" HPOS="178" VPOS="1304" WIDTH="35" HEIGHT="26" CONTENT="he" WC="0.63" CC="70"/>
						<SP ID="P21_SP00129" HPOS="213" VPOS="1331" WIDTH="13"/>
						<String ID="P21_ST00156" HPOS="226" VPOS="1303" WIDTH="70" HEIGHT="26" CONTENT="have" WC="0.76" CC="7200"/>
						<SP ID="P21_SP00130" HPOS="296" VPOS="1331" WIDTH="22"/>
						<String ID="P21_ST00157" HPOS="318" VPOS="1302" WIDTH="103" HEIGHT="26" CONTENT="wished" WC="0.79" CC="041600"/>
						<SP ID="P21_SP00131" HPOS="421" VPOS="1331" WIDTH="21"/>
						<String ID="P21_ST00158" HPOS="442" VPOS="1306" WIDTH="28" HEIGHT="22" CONTENT="to" WC="0.96" CC="00"/>
						<SP ID="P21_SP00132" HPOS="470" VPOS="1331" WIDTH="14"/>
						<String ID="P21_ST00159" HPOS="484" VPOS="1301" WIDTH="108" HEIGHT="27" CONTENT="deceive" WC="1.00" CC="0000000"/>
						<SP ID="P21_SP00133" HPOS="592" VPOS="1331" WIDTH="14"/>
						<String ID="P21_ST00160" HPOS="606" VPOS="1310" WIDTH="52" HEIGHT="26" CONTENT="you" WC="0.92" CC="002"/>
						<SP ID="P21_SP00134" HPOS="658" VPOS="1336" WIDTH="10"/>
						<String ID="P21_ST00161" HPOS="668" VPOS="1303" WIDTH="9" HEIGHT="25" CONTENT="?" WC="1.00" CC="0"/>
						<String ID="P21_ST00162" HPOS="688" VPOS="1301" WIDTH="11" HEIGHT="10" CONTENT='"' WC="1.00" CC="0"/>
						<SP ID="P21_SP00135" HPOS="699" VPOS="1336" WIDTH="16"/>
						<String ID="P21_ST00163" HPOS="715" VPOS="1301" WIDTH="47" HEIGHT="27" CONTENT="she" WC="0.57" CC="570"/>
						<SP ID="P21_SP00136" HPOS="762" VPOS="1336" WIDTH="15"/>
						<String ID="P21_ST00164" HPOS="777" VPOS="1301" WIDTH="94" HEIGHT="32" CONTENT="added," WC="0.97" CC="000001"/>
					</TextLine>
					<TextLine ID="P21_TL00023" HPOS="66" VPOS="1361" WIDTH="267" HEIGHT="34">
						<String ID="P21_ST00165" HPOS="66" VPOS="1363" WIDTH="30" HEIGHT="26" CONTENT="in" WC="0.58" CC="16"/>
						<SP ID="P21_SP00137" HPOS="96" VPOS="1389" WIDTH="13"/>
						<String ID="P21_ST00166" HPOS="109" VPOS="1372" WIDTH="16" HEIGHT="17" CONTENT="a" WC="1.00" CC="0"/>
						<SP ID="P21_SP00138" HPOS="125" VPOS="1389" WIDTH="13"/>
						<String ID="P21_ST00167" HPOS="138" VPOS="1361" WIDTH="111" HEIGHT="34" CONTENT="musing" WC="0.78" CC="022070"/>
						<SP ID="P21_SP00139" HPOS="249" VPOS="1395" WIDTH="13"/>
						<String ID="P21_ST00168" HPOS="262" VPOS="1364" WIDTH="71" HEIGHT="23" CONTENT="tone." WC="0.80" CC="02700"/>
					</TextLine>
				</TextBlock>
				<TextBlock ID="P21_TB00012" HPOS="68" VPOS="1415" WIDTH="805" HEIGHT="147" STYLEREFS="TXT_1 PAR_LEFT">
					<TextLine ID="P21_TL00024" HPOS="106" VPOS="1416" WIDTH="767" HEIGHT="38">
						<String ID="P21_ST00169" HPOS="106" VPOS="1423" WIDTH="13" HEIGHT="10" CONTENT='"' WC="0.93" CC="0"/>
						<SP ID="P21_SP00140" HPOS="119" VPOS="1433" WIDTH="12"/>
						<String ID="P21_ST00170" HPOS="131" VPOS="1420" WIDTH="44" HEIGHT="26" CONTENT="He" WC="0.66" CC="60"/>
						<SP ID="P21_SP00141" HPOS="175" VPOS="1446" WIDTH="14"/>
						<String ID="P21_ST00171" HPOS="189" VPOS="1419" WIDTH="52" HEIGHT="26" CONTENT="had" WC="0.75" CC="700"/>
						<SP ID="P21_SP00142" HPOS="241" VPOS="1446" WIDTH="25"/>
						<String ID="P21_ST00172" HPOS="266" VPOS="1427" WIDTH="66" HEIGHT="27" CONTENT="very" WC="0.99" CC="0000"/>
						<SP ID="P21_SP00143" HPOS="332" VPOS="1454" WIDTH="20"/>
						<String ID="P21_ST00173" HPOS="352" VPOS="1417" WIDTH="69" HEIGHT="36" CONTENT="good" WC="0.97" CC="0010"/>
						<SP ID="P21_SP00144" HPOS="421" VPOS="1454" WIDTH="20"/>
						<String ID="P21_ST00174" HPOS="441" VPOS="1416" WIDTH="130" HEIGHT="32" CONTENT='reasons,"' WC="0.85" CC="003106001"/>
						<SP ID="P21_SP00145" HPOS="571" VPOS="1454" WIDTH="15"/>
						<String ID="P21_ST00175" HPOS="586" VPOS="1416" WIDTH="57" HEIGHT="27" CONTENT="said" WC="0.62" CC="9500"/>
						<SP ID="P21_SP00146" HPOS="643" VPOS="1454" WIDTH="14"/>
						<String ID="P21_ST00176" HPOS="657" VPOS="1416" WIDTH="108" HEIGHT="32" CONTENT="Atkins," WC="0.70" CC="0102744"/>
						<SP ID="P21_SP00147" HPOS="765" VPOS="1454" WIDTH="14"/>
						<String ID="P21_ST00177" HPOS="779" VPOS="1416" WIDTH="94" HEIGHT="35" CONTENT="pacing" WC="0.84" CC="020060"/>
					</TextLine>
					<TextLine ID="P21_TL00025" HPOS="69" VPOS="1474" WIDTH="804" HEIGHT="40">
						<String ID="P21_ST00178" HPOS="69" VPOS="1488" WIDTH="37" HEIGHT="26" CONTENT="up" WC="0.68" CC="60"/>
						<SP ID="P21_SP00148" HPOS="106" VPOS="1514" WIDTH="14"/>
						<String ID="P21_ST00179" HPOS="120" VPOS="1478" WIDTH="54" HEIGHT="27" CONTENT="and" WC="0.76" CC="070"/>
						<SP ID="P21_SP00149" HPOS="174" VPOS="1514" WIDTH="13"/>
						<String ID="P21_ST00180" HPOS="187" VPOS="1477" WIDTH="78" HEIGHT="27" CONTENT="down" WC="0.83" CC="0006"/>
						<SP ID="P21_SP00150" HPOS="265" VPOS="1514" WIDTH="14"/>
						<String ID="P21_ST00181" HPOS="279" VPOS="1477" WIDTH="47" HEIGHT="26" CONTENT="the" WC="0.65" CC="370"/>
						<SP ID="P21_SP00151" HPOS="326" VPOS="1514" WIDTH="14"/>
						<String ID="P21_ST00182" HPOS="340" VPOS="1484" WIDTH="82" HEIGHT="23" CONTENT="room," WC="0.90" CC="20002"/>
						<SP ID="P21_SP00152" HPOS="422" VPOS="1514" WIDTH="14"/>
						<String ID="P21_ST00183" HPOS="436" VPOS="1474" WIDTH="43" HEIGHT="26" CONTENT="his" WC="0.60" CC="704"/>
						<SP ID="P21_SP00153" HPOS="479" VPOS="1514" WIDTH="13"/>
						<String ID="P21_ST00184" HPOS="492" VPOS="1474" WIDTH="118" HEIGHT="26" CONTENT="features" WC="0.93" CC="00020001"/>
						<SP ID="P21_SP00154" HPOS="610" VPOS="1514" WIDTH="20"/>
						<String ID="P21_ST00185" HPOS="630" VPOS="1474" WIDTH="168" HEIGHT="35" CONTENT="contracting" WC="0.83" CC="00632000050"/>
						<SP ID="P21_SP00155" HPOS="798" VPOS="1514" WIDTH="13"/>
						<String ID="P21_ST00186" HPOS="811" VPOS="1474" WIDTH="29" HEIGHT="26" CONTENT="in" WC="0.40" CC="47"/>
						<SP ID="P21_SP00156" HPOS="840" VPOS="1514" WIDTH="19"/>
						<String ID="P21_ST00187" HPOS="859" VPOS="1483" WIDTH="14" HEIGHT="16" CONTENT="a" WC="1.00" CC="0"/>
					</TextLine>
					<TextLine ID="P21_TL00026" HPOS="70" VPOS="1536" WIDTH="243" HEIGHT="26">
						<String ID="P21_ST00188" HPOS="70" VPOS="1536" WIDTH="108" HEIGHT="26" CONTENT="curious" WC="0.66" CC="0053265"/>
						<SP ID="P21_SP00157" HPOS="178" VPOS="1562" WIDTH="14"/>
						<String ID="P21_ST00189" HPOS="192" VPOS="1543" WIDTH="121" HEIGHT="18" CONTENT="manner." WC="0.78" CC="2065000"/>
					</TextLine>
				</TextBlock>
			</PrintSpace>
		</Page>
	</Layout>
</alto>
