<?xml version="1.0" encoding="UTF-8"?>
<alto xmlns:xsi="http://www.w3.org/2001/XMLSchema-instance" xsi:noNamespaceSchemaLocation="http://www.bl.uk/schemas/alto/alto-1-4.xsd" xmlns:xlink="http://www.w3.org/1999/xlink">
	<Description>
		<MeasurementUnit>mm10</MeasurementUnit>
		<sourceImageInformation>
			<fileName>//head1/IN/2007-44/A0010858537.2/001881.jp2</fileName>
		</sourceImageInformation>
		<OCRProcessing ID="OCRPROCESSING_1">
			<preProcessingStep>
				<processingSoftware>
					<softwareCreator>CCS Content Conversion Specialists GmbH, Germany</softwareCreator>
					<softwareName>CCS docWORKS</softwareName>
					<softwareVersion>6.1-0.59</softwareVersion>
				</processingSoftware>
			</preProcessingStep>
			<ocrProcessingStep>
				<processingSoftware>
					<softwareCreator>ABBYY (BIT Software), Russia</softwareCreator>
					<softwareName>Finereader</softwareName>
				</processingSoftware>
			</ocrProcessingStep>
		</OCRProcessing>
	</Description>
	<Styles>
		<TextStyle ID="TXT_0" FONTSIZE="9" FONTFAMILY="Courier New"/>
		<TextStyle ID="TXT_1" FONTSIZE="10" FONTFAMILY="Courier New"/>
		<ParagraphStyle ID="PAR_CENTER" ALIGN="Center"/>
		<ParagraphStyle ID="PAR_RIGHT" ALIGN="Right"/>
		<ParagraphStyle ID="PAR_LEFT" ALIGN="Left"/>
	</Styles>
	<Layout>
		<Page ID="P103" PHYSICAL_IMG_NR="103" HEIGHT="1683" WIDTH="989" PRINTED_IMG_NR="95" POSITION="Right" ACCURACY="77.21">
			<TopMargin ID="P103_TM00001" HPOS="0" VPOS="0" WIDTH="988" HEIGHT="128">
				<TextBlock ID="P103_TB00001" HPOS="433" VPOS="106" WIDTH="129" HEIGHT="20" STYLEREFS="TXT_0 PAR_CENTER">
					<TextLine ID="P103_TL00001" HPOS="434" VPOS="107" WIDTH="128" HEIGHT="19">
						<String ID="P103_ST00001" HPOS="434" VPOS="107" WIDTH="128" HEIGHT="19" CONTENT="SEE-SAW." WC="0.94" CC="04000000"/>
					</TextLine>
				</TextBlock>
				<TextBlock ID="P103_TB00002" HPOS="859" VPOS="102" WIDTH="33" HEIGHT="25" STYLEREFS="TXT_1 PAR_RIGHT">
					<TextLine ID="P103_TL00002" HPOS="861" VPOS="104" WIDTH="31" HEIGHT="23">
						<String ID="P103_ST00002" HPOS="861" VPOS="104" WIDTH="31" HEIGHT="23" CONTENT="95" WC="0.04" CC="99"/>
					</TextLine>
				</TextBlock>
			</TopMargin>
			<LeftMargin ID="P103_LM00001" HPOS="0" VPOS="128" WIDTH="86" HEIGHT="1426"/>
			<RightMargin ID="P103_RM00001" HPOS="892" VPOS="128" WIDTH="96" HEIGHT="1426"/>
			<BottomMargin ID="P103_BM00001" HPOS="0" VPOS="1554" WIDTH="988" HEIGHT="129"/>
			<PrintSpace ID="P103_PS00001" HPOS="86" VPOS="128" WIDTH="806" HEIGHT="1426">
				<TextBlock ID="P103_TB00003" HPOS="93" VPOS="185" WIDTH="796" HEIGHT="93" STYLEREFS="TXT_0 PAR_LEFT">
					<TextLine ID="P103_TL00003" HPOS="93" VPOS="186" WIDTH="796" HEIGHT="35">
						<String ID="P103_ST00003" HPOS="93" VPOS="186" WIDTH="72" HEIGHT="27" CONTENT="have" WC="0.55" CC="7171"/>
						<SP ID="P103_SP00001" HPOS="165" VPOS="213" WIDTH="31"/>
						<String ID="P103_ST00004" HPOS="196" VPOS="187" WIDTH="133" HEIGHT="27" CONTENT='another."' WC="0.74" CC="076070010"/>
						<SP ID="P103_SP00002" HPOS="329" VPOS="214" WIDTH="66"/>
						<String ID="P103_ST00005" HPOS="395" VPOS="187" WIDTH="57" HEIGHT="27" CONTENT="The" WC="0.75" CC="070"/>
						<SP ID="P103_SP00003" HPOS="452" VPOS="214" WIDTH="32"/>
						<String ID="P103_ST00006" HPOS="484" VPOS="188" WIDTH="132" HEIGHT="26" CONTENT="Baroness" WC="0.66" CC="70207054"/>
						<SP ID="P103_SP00004" HPOS="616" VPOS="214" WIDTH="41"/>
						<String ID="P103_ST00007" HPOS="657" VPOS="188" WIDTH="158" HEIGHT="33" CONTENT="shuddered," WC="0.74" CC="2760000064"/>
						<SP ID="P103_SP00005" HPOS="815" VPOS="221" WIDTH="23"/>
						<String ID="P103_ST00008" HPOS="838" VPOS="190" WIDTH="51" HEIGHT="26" CONTENT="and" WC="0.48" CC="870"/>
					</TextLine>
					<TextLine ID="P103_TL00004" HPOS="95" VPOS="244" WIDTH="313" HEIGHT="34">
						<String ID="P103_ST00009" HPOS="95" VPOS="244" WIDTH="113" HEIGHT="34" CONTENT="glanced" WC="0.86" CC="2006100"/>
						<SP ID="P103_SP00006" HPOS="208" VPOS="278" WIDTH="12"/>
						<String ID="P103_ST00010" HPOS="220" VPOS="249" WIDTH="29" HEIGHT="23" CONTENT="at" WC="0.48" CC="63"/>
						<SP ID="P103_SP00007" HPOS="249" VPOS="278" WIDTH="13"/>
						<String ID="P103_ST00011" HPOS="262" VPOS="247" WIDTH="47" HEIGHT="25" CONTENT="the" WC="0.64" CC="370"/>
						<SP ID="P103_SP00008" HPOS="309" VPOS="278" WIDTH="17"/>
						<String ID="P103_ST00012" HPOS="326" VPOS="246" WIDTH="82" HEIGHT="27" CONTENT="clock." WC="0.92" CC="040000"/>
					</TextLine>
				</TextBlock>
				<TextBlock ID="P103_TB00004" HPOS="93" VPOS="302" WIDTH="797" HEIGHT="150" STYLEREFS="TXT_0 PAR_LEFT">
					<TextLine ID="P103_TL00005" HPOS="132" VPOS="303" WIDTH="758" HEIGHT="36">
						<String ID="P103_ST00013" HPOS="132" VPOS="303" WIDTH="45" HEIGHT="27" CONTENT="He" WC="0.64" CC="70"/>
						<SP ID="P103_SP00009" HPOS="177" VPOS="330" WIDTH="13"/>
						<String ID="P103_ST00014" HPOS="190" VPOS="303" WIDTH="64" HEIGHT="27" CONTENT="took" WC="0.98" CC="0000"/>
						<SP ID="P103_SP00010" HPOS="254" VPOS="330" WIDTH="15"/>
						<String ID="P103_ST00015" HPOS="269" VPOS="313" WIDTH="16" HEIGHT="17" CONTENT="a" WC="0.37" CC="6"/>
						<SP ID="P103_SP00011" HPOS="285" VPOS="330" WIDTH="18"/>
						<String ID="P103_ST00016" HPOS="303" VPOS="303" WIDTH="142" HEIGHT="36" CONTENT="cigar-case" WC="0.86" CC="0200500050"/>
						<SP ID="P103_SP00012" HPOS="445" VPOS="339" WIDTH="20"/>
						<String ID="P103_ST00017" HPOS="465" VPOS="303" WIDTH="69" HEIGHT="27" CONTENT="from" WC="0.88" CC="0220"/>
						<SP ID="P103_SP00013" HPOS="534" VPOS="339" WIDTH="22"/>
						<String ID="P103_ST00018" HPOS="556" VPOS="303" WIDTH="41" HEIGHT="27" CONTENT="his" WC="0.62" CC="704"/>
						<SP ID="P103_SP00014" HPOS="597" VPOS="339" WIDTH="23"/>
						<String ID="P103_ST00019" HPOS="620" VPOS="303" WIDTH="105" HEIGHT="36" CONTENT="pocket." WC="0.82" CC="9101000"/>
						<SP ID="P103_SP00015" HPOS="725" VPOS="339" WIDTH="39"/>
						<String ID="P103_ST00020" HPOS="764" VPOS="308" WIDTH="14" HEIGHT="10" CONTENT='"' WC="1.00" CC="0"/>
						<SP ID="P103_SP00016" HPOS="778" VPOS="339" WIDTH="9"/>
						<String ID="P103_ST00021" HPOS="787" VPOS="304" WIDTH="15" HEIGHT="27" CONTENT="I" WC="1.00" CC="0"/>
						<SP ID="P103_SP00017" HPOS="802" VPOS="339" WIDTH="20"/>
						<String ID="P103_ST00022" HPOS="822" VPOS="305" WIDTH="68" HEIGHT="27" CONTENT="need" WC="0.75" CC="9000"/>
					</TextLine>
					<TextLine ID="P103_TL00006" HPOS="94" VPOS="361" WIDTH="796" HEIGHT="36">
						<String ID="P103_ST00023" HPOS="94" VPOS="364" WIDTH="49" HEIGHT="23" CONTENT="not" WC="0.50" CC="615"/>
						<SP ID="P103_SP00018" HPOS="143" VPOS="387" WIDTH="13"/>
						<String ID="P103_ST00024" HPOS="156" VPOS="361" WIDTH="48" HEIGHT="26" CONTENT="ask" WC="0.83" CC="050"/>
						<SP ID="P103_SP00019" HPOS="204" VPOS="387" WIDTH="13"/>
						<String ID="P103_ST00025" HPOS="217" VPOS="362" WIDTH="72" HEIGHT="34" CONTENT='you,"' WC="0.76" CC="01540"/>
						<SP ID="P103_SP00020" HPOS="289" VPOS="396" WIDTH="15"/>
						<String ID="P103_ST00026" HPOS="304" VPOS="362" WIDTH="35" HEIGHT="26" CONTENT="he" WC="0.58" CC="70"/>
						<SP ID="P103_SP00021" HPOS="339" VPOS="396" WIDTH="19"/>
						<String ID="P103_ST00027" HPOS="358" VPOS="361" WIDTH="64" HEIGHT="32" CONTENT="said," WC="0.85" CC="30004"/>
						<SP ID="P103_SP00022" HPOS="422" VPOS="396" WIDTH="14"/>
						<String ID="P103_ST00028" HPOS="436" VPOS="364" WIDTH="15" HEIGHT="10" CONTENT='"' WC="1.00" CC="0"/>
						<SP ID="P103_SP00023" HPOS="451" VPOS="396" WIDTH="9"/>
						<String ID="P103_ST00029" HPOS="460" VPOS="362" WIDTH="24" HEIGHT="25" CONTENT="if" WC="0.85" CC="02"/>
						<SP ID="P103_SP00024" HPOS="484" VPOS="396" WIDTH="17"/>
						<String ID="P103_ST00030" HPOS="501" VPOS="371" WIDTH="52" HEIGHT="26" CONTENT="you" WC="0.83" CC="040"/>
						<SP ID="P103_SP00025" HPOS="553" VPOS="397" WIDTH="23"/>
						<String ID="P103_ST00031" HPOS="576" VPOS="361" WIDTH="88" HEIGHT="35" CONTENT="object" WC="0.72" CC="470004"/>
						<SP ID="P103_SP00026" HPOS="664" VPOS="397" WIDTH="20"/>
						<String ID="P103_ST00032" HPOS="684" VPOS="365" WIDTH="28" HEIGHT="23" CONTENT="to" WC="0.94" CC="10"/>
						<SP ID="P103_SP00027" HPOS="712" VPOS="397" WIDTH="22"/>
						<String ID="P103_ST00033" HPOS="734" VPOS="362" WIDTH="61" HEIGHT="27" CONTENT="this." WC="0.65" CC="17250"/>
						<SP ID="P103_SP00028" HPOS="795" VPOS="397" WIDTH="39"/>
						<String ID="P103_ST00034" HPOS="834" VPOS="362" WIDTH="56" HEIGHT="27" CONTENT="The" WC="0.75" CC="070"/>
					</TextLine>
					<TextLine ID="P103_TL00007" HPOS="94" VPOS="419" WIDTH="660" HEIGHT="33">
						<String ID="P103_ST00035" HPOS="94" VPOS="419" WIDTH="171" HEIGHT="33" CONTENT="atmosphere" WC="0.69" CC="7410707020"/>
						<SP ID="P103_SP00029" HPOS="265" VPOS="452" WIDTH="11"/>
						<String ID="P103_ST00036" HPOS="276" VPOS="419" WIDTH="120" HEIGHT="27" CONTENT="reminds" WC="0.80" CC="3001602"/>
						<SP ID="P103_SP00030" HPOS="396" VPOS="452" WIDTH="12"/>
						<String ID="P103_ST00037" HPOS="408" VPOS="429" WIDTH="44" HEIGHT="17" CONTENT="me" WC="1.00" CC="00"/>
						<SP ID="P103_SP00031" HPOS="452" VPOS="452" WIDTH="14"/>
						<String ID="P103_ST00038" HPOS="466" VPOS="419" WIDTH="30" HEIGHT="27" CONTENT="of" WC="1.00" CC="00"/>
						<SP ID="P103_SP00032" HPOS="496" VPOS="452" WIDTH="10"/>
						<String ID="P103_ST00039" HPOS="506" VPOS="429" WIDTH="16" HEIGHT="17" CONTENT="a" WC="1.00" CC="0"/>
						<SP ID="P103_SP00033" HPOS="522" VPOS="452" WIDTH="12"/>
						<String ID="P103_ST00040" HPOS="534" VPOS="419" WIDTH="220" HEIGHT="27" CONTENT='barrack-room."' WC="0.75" CC="70720003600006"/>
					</TextLine>
				</TextBlock>
				<TextBlock ID="P103_TB00005" HPOS="93" VPOS="476" WIDTH="796" HEIGHT="92" STYLEREFS="TXT_0 PAR_LEFT">
					<TextLine ID="P103_TL00008" HPOS="131" VPOS="477" WIDTH="758" HEIGHT="36">
						<String ID="P103_ST00041" HPOS="131" VPOS="477" WIDTH="44" HEIGHT="25" CONTENT="He" WC="0.66" CC="60"/>
						<SP ID="P103_SP00034" HPOS="175" VPOS="502" WIDTH="13"/>
						<String ID="P103_ST00042" HPOS="188" VPOS="477" WIDTH="88" HEIGHT="35" CONTENT="began" WC="0.71" CC="70007"/>
						<SP ID="P103_SP00035" HPOS="276" VPOS="512" WIDTH="19"/>
						<String ID="P103_ST00043" HPOS="295" VPOS="480" WIDTH="29" HEIGHT="23" CONTENT="to" WC="1.00" CC="00"/>
						<SP ID="P103_SP00036" HPOS="324" VPOS="512" WIDTH="22"/>
						<String ID="P103_ST00044" HPOS="346" VPOS="477" WIDTH="93" HEIGHT="26" CONTENT="smoke" WC="0.91" CC="40000"/>
						<SP ID="P103_SP00037" HPOS="439" VPOS="512" WIDTH="13"/>
						<String ID="P103_ST00045" HPOS="452" VPOS="478" WIDTH="98" HEIGHT="34" CONTENT="slowly," WC="0.76" CC="5210104"/>
						<SP ID="P103_SP00038" HPOS="550" VPOS="512" WIDTH="14"/>
						<String ID="P103_ST00046" HPOS="564" VPOS="477" WIDTH="153" HEIGHT="27" CONTENT="sometimes" WC="0.84" CC="730002001"/>
						<SP ID="P103_SP00039" HPOS="717" VPOS="512" WIDTH="14"/>
						<String ID="P103_ST00047" HPOS="731" VPOS="478" WIDTH="106" HEIGHT="35" CONTENT="sipping" WC="0.64" CC="1600079"/>
						<SP ID="P103_SP00040" HPOS="837" VPOS="513" WIDTH="12"/>
						<String ID="P103_ST00048" HPOS="849" VPOS="479" WIDTH="40" HEIGHT="26" CONTENT="his" WC="0.58" CC="740"/>
					</TextLine>
					<TextLine ID="P103_TL00009" HPOS="94" VPOS="535" WIDTH="695" HEIGHT="33">
						<String ID="P103_ST00049" HPOS="94" VPOS="535" WIDTH="173" HEIGHT="33" CONTENT="champagne." WC="0.72" CC="0700058600"/>
						<SP ID="P103_SP00041" HPOS="267" VPOS="568" WIDTH="40"/>
						<String ID="P103_ST00050" HPOS="307" VPOS="535" WIDTH="68" HEIGHT="33" CONTENT="Olga" WC="0.89" CC="0400"/>
						<SP ID="P103_SP00042" HPOS="375" VPOS="568" WIDTH="12"/>
						<String ID="P103_ST00051" HPOS="387" VPOS="535" WIDTH="85" HEIGHT="33" CONTENT="paced" WC="1.00" CC="00000"/>
						<SP ID="P103_SP00043" HPOS="472" VPOS="568" WIDTH="12"/>
						<String ID="P103_ST00052" HPOS="484" VPOS="535" WIDTH="138" HEIGHT="33" CONTENT="hurriedly" WC="0.68" CC="865250000"/>
						<SP ID="P103_SP00044" HPOS="622" VPOS="568" WIDTH="12"/>
						<String ID="P103_ST00053" HPOS="634" VPOS="538" WIDTH="28" HEIGHT="24" CONTENT="to" WC="0.71" CC="04"/>
						<SP ID="P103_SP00045" HPOS="662" VPOS="568" WIDTH="14"/>
						<String ID="P103_ST00054" HPOS="676" VPOS="535" WIDTH="54" HEIGHT="26" CONTENT="and" WC="0.81" CC="050"/>
						<SP ID="P103_SP00046" HPOS="730" VPOS="568" WIDTH="14"/>
						<String ID="P103_ST00055" HPOS="744" VPOS="535" WIDTH="45" HEIGHT="27" CONTENT="fro." WC="0.81" CC="0250"/>
					</TextLine>
				</TextBlock>
				<TextBlock ID="P103_TB00006" HPOS="93" VPOS="590" WIDTH="792" HEIGHT="94" STYLEREFS="TXT_0 PAR_LEFT">
					<TextLine ID="P103_TL00010" HPOS="132" VPOS="591" WIDTH="753" HEIGHT="28">
						<String ID="P103_ST00056" HPOS="132" VPOS="595" WIDTH="13" HEIGHT="10" CONTENT='"' WC="0.63" CC="3"/>
						<SP ID="P103_SP00047" HPOS="145" VPOS="605" WIDTH="10"/>
						<String ID="P103_ST00057" HPOS="155" VPOS="591" WIDTH="84" HEIGHT="28" CONTENT="What" WC="0.81" CC="0700"/>
						<SP ID="P103_SP00048" HPOS="239" VPOS="619" WIDTH="13"/>
						<String ID="P103_ST00058" HPOS="252" VPOS="591" WIDTH="23" HEIGHT="26" CONTENT="is" WC="0.73" CC="04"/>
						<SP ID="P103_SP00049" HPOS="275" VPOS="619" WIDTH="12"/>
						<String ID="P103_ST00059" HPOS="287" VPOS="592" WIDTH="48" HEIGHT="26" CONTENT="the" WC="0.58" CC="272"/>
						<SP ID="P103_SP00050" HPOS="335" VPOS="619" WIDTH="13"/>
						<String ID="P103_ST00060" HPOS="348" VPOS="595" WIDTH="100" HEIGHT="23" CONTENT="matter" WC="0.89" CC="006000"/>
						<SP ID="P103_SP00051" HPOS="448" VPOS="619" WIDTH="9"/>
						<String ID="P103_ST00061" HPOS="457" VPOS="594" WIDTH="9" HEIGHT="24" CONTENT="?" WC="1.00" CC="0"/>
						<String ID="P103_ST00062" HPOS="475" VPOS="592" WIDTH="14" HEIGHT="9" CONTENT='"' WC="1.00" CC="0"/>
						<SP ID="P103_SP00052" HPOS="489" VPOS="619" WIDTH="18"/>
						<String ID="P103_ST00063" HPOS="507" VPOS="592" WIDTH="36" HEIGHT="26" CONTENT="he" WC="0.62" CC="70"/>
						<SP ID="P103_SP00053" HPOS="543" VPOS="619" WIDTH="19"/>
						<String ID="P103_ST00064" HPOS="562" VPOS="592" WIDTH="62" HEIGHT="26" CONTENT="said." WC="0.99" CC="00000"/>
						<SP ID="P103_SP00054" HPOS="624" VPOS="619" WIDTH="40"/>
						<String ID="P103_ST00065" HPOS="664" VPOS="595" WIDTH="13" HEIGHT="11" CONTENT='"' WC="1.00" CC="0"/>
						<SP ID="P103_SP00055" HPOS="677" VPOS="619" WIDTH="7"/>
						<String ID="P103_ST00066" HPOS="684" VPOS="592" WIDTH="62" HEIGHT="26" CONTENT="You" WC="0.79" CC="005"/>
						<SP ID="P103_SP00056" HPOS="746" VPOS="619" WIDTH="20"/>
						<String ID="P103_ST00067" HPOS="766" VPOS="601" WIDTH="73" HEIGHT="17" CONTENT="seem" WC="0.93" CC="2000"/>
						<SP ID="P103_SP00057" HPOS="839" VPOS="619" WIDTH="21"/>
						<String ID="P103_ST00068" HPOS="860" VPOS="595" WIDTH="25" HEIGHT="23" CONTENT="to" WC="0.65" CC="60"/>
					</TextLine>
					<TextLine ID="P103_TL00011" HPOS="94" VPOS="650" WIDTH="253" HEIGHT="34">
						<String ID="P103_ST00069" HPOS="94" VPOS="650" WIDTH="34" HEIGHT="26" CONTENT="be" WC="0.64" CC="70"/>
						<SP ID="P103_SP00058" HPOS="128" VPOS="676" WIDTH="13"/>
						<String ID="P103_ST00070" HPOS="141" VPOS="659" WIDTH="65" HEIGHT="25" CONTENT="very" WC="0.86" CC="0050"/>
						<SP ID="P103_SP00059" HPOS="206" VPOS="684" WIDTH="13"/>
						<String ID="P103_ST00071" HPOS="219" VPOS="650" WIDTH="128" HEIGHT="27" CONTENT='restless."' WC="0.82" CC="0040006420"/>
					</TextLine>
				</TextBlock>
				<TextBlock ID="P103_TB00007" HPOS="91" VPOS="706" WIDTH="801" HEIGHT="264" STYLEREFS="TXT_0 PAR_LEFT">
					<TextLine ID="P103_TL00012" HPOS="132" VPOS="707" WIDTH="760" HEIGHT="35">
						<String ID="P103_ST00072" HPOS="132" VPOS="710" WIDTH="15" HEIGHT="10" CONTENT='"' WC="1.00" CC="0"/>
						<SP ID="P103_SP00060" HPOS="147" VPOS="720" WIDTH="8"/>
						<String ID="P103_ST00073" HPOS="155" VPOS="707" WIDTH="51" HEIGHT="32" CONTENT="Oh," WC="0.60" CC="074"/>
						<SP ID="P103_SP00061" HPOS="206" VPOS="739" WIDTH="26"/>
						<String ID="P103_ST00074" HPOS="232" VPOS="707" WIDTH="204" HEIGHT="32" CONTENT='Konstantine,"' WC="0.69" CC="0274207336020"/>
						<SP ID="P103_SP00062" HPOS="436" VPOS="739" WIDTH="27"/>
						<String ID="P103_ST00075" HPOS="463" VPOS="707" WIDTH="47" HEIGHT="26" CONTENT="she" WC="0.58" CC="470"/>
						<SP ID="P103_SP00063" HPOS="510" VPOS="739" WIDTH="26"/>
						<String ID="P103_ST00076" HPOS="536" VPOS="707" WIDTH="65" HEIGHT="32" CONTENT="said," WC="0.84" CC="30004"/>
						<SP ID="P103_SP00064" HPOS="601" VPOS="739" WIDTH="27"/>
						<String ID="P103_ST00077" HPOS="628" VPOS="707" WIDTH="107" HEIGHT="35" CONTENT="coming" WC="0.82" CC="030070"/>
						<SP ID="P103_SP00065" HPOS="735" VPOS="742" WIDTH="32"/>
						<String ID="P103_ST00078" HPOS="767" VPOS="710" WIDTH="28" HEIGHT="23" CONTENT="to" WC="0.69" CC="41"/>
						<SP ID="P103_SP00066" HPOS="795" VPOS="742" WIDTH="25"/>
						<String ID="P103_ST00079" HPOS="820" VPOS="707" WIDTH="57" HEIGHT="26" CONTENT="him" WC="0.63" CC="640"/>
						<String ID="P103_ST00080" HPOS="887" VPOS="717" WIDTH="5" HEIGHT="23" CONTENT=";" WC="0.46" CC="5"/>
					</TextLine>
					<TextLine ID="P103_TL00013" HPOS="96" VPOS="765" WIDTH="794" HEIGHT="35">
						<String ID="P103_ST00081" HPOS="96" VPOS="767" WIDTH="13" HEIGHT="10" CONTENT='"' WC="0.57" CC="4"/>
						<SP ID="P103_SP00067" HPOS="109" VPOS="777" WIDTH="11"/>
						<String ID="P103_ST00082" HPOS="120" VPOS="765" WIDTH="55" HEIGHT="26" CONTENT="this" WC="0.69" CC="0704"/>
						<SP ID="P103_SP00068" HPOS="175" VPOS="791" WIDTH="12"/>
						<String ID="P103_ST00083" HPOS="187" VPOS="774" WIDTH="76" HEIGHT="17" CONTENT="room" WC="0.90" CC="3000"/>
						<SP ID="P103_SP00069" HPOS="263" VPOS="791" WIDTH="13"/>
						<String ID="P103_ST00084" HPOS="276" VPOS="765" WIDTH="93" HEIGHT="27" CONTENT="makes" WC="0.93" CC="00003"/>
						<SP ID="P103_SP00070" HPOS="369" VPOS="792" WIDTH="14"/>
						<String ID="P103_ST00085" HPOS="383" VPOS="774" WIDTH="43" HEIGHT="17" CONTENT="me" WC="1.00" CC="00"/>
						<SP ID="P103_SP00071" HPOS="426" VPOS="792" WIDTH="14"/>
						<String ID="P103_ST00086" HPOS="440" VPOS="765" WIDTH="127" HEIGHT="26" CONTENT="ashamed" WC="0.82" CC="0570000"/>
						<SP ID="P103_SP00072" HPOS="567" VPOS="792" WIDTH="13"/>
						<String ID="P103_ST00087" HPOS="580" VPOS="765" WIDTH="29" HEIGHT="26" CONTENT="of" WC="1.00" CC="00"/>
						<SP ID="P103_SP00073" HPOS="609" VPOS="792" WIDTH="15"/>
						<String ID="P103_ST00088" HPOS="624" VPOS="765" WIDTH="48" HEIGHT="26" CONTENT="the" WC="0.64" CC="370"/>
						<SP ID="P103_SP00074" HPOS="672" VPOS="792" WIDTH="12"/>
						<String ID="P103_ST00089" HPOS="684" VPOS="765" WIDTH="96" HEIGHT="35" CONTENT="people" WC="0.96" CC="000020"/>
						<SP ID="P103_SP00075" HPOS="780" VPOS="800" WIDTH="15"/>
						<String ID="P103_ST00090" HPOS="795" VPOS="765" WIDTH="13" HEIGHT="25" CONTENT="I" WC="1.00" CC="0"/>
						<SP ID="P103_SP00076" HPOS="808" VPOS="800" WIDTH="13"/>
						<String ID="P103_ST00091" HPOS="821" VPOS="765" WIDTH="69" HEIGHT="26" CONTENT="have" WC="0.81" CC="7000"/>
					</TextLine>
					<TextLine ID="P103_TL00014" HPOS="97" VPOS="822" WIDTH="791" HEIGHT="35">
						<String ID="P103_ST00092" HPOS="97" VPOS="822" WIDTH="169" HEIGHT="27" CONTENT="entertained" WC="0.74" CC="06001101708"/>
						<SP ID="P103_SP00077" HPOS="266" VPOS="849" WIDTH="10"/>
						<String ID="P103_ST00093" HPOS="276" VPOS="822" WIDTH="124" HEIGHT="35" CONTENT="to-night." WC="0.70" CC="310600770"/>
						<SP ID="P103_SP00078" HPOS="400" VPOS="857" WIDTH="34"/>
						<String ID="P103_ST00094" HPOS="434" VPOS="822" WIDTH="55" HEIGHT="26" CONTENT="But" WC="0.31" CC="766"/>
						<SP ID="P103_SP00079" HPOS="489" VPOS="857" WIDTH="13"/>
						<String ID="P103_ST00095" HPOS="502" VPOS="822" WIDTH="68" HEIGHT="27" CONTENT="thou" WC="0.70" CC="3701"/>
						<SP ID="P103_SP00080" HPOS="570" VPOS="857" WIDTH="10"/>
						<String ID="P103_ST00096" HPOS="580" VPOS="825" WIDTH="76" HEIGHT="23" CONTENT="canst" WC="0.62" CC="00666"/>
						<SP ID="P103_SP00081" HPOS="656" VPOS="857" WIDTH="9"/>
						<String ID="P103_ST00097" HPOS="665" VPOS="822" WIDTH="95" HEIGHT="34" CONTENT="hardly" WC="0.67" CC="726200"/>
						<SP ID="P103_SP00082" HPOS="760" VPOS="857" WIDTH="10"/>
						<String ID="P103_ST00098" HPOS="770" VPOS="822" WIDTH="118" HEIGHT="35" CONTENT="imagine" WC="0.75" CC="3006070"/>
					</TextLine>
					<TextLine ID="P103_TL00015" HPOS="94" VPOS="879" WIDTH="796" HEIGHT="27">
						<String ID="P103_ST00099" HPOS="94" VPOS="880" WIDTH="72" HEIGHT="25" CONTENT="what" WC="0.73" CC="0703"/>
						<SP ID="P103_SP00083" HPOS="166" VPOS="905" WIDTH="23"/>
						<String ID="P103_ST00100" HPOS="189" VPOS="889" WIDTH="16" HEIGHT="16" CONTENT="a" WC="0.07" CC="9"/>
						<SP ID="P103_SP00084" HPOS="205" VPOS="905" WIDTH="20"/>
						<String ID="P103_ST00101" HPOS="225" VPOS="880" WIDTH="45" HEIGHT="25" CONTENT="life" WC="0.93" CC="2000"/>
						<SP ID="P103_SP00085" HPOS="270" VPOS="905" WIDTH="22"/>
						<String ID="P103_ST00102" HPOS="292" VPOS="888" WIDTH="50" HEIGHT="18" CONTENT="one" WC="0.74" CC="160"/>
						<SP ID="P103_SP00086" HPOS="342" VPOS="906" WIDTH="22"/>
						<String ID="P103_ST00103" HPOS="364" VPOS="880" WIDTH="22" HEIGHT="25" CONTENT="is" WC="0.80" CC="30"/>
						<SP ID="P103_SP00087" HPOS="386" VPOS="906" WIDTH="22"/>
						<String ID="P103_ST00104" HPOS="408" VPOS="879" WIDTH="89" HEIGHT="27" CONTENT="forced" WC="0.91" CC="050000"/>
						<SP ID="P103_SP00088" HPOS="497" VPOS="906" WIDTH="21"/>
						<String ID="P103_ST00105" HPOS="518" VPOS="882" WIDTH="28" HEIGHT="24" CONTENT="to" WC="0.93" CC="10"/>
						<SP ID="P103_SP00089" HPOS="546" VPOS="906" WIDTH="20"/>
						<String ID="P103_ST00106" HPOS="566" VPOS="879" WIDTH="60" HEIGHT="26" CONTENT="lead" WC="0.79" CC="0080"/>
						<SP ID="P103_SP00090" HPOS="626" VPOS="906" WIDTH="20"/>
						<String ID="P103_ST00107" HPOS="646" VPOS="879" WIDTH="29" HEIGHT="26" CONTENT="in" WC="0.64" CC="07"/>
						<SP ID="P103_SP00091" HPOS="675" VPOS="906" WIDTH="21"/>
						<String ID="P103_ST00108" HPOS="696" VPOS="879" WIDTH="55" HEIGHT="26" CONTENT="this" WC="0.41" CC="4746"/>
						<SP ID="P103_SP00092" HPOS="751" VPOS="906" WIDTH="22"/>
						<String ID="P103_ST00109" HPOS="773" VPOS="880" WIDTH="117" HEIGHT="26" CONTENT="horrible" WC="0.70" CC="73500700"/>
					</TextLine>
					<TextLine ID="P103_TL00016" HPOS="92" VPOS="936" WIDTH="97" HEIGHT="34">
						<String ID="P103_ST00110" HPOS="92" VPOS="936" WIDTH="97" HEIGHT="34" CONTENT='place."' WC="0.92" CC="0100003"/>
					</TextLine>
				</TextBlock>
				<TextBlock ID="P103_TB00008" HPOS="90" VPOS="993" WIDTH="799" HEIGHT="151" STYLEREFS="TXT_0 PAR_LEFT">
					<TextLine ID="P103_TL00017" HPOS="128" VPOS="994" WIDTH="761" HEIGHT="36">
						<String ID="P103_ST00111" HPOS="128" VPOS="994" WIDTH="77" HEIGHT="26" CONTENT="Then" WC="0.64" CC="0707"/>
						<SP ID="P103_SP00093" HPOS="205" VPOS="1020" WIDTH="14"/>
						<String ID="P103_ST00112" HPOS="219" VPOS="994" WIDTH="47" HEIGHT="27" CONTENT="she" WC="0.53" CC="670"/>
						<SP ID="P103_SP00094" HPOS="266" VPOS="1021" WIDTH="19"/>
						<String ID="P103_ST00113" HPOS="285" VPOS="995" WIDTH="96" HEIGHT="35" CONTENT="passed" WC="1.00" CC="000000"/>
						<SP ID="P103_SP00095" HPOS="381" VPOS="1030" WIDTH="19"/>
						<String ID="P103_ST00114" HPOS="400" VPOS="995" WIDTH="48" HEIGHT="26" CONTENT="her" WC="0.55" CC="706"/>
						<SP ID="P103_SP00096" HPOS="448" VPOS="1030" WIDTH="12"/>
						<String ID="P103_ST00115" HPOS="460" VPOS="995" WIDTH="90" HEIGHT="26" CONTENT="velvet" WC="0.84" CC="003005"/>
						<SP ID="P103_SP00097" HPOS="550" VPOS="1030" WIDTH="22"/>
						<String ID="P103_ST00116" HPOS="572" VPOS="995" WIDTH="73" HEIGHT="25" CONTENT="hand" WC="0.51" CC="7056"/>
						<SP ID="P103_SP00098" HPOS="645" VPOS="1030" WIDTH="20"/>
						<String ID="P103_ST00117" HPOS="665" VPOS="1004" WIDTH="86" HEIGHT="16" CONTENT="across" WC="0.62" CC="503067"/>
						<SP ID="P103_SP00099" HPOS="751" VPOS="1030" WIDTH="21"/>
						<String ID="P103_ST00118" HPOS="772" VPOS="994" WIDTH="41" HEIGHT="26" CONTENT="his" WC="0.75" CC="700"/>
						<SP ID="P103_SP00100" HPOS="813" VPOS="1030" WIDTH="20"/>
						<String ID="P103_ST00119" HPOS="833" VPOS="995" WIDTH="56" HEIGHT="26" CONTENT="face" WC="0.97" CC="0001"/>
					</TextLine>
					<TextLine ID="P103_TL00018" HPOS="92" VPOS="1052" WIDTH="797" HEIGHT="35">
						<String ID="P103_ST00120" HPOS="92" VPOS="1053" WIDTH="66" HEIGHT="25" CONTENT="with" WC="0.70" CC="0137"/>
						<SP ID="P103_SP00101" HPOS="158" VPOS="1078" WIDTH="18"/>
						<String ID="P103_ST00121" HPOS="176" VPOS="1062" WIDTH="16" HEIGHT="16" CONTENT="a" WC="1.00" CC="0"/>
						<SP ID="P103_SP00102" HPOS="192" VPOS="1078" WIDTH="22"/>
						<String ID="P103_ST00122" HPOS="214" VPOS="1053" WIDTH="82" HEIGHT="26" CONTENT="feline" WC="0.82" CC="004060"/>
						<SP ID="P103_SP00103" HPOS="296" VPOS="1079" WIDTH="21"/>
						<String ID="P103_ST00123" HPOS="317" VPOS="1055" WIDTH="113" HEIGHT="32" CONTENT="gesture." WC="0.68" CC="00676500"/>
						<SP ID="P103_SP00104" HPOS="430" VPOS="1087" WIDTH="40"/>
						<String ID="P103_ST00124" HPOS="470" VPOS="1056" WIDTH="14" HEIGHT="9" CONTENT='"' WC="1.00" CC="0"/>
						<SP ID="P103_SP00105" HPOS="484" VPOS="1087" WIDTH="10"/>
						<String ID="P103_ST00125" HPOS="494" VPOS="1052" WIDTH="90" HEIGHT="32" CONTENT="Come," WC="0.67" CC="44700"/>
						<SP ID="P103_SP00106" HPOS="584" VPOS="1087" WIDTH="23"/>
						<String ID="P103_ST00126" HPOS="607" VPOS="1053" WIDTH="106" HEIGHT="26" CONTENT="dearest" WC="0.71" CC="6000067"/>
						<String ID="P103_ST00127" HPOS="714" VPOS="1069" WIDTH="36" HEIGHT="3" CONTENT="—" WC="0.20" CC="8"/>
						<String ID="P103_ST00128" HPOS="750" VPOS="1056" WIDTH="28" HEIGHT="23" CONTENT="to" WC="0.93" CC="10"/>
						<SP ID="P103_SP00107" HPOS="778" VPOS="1087" WIDTH="24"/>
						<String ID="P103_ST00129" HPOS="802" VPOS="1053" WIDTH="87" HEIGHT="34" CONTENT="oblige" WC="0.72" CC="561200"/>
					</TextLine>
					<TextLine ID="P103_TL00019" HPOS="92" VPOS="1110" WIDTH="638" HEIGHT="34">
						<String ID="P103_ST00130" HPOS="92" VPOS="1120" WIDTH="50" HEIGHT="16" CONTENT="me." WC="0.99" CC="000"/>
						<SP ID="P103_SP00108" HPOS="142" VPOS="1136" WIDTH="39"/>
						<String ID="P103_ST00131" HPOS="181" VPOS="1110" WIDTH="42" HEIGHT="26" CONTENT="Do" WC="0.40" CC="74"/>
						<SP ID="P103_SP00109" HPOS="223" VPOS="1136" WIDTH="14"/>
						<String ID="P103_ST00132" HPOS="237" VPOS="1114" WIDTH="47" HEIGHT="22" CONTENT="not" WC="0.54" CC="634"/>
						<SP ID="P103_SP00110" HPOS="284" VPOS="1136" WIDTH="14"/>
						<String ID="P103_ST00133" HPOS="298" VPOS="1111" WIDTH="38" HEIGHT="25" CONTENT="let" WC="0.75" CC="105"/>
						<SP ID="P103_SP00111" HPOS="336" VPOS="1136" WIDTH="18"/>
						<String ID="P103_ST00134" HPOS="354" VPOS="1120" WIDTH="32" HEIGHT="16" CONTENT="us" WC="0.70" CC="50"/>
						<SP ID="P103_SP00112" HPOS="386" VPOS="1136" WIDTH="13"/>
						<String ID="P103_ST00135" HPOS="399" VPOS="1114" WIDTH="60" HEIGHT="30" CONTENT="stay" WC="0.72" CC="5500"/>
						<SP ID="P103_SP00113" HPOS="459" VPOS="1144" WIDTH="13"/>
						<String ID="P103_ST00136" HPOS="472" VPOS="1111" WIDTH="64" HEIGHT="25" CONTENT="here" WC="0.80" CC="7000"/>
						<SP ID="P103_SP00114" HPOS="536" VPOS="1144" WIDTH="13"/>
						<String ID="P103_ST00137" HPOS="549" VPOS="1120" WIDTH="53" HEIGHT="24" CONTENT="any" WC="0.75" CC="070"/>
						<SP ID="P103_SP00115" HPOS="602" VPOS="1144" WIDTH="14"/>
						<String ID="P103_ST00138" HPOS="616" VPOS="1110" WIDTH="114" HEIGHT="34" CONTENT='longer."' WC="0.81" CC="02700400"/>
					</TextLine>
				</TextBlock>
				<TextBlock ID="P103_TB00009" HPOS="86" VPOS="1167" WIDTH="802" HEIGHT="213" STYLEREFS="TXT_0 PAR_LEFT">
					<TextLine ID="P103_TL00020" HPOS="129" VPOS="1169" WIDTH="759" HEIGHT="34">
						<String ID="P103_ST00139" HPOS="129" VPOS="1169" WIDTH="58" HEIGHT="26" CONTENT="The" WC="0.78" CC="060"/>
						<SP ID="P103_SP00116" HPOS="187" VPOS="1195" WIDTH="13"/>
						<String ID="P103_ST00140" HPOS="200" VPOS="1169" WIDTH="109" HEIGHT="34" CONTENT="general" WC="0.90" CC="0060000"/>
						<SP ID="P103_SP00117" HPOS="309" VPOS="1203" WIDTH="19"/>
						<String ID="P103_ST00141" HPOS="328" VPOS="1170" WIDTH="66" HEIGHT="25" CONTENT="stole" WC="0.76" CC="34030"/>
						<SP ID="P103_SP00118" HPOS="394" VPOS="1203" WIDTH="20"/>
						<String ID="P103_ST00142" HPOS="414" VPOS="1178" WIDTH="16" HEIGHT="17" CONTENT="a" WC="1.00" CC="0"/>
						<SP ID="P103_SP00119" HPOS="430" VPOS="1203" WIDTH="18"/>
						<String ID="P103_ST00143" HPOS="448" VPOS="1169" WIDTH="63" HEIGHT="26" CONTENT="look" WC="0.84" CC="3020"/>
						<SP ID="P103_SP00120" HPOS="511" VPOS="1203" WIDTH="21"/>
						<String ID="P103_ST00144" HPOS="532" VPOS="1172" WIDTH="29" HEIGHT="23" CONTENT="at" WC="0.85" CC="02"/>
						<SP ID="P103_SP00121" HPOS="561" VPOS="1203" WIDTH="21"/>
						<String ID="P103_ST00145" HPOS="582" VPOS="1169" WIDTH="46" HEIGHT="25" CONTENT="the" WC="0.53" CC="670"/>
						<SP ID="P103_SP00122" HPOS="628" VPOS="1203" WIDTH="21"/>
						<String ID="P103_ST00146" HPOS="649" VPOS="1169" WIDTH="83" HEIGHT="26" CONTENT="clock." WC="0.94" CC="030000"/>
						<SP ID="P103_SP00123" HPOS="732" VPOS="1203" WIDTH="41"/>
						<String ID="P103_ST00147" HPOS="773" VPOS="1169" WIDTH="115" HEIGHT="32" CONTENT='"Well,"' WC="0.90" CC="2000040"/>
					</TextLine>
					<TextLine ID="P103_TL00021" HPOS="90" VPOS="1226" WIDTH="798" HEIGHT="36">
						<String ID="P103_ST00148" HPOS="90" VPOS="1227" WIDTH="58" HEIGHT="26" CONTENT="said" WC="0.97" CC="1000"/>
						<SP ID="P103_SP00124" HPOS="148" VPOS="1253" WIDTH="21"/>
						<String ID="P103_ST00149" HPOS="169" VPOS="1227" WIDTH="42" HEIGHT="32" CONTENT="he," WC="0.60" CC="704"/>
						<SP ID="P103_SP00125" HPOS="211" VPOS="1259" WIDTH="22"/>
						<String ID="P103_ST00150" HPOS="233" VPOS="1227" WIDTH="100" HEIGHT="26" CONTENT='"when' WC="0.71" CC="00707"/>
						<SP ID="P103_SP00126" HPOS="333" VPOS="1259" WIDTH="23"/>
						<String ID="P103_ST00151" HPOS="356" VPOS="1227" WIDTH="14" HEIGHT="26" CONTENT="I" WC="1.00" CC="0"/>
						<SP ID="P103_SP00127" HPOS="370" VPOS="1259" WIDTH="21"/>
						<String ID="P103_ST00152" HPOS="391" VPOS="1227" WIDTH="69" HEIGHT="26" CONTENT="have" WC="0.59" CC="6090"/>
						<SP ID="P103_SP00128" HPOS="460" VPOS="1259" WIDTH="25"/>
						<String ID="P103_ST00153" HPOS="485" VPOS="1226" WIDTH="115" HEIGHT="26" CONTENT="finished" WC="0.79" CC="00705300"/>
						<SP ID="P103_SP00129" HPOS="600" VPOS="1259" WIDTH="24"/>
						<String ID="P103_ST00154" HPOS="624" VPOS="1236" WIDTH="47" HEIGHT="26" CONTENT="my" WC="1.00" CC="00"/>
						<SP ID="P103_SP00130" HPOS="671" VPOS="1262" WIDTH="25"/>
						<String ID="P103_ST00155" HPOS="696" VPOS="1226" WIDTH="81" HEIGHT="36" CONTENT="cigar," WC="0.78" CC="010074"/>
						<SP ID="P103_SP00131" HPOS="777" VPOS="1262" WIDTH="21"/>
						<String ID="P103_ST00156" HPOS="798" VPOS="1226" WIDTH="14" HEIGHT="26" CONTENT="I" WC="1.00" CC="0"/>
						<SP ID="P103_SP00132" HPOS="812" VPOS="1262" WIDTH="22"/>
						<String ID="P103_ST00157" HPOS="834" VPOS="1226" WIDTH="54" HEIGHT="27" CONTENT="will" WC="0.80" CC="0303"/>
					</TextLine>
					<TextLine ID="P103_TL00022" HPOS="88" VPOS="1284" WIDTH="798" HEIGHT="36">
						<String ID="P103_ST00158" HPOS="88" VPOS="1285" WIDTH="100" HEIGHT="35" CONTENT="gratify" WC="0.88" CC="0000430"/>
						<SP ID="P103_SP00133" HPOS="188" VPOS="1320" WIDTH="20"/>
						<String ID="P103_ST00159" HPOS="208" VPOS="1294" WIDTH="68" HEIGHT="26" CONTENT="your" WC="0.80" CC="0160"/>
						<SP ID="P103_SP00134" HPOS="276" VPOS="1320" WIDTH="16"/>
						<String ID="P103_ST00160" HPOS="292" VPOS="1285" WIDTH="89" HEIGHT="27" CONTENT="whim." WC="0.81" CC="07100"/>
						<SP ID="P103_SP00135" HPOS="381" VPOS="1320" WIDTH="38"/>
						<String ID="P103_ST00161" HPOS="419" VPOS="1284" WIDTH="65" HEIGHT="27" CONTENT="And" WC="0.46" CC="960"/>
						<SP ID="P103_SP00136" HPOS="484" VPOS="1320" WIDTH="18"/>
						<String ID="P103_ST00162" HPOS="502" VPOS="1294" WIDTH="61" HEIGHT="17" CONTENT="now" WC="0.75" CC="600"/>
						<SP ID="P103_SP00137" HPOS="563" VPOS="1320" WIDTH="19"/>
						<String ID="P103_ST00163" HPOS="582" VPOS="1284" WIDTH="36" HEIGHT="27" CONTENT="sit" WC="0.90" CC="002"/>
						<SP ID="P103_SP00138" HPOS="618" VPOS="1320" WIDTH="20"/>
						<String ID="P103_ST00164" HPOS="638" VPOS="1284" WIDTH="84" HEIGHT="28" CONTENT="down." WC="0.55" CC="80770"/>
						<SP ID="P103_SP00139" HPOS="722" VPOS="1320" WIDTH="37"/>
						<String ID="P103_ST00165" HPOS="759" VPOS="1284" WIDTH="74" HEIGHT="35" CONTENT="Why" WC="0.75" CC="070"/>
						<SP ID="P103_SP00140" HPOS="833" VPOS="1320" WIDTH="20"/>
						<String ID="P103_ST00166" HPOS="853" VPOS="1285" WIDTH="33" HEIGHT="26" CONTENT="do" WC="0.89" CC="02"/>
					</TextLine>
					<TextLine ID="P103_TL00023" HPOS="87" VPOS="1344" WIDTH="545" HEIGHT="36">
						<String ID="P103_ST00167" HPOS="87" VPOS="1355" WIDTH="53" HEIGHT="25" CONTENT="you" WC="0.79" CC="014"/>
						<SP ID="P103_SP00141" HPOS="140" VPOS="1380" WIDTH="14"/>
						<String ID="P103_ST00168" HPOS="154" VPOS="1346" WIDTH="69" HEIGHT="34" CONTENT="keep" WC="1.00" CC="0000"/>
						<SP ID="P103_SP00142" HPOS="223" VPOS="1380" WIDTH="13"/>
						<String ID="P103_ST00169" HPOS="236" VPOS="1346" WIDTH="109" HEIGHT="34" CONTENT="moving" WC="0.86" CC="000070"/>
						<SP ID="P103_SP00143" HPOS="345" VPOS="1380" WIDTH="13"/>
						<String ID="P103_ST00170" HPOS="358" VPOS="1346" WIDTH="83" HEIGHT="26" CONTENT="about" WC="0.62" CC="07064"/>
						<SP ID="P103_SP00144" HPOS="441" VPOS="1380" WIDTH="14"/>
						<String ID="P103_ST00171" HPOS="455" VPOS="1345" WIDTH="55" HEIGHT="26" CONTENT="like" WC="1.00" CC="0000"/>
						<SP ID="P103_SP00145" HPOS="510" VPOS="1380" WIDTH="19"/>
						<String ID="P103_ST00172" HPOS="529" VPOS="1345" WIDTH="61" HEIGHT="26" CONTENT="that" WC="0.57" CC="5703"/>
						<SP ID="P103_SP00146" HPOS="590" VPOS="1380" WIDTH="10"/>
						<String ID="P103_ST00173" HPOS="600" VPOS="1346" WIDTH="9" HEIGHT="24" CONTENT="?" WC="1.00" CC="0"/>
						<String ID="P103_ST00174" HPOS="618" VPOS="1344" WIDTH="14" HEIGHT="10" CONTENT='"' WC="1.00" CC="0"/>
					</TextLine>
				</TextBlock>
				<TextBlock ID="P103_TB00010" HPOS="86" VPOS="1402" WIDTH="799" HEIGHT="93" STYLEREFS="TXT_0 PAR_LEFT">
					<TextLine ID="P103_TL00024" HPOS="126" VPOS="1402" WIDTH="759" HEIGHT="38">
						<String ID="P103_ST00175" HPOS="126" VPOS="1407" WIDTH="14" HEIGHT="11" CONTENT='"' WC="0.67" CC="3"/>
						<SP ID="P103_SP00147" HPOS="140" VPOS="1418" WIDTH="10"/>
						<String ID="P103_ST00176" HPOS="150" VPOS="1404" WIDTH="51" HEIGHT="26" CONTENT="Let" WC="0.69" CC="206"/>
						<SP ID="P103_SP00148" HPOS="201" VPOS="1430" WIDTH="13"/>
						<String ID="P103_ST00177" HPOS="214" VPOS="1413" WIDTH="44" HEIGHT="17" CONTENT="me" WC="1.00" CC="00"/>
						<SP ID="P103_SP00149" HPOS="258" VPOS="1430" WIDTH="18"/>
						<String ID="P103_ST00178" HPOS="276" VPOS="1413" WIDTH="34" HEIGHT="27" CONTENT="go" WC="0.97" CC="00"/>
						<SP ID="P103_SP00150" HPOS="310" VPOS="1440" WIDTH="19"/>
						<String ID="P103_ST00179" HPOS="329" VPOS="1407" WIDTH="48" HEIGHT="24" CONTENT="out" WC="0.87" CC="021"/>
						<SP ID="P103_SP00151" HPOS="377" VPOS="1440" WIDTH="19"/>
						<String ID="P103_ST00180" HPOS="396" VPOS="1404" WIDTH="40" HEIGHT="26" CONTENT="for" WC="0.99" CC="000"/>
						<SP ID="P103_SP00152" HPOS="436" VPOS="1440" WIDTH="22"/>
						<String ID="P103_ST00181" HPOS="458" VPOS="1412" WIDTH="17" HEIGHT="18" CONTENT="a" WC="1.00" CC="0"/>
						<SP ID="P103_SP00153" HPOS="475" VPOS="1440" WIDTH="21"/>
						<String ID="P103_ST00182" HPOS="496" VPOS="1406" WIDTH="122" HEIGHT="23" CONTENT="moment" WC="0.85" CC="000071"/>
						<SP ID="P103_SP00154" HPOS="618" VPOS="1440" WIDTH="22"/>
						<String ID="P103_ST00183" HPOS="640" VPOS="1406" WIDTH="28" HEIGHT="23" CONTENT="to" WC="1.00" CC="00"/>
						<SP ID="P103_SP00155" HPOS="668" VPOS="1440" WIDTH="23"/>
						<String ID="P103_ST00184" HPOS="691" VPOS="1402" WIDTH="77" HEIGHT="27" CONTENT="order" WC="0.86" CC="03003"/>
						<SP ID="P103_SP00156" HPOS="768" VPOS="1440" WIDTH="22"/>
						<String ID="P103_ST00185" HPOS="790" VPOS="1412" WIDTH="17" HEIGHT="17" CONTENT="a" WC="1.00" CC="0"/>
						<SP ID="P103_SP00157" HPOS="807" VPOS="1440" WIDTH="20"/>
						<String ID="P103_ST00186" HPOS="827" VPOS="1403" WIDTH="58" HEIGHT="27" CONTENT="nice" WC="0.83" CC="4100"/>
					</TextLine>
					<TextLine ID="P103_TL00025" HPOS="87" VPOS="1461" WIDTH="240" HEIGHT="34">
						<String ID="P103_ST00187" HPOS="87" VPOS="1470" WIDTH="100" HEIGHT="25" CONTENT="supper" WC="0.57" CC="730706"/>
						<SP ID="P103_SP00158" HPOS="187" VPOS="1495" WIDTH="11"/>
						<String ID="P103_ST00188" HPOS="198" VPOS="1461" WIDTH="40" HEIGHT="26" CONTENT="for" WC="0.65" CC="801"/>
						<SP ID="P103_SP00159" HPOS="238" VPOS="1495" WIDTH="16"/>
						<String ID="P103_ST00189" HPOS="254" VPOS="1462" WIDTH="73" HEIGHT="33" CONTENT='you."' WC="1.00" CC="00000"/>
					</TextLine>
				</TextBlock>
				<TextBlock ID="P103_TB00011" HPOS="123" VPOS="1518" WIDTH="762" HEIGHT="36" STYLEREFS="TXT_0 PAR_CENTER">
					<TextLine ID="P103_TL00026" HPOS="124" VPOS="1518" WIDTH="761" HEIGHT="36">
						<String ID="P103_ST00190" HPOS="124" VPOS="1522" WIDTH="15" HEIGHT="11" CONTENT='"' WC="0.66" CC="3"/>
						<SP ID="P103_SP00160" HPOS="139" VPOS="1533" WIDTH="10"/>
						<String ID="P103_ST00191" HPOS="149" VPOS="1518" WIDTH="86" HEIGHT="27" CONTENT="Order" WC="0.76" CC="06400"/>
						<SP ID="P103_SP00161" HPOS="235" VPOS="1545" WIDTH="21"/>
						<String ID="P103_ST00192" HPOS="256" VPOS="1529" WIDTH="47" HEIGHT="25" CONTENT="my" WC="0.83" CC="30"/>
						<SP ID="P103_SP00162" HPOS="303" VPOS="1554" WIDTH="20"/>
						<String ID="P103_ST00193" HPOS="323" VPOS="1528" WIDTH="98" HEIGHT="26" CONTENT="supper" WC="0.82" CC="070003"/>
						<String ID="P103_ST00194" HPOS="431" VPOS="1522" WIDTH="5" HEIGHT="24" CONTENT="!" WC="1.00" CC="0"/>
						<SP ID="P103_SP00163" HPOS="436" VPOS="1554" WIDTH="40"/>
						<String ID="P103_ST00195" HPOS="476" VPOS="1519" WIDTH="73" HEIGHT="27" CONTENT="Pooh" WC="0.31" CC="7567"/>
						<SP ID="P103_SP00164" HPOS="549" VPOS="1554" WIDTH="16"/>
						<String ID="P103_ST00196" HPOS="565" VPOS="1522" WIDTH="4" HEIGHT="24" CONTENT="!" WC="1.00" CC="0"/>
						<SP ID="P103_SP00165" HPOS="569" VPOS="1554" WIDTH="40"/>
						<String ID="P103_ST00197" HPOS="609" VPOS="1518" WIDTH="90" HEIGHT="27" CONTENT="When" WC="0.64" CC="0707"/>
						<SP ID="P103_SP00166" HPOS="699" VPOS="1554" WIDTH="20"/>
						<String ID="P103_ST00198" HPOS="719" VPOS="1527" WIDTH="40" HEIGHT="18" CONTENT="we" WC="1.00" CC="00"/>
						<SP ID="P103_SP00167" HPOS="759" VPOS="1554" WIDTH="21"/>
						<String ID="P103_ST00199" HPOS="780" VPOS="1527" WIDTH="34" HEIGHT="26" CONTENT="go" WC="0.69" CC="06"/>
						<SP ID="P103_SP00168" HPOS="814" VPOS="1554" WIDTH="23"/>
						<String ID="P103_ST00200" HPOS="837" VPOS="1526" WIDTH="48" HEIGHT="26" CONTENT="up-" WC="0.62" CC="451"/>
					</TextLine>
				</TextBlock>
			</PrintSpace>
		</Page>
	</Layout>
</alto>
