<?xml version="1.0" encoding="UTF-8"?>
<alto xmlns:xsi="http://www.w3.org/2001/XMLSchema-instance" xsi:noNamespaceSchemaLocation="http://www.bl.uk/schemas/alto/alto-1-4.xsd" xmlns:xlink="http://www.w3.org/1999/xlink">
	<Description>
		<MeasurementUnit>mm10</MeasurementUnit>
		<sourceImageInformation>
			<fileName>//head1/IN/2007-44/A0010858537.2/001846.jp2</fileName>
		</sourceImageInformation>
		<OCRProcessing ID="OCRPROCESSING_1">
			<preProcessingStep>
				<processingSoftware>
					<softwareCreator>CCS Content Conversion Specialists GmbH, Germany</softwareCreator>
					<softwareName>CCS docWORKS</softwareName>
					<softwareVersion>6.1-0.59</softwareVersion>
				</processingSoftware>
			</preProcessingStep>
			<ocrProcessingStep>
				<processingSoftware>
					<softwareCreator>ABBYY (BIT Software), Russia</softwareCreator>
					<softwareName>Finereader</softwareName>
				</processingSoftware>
			</ocrProcessingStep>
		</OCRProcessing>
	</Description>
	<Styles>
		<TextStyle ID="TXT_0" FONTSIZE="10" FONTFAMILY="Courier New"/>
		<TextStyle ID="TXT_1" FONTSIZE="9" FONTFAMILY="Courier New"/>
		<ParagraphStyle ID="PAR_LEFT" ALIGN="Left"/>
		<ParagraphStyle ID="PAR_CENTER" ALIGN="Center"/>
	</Styles>
	<Layout>
		<Page ID="P68" PHYSICAL_IMG_NR="68" HEIGHT="1683" WIDTH="989" PRINTED_IMG_NR="60" POSITION="Left" ACCURACY="79.60">
			<TopMargin ID="P68_TM00001" HPOS="0" VPOS="0" WIDTH="988" HEIGHT="110">
				<TextBlock ID="P68_TB00001" HPOS="86" VPOS="82" WIDTH="32" HEIGHT="26" STYLEREFS="TXT_0 PAR_LEFT">
					<TextLine ID="P68_TL00001" HPOS="86" VPOS="83" WIDTH="32" HEIGHT="25">
						<String ID="P68_ST00001" HPOS="86" VPOS="83" WIDTH="32" HEIGHT="25" CONTENT="60" WC="0.69" CC="06"/>
					</TextLine>
				</TextBlock>
				<TextBlock ID="P68_TB00002" HPOS="427" VPOS="88" WIDTH="130" HEIGHT="20" STYLEREFS="TXT_1 PAR_CENTER">
					<TextLine ID="P68_TL00002" HPOS="428" VPOS="89" WIDTH="129" HEIGHT="19">
						<String ID="P68_ST00002" HPOS="428" VPOS="89" WIDTH="129" HEIGHT="19" CONTENT="SEE-SAW." WC="0.86" CC="50030001"/>
					</TextLine>
				</TextBlock>
			</TopMargin>
			<LeftMargin ID="P68_LM00001" HPOS="0" VPOS="110" WIDTH="84" HEIGHT="1438"/>
			<RightMargin ID="P68_RM00001" HPOS="908" VPOS="110" WIDTH="80" HEIGHT="1438"/>
			<BottomMargin ID="P68_BM00001" HPOS="0" VPOS="1548" WIDTH="988" HEIGHT="135"/>
			<PrintSpace ID="P68_PS00001" HPOS="84" VPOS="110" WIDTH="824" HEIGHT="1438">
				<TextBlock ID="P68_TB00003" HPOS="84" VPOS="167" WIDTH="816" HEIGHT="90" STYLEREFS="TXT_1 PAR_LEFT">
					<TextLine ID="P68_TL00003" HPOS="85" VPOS="167" WIDTH="815" HEIGHT="42">
						<String ID="P68_ST00003" HPOS="85" VPOS="182" WIDTH="63" HEIGHT="17" CONTENT="men" WC="0.68" CC="206"/>
						<SP ID="P68_SP00001" HPOS="148" VPOS="199" WIDTH="14"/>
						<String ID="P68_ST00004" HPOS="162" VPOS="172" WIDTH="65" HEIGHT="28" CONTENT="rake" WC="0.94" CC="0020"/>
						<SP ID="P68_SP00002" HPOS="227" VPOS="200" WIDTH="23"/>
						<String ID="P68_ST00005" HPOS="250" VPOS="183" WIDTH="37" HEIGHT="26" CONTENT="up" WC="0.68" CC="60"/>
						<SP ID="P68_SP00003" HPOS="287" VPOS="209" WIDTH="23"/>
						<String ID="P68_ST00006" HPOS="310" VPOS="173" WIDTH="69" HEIGHT="27" CONTENT="from" WC="0.90" CC="0040"/>
						<SP ID="P68_SP00004" HPOS="379" VPOS="209" WIDTH="22"/>
						<String ID="P68_ST00007" HPOS="401" VPOS="182" WIDTH="83" HEIGHT="27" CONTENT="green" WC="0.74" CC="05006"/>
						<SP ID="P68_SP00005" HPOS="484" VPOS="209" WIDTH="22"/>
						<String ID="P68_ST00008" HPOS="506" VPOS="172" WIDTH="73" HEIGHT="27" CONTENT="cloth" WC="0.78" CC="01026"/>
						<SP ID="P68_SP00006" HPOS="579" VPOS="209" WIDTH="14"/>
						<String ID="P68_ST00009" HPOS="593" VPOS="180" WIDTH="64" HEIGHT="27" CONTENT="goes" WC="0.86" CC="0005"/>
						<SP ID="P68_SP00007" HPOS="657" VPOS="209" WIDTH="14"/>
						<String ID="P68_ST00010" HPOS="671" VPOS="179" WIDTH="29" HEIGHT="18" CONTENT="as" WC="0.78" CC="04"/>
						<SP ID="P68_SP00008" HPOS="700" VPOS="209" WIDTH="21"/>
						<String ID="P68_ST00011" HPOS="721" VPOS="168" WIDTH="100" HEIGHT="37" CONTENT="lightly" WC="0.82" CC="0407000"/>
						<SP ID="P68_SP00009" HPOS="821" VPOS="209" WIDTH="14"/>
						<String ID="P68_ST00012" HPOS="835" VPOS="178" WIDTH="29" HEIGHT="16" CONTENT="as" WC="0.87" CC="02"/>
						<SP ID="P68_SP00010" HPOS="864" VPOS="209" WIDTH="14"/>
						<String ID="P68_ST00013" HPOS="878" VPOS="167" WIDTH="22" HEIGHT="27" CONTENT="it" WC="0.62" CC="07"/>
					</TextLine>
					<TextLine ID="P68_TL00004" HPOS="85" VPOS="231" WIDTH="238" HEIGHT="26">
						<String ID="P68_ST00014" HPOS="85" VPOS="239" WIDTH="85" HEIGHT="18" CONTENT="seems" WC="0.79" CC="30006"/>
						<SP ID="P68_SP00011" HPOS="170" VPOS="257" WIDTH="14"/>
						<String ID="P68_ST00015" HPOS="184" VPOS="234" WIDTH="29" HEIGHT="23" CONTENT="to" WC="1.00" CC="00"/>
						<SP ID="P68_SP00012" HPOS="213" VPOS="257" WIDTH="13"/>
						<String ID="P68_ST00016" HPOS="226" VPOS="231" WIDTH="97" HEIGHT="26" CONTENT='come."' WC="0.91" CC="010004"/>
					</TextLine>
				</TextBlock>
				<TextBlock ID="P68_TB00004" HPOS="86" VPOS="285" WIDTH="820" HEIGHT="561" STYLEREFS="TXT_1 PAR_LEFT">
					<TextLine ID="P68_TL00005" HPOS="122" VPOS="285" WIDTH="780" HEIGHT="40">
						<String ID="P68_ST00017" HPOS="122" VPOS="289" WIDTH="91" HEIGHT="27" CONTENT="When" WC="0.66" CC="0706"/>
						<SP ID="P68_SP00013" HPOS="213" VPOS="316" WIDTH="13"/>
						<String ID="P68_ST00018" HPOS="226" VPOS="289" WIDTH="67" HEIGHT="36" CONTENT="they" WC="0.75" CC="2700"/>
						<SP ID="P68_SP00014" HPOS="293" VPOS="325" WIDTH="13"/>
						<String ID="P68_ST00019" HPOS="306" VPOS="299" WIDTH="69" HEIGHT="17" CONTENT="were" WC="0.90" CC="0030"/>
						<SP ID="P68_SP00015" HPOS="375" VPOS="325" WIDTH="20"/>
						<String ID="P68_ST00020" HPOS="395" VPOS="290" WIDTH="81" HEIGHT="35" CONTENT="again" WC="0.87" CC="00006"/>
						<SP ID="P68_SP00016" HPOS="476" VPOS="325" WIDTH="13"/>
						<String ID="P68_ST00021" HPOS="489" VPOS="293" WIDTH="29" HEIGHT="23" CONTENT="at" WC="0.41" CC="56"/>
						<SP ID="P68_SP00017" HPOS="518" VPOS="325" WIDTH="14"/>
						<String ID="P68_ST00022" HPOS="532" VPOS="290" WIDTH="48" HEIGHT="26" CONTENT="the" WC="0.79" CC="060"/>
						<SP ID="P68_SP00018" HPOS="580" VPOS="325" WIDTH="19"/>
						<String ID="P68_ST00023" HPOS="599" VPOS="288" WIDTH="97" HEIGHT="32" CONTENT="tables," WC="0.68" CC="4070053"/>
						<SP ID="P68_SP00019" HPOS="696" VPOS="325" WIDTH="14"/>
						<String ID="P68_ST00024" HPOS="710" VPOS="286" WIDTH="94" HEIGHT="28" CONTENT="Lorini" WC="0.66" CC="302265"/>
						<SP ID="P68_SP00020" HPOS="804" VPOS="325" WIDTH="21"/>
						<String ID="P68_ST00025" HPOS="825" VPOS="285" WIDTH="59" HEIGHT="27" CONTENT="said" WC="0.85" CC="5000"/>
						<SP ID="P68_SP00021" HPOS="884" VPOS="325" WIDTH="12"/>
						<String ID="P68_ST00026" HPOS="896" VPOS="296" WIDTH="6" HEIGHT="16" CONTENT=":" WC="0.74" CC="2"/>
					</TextLine>
					<TextLine ID="P68_TL00006" HPOS="87" VPOS="344" WIDTH="817" HEIGHT="39">
						<String ID="P68_ST00027" HPOS="87" VPOS="350" WIDTH="15" HEIGHT="10" CONTENT='"' WC="0.61" CC="3"/>
						<SP ID="P68_SP00022" HPOS="102" VPOS="360" WIDTH="10"/>
						<String ID="P68_ST00028" HPOS="112" VPOS="347" WIDTH="62" HEIGHT="26" CONTENT="You" WC="0.79" CC="005"/>
						<SP ID="P68_SP00023" HPOS="174" VPOS="373" WIDTH="21"/>
						<String ID="P68_ST00029" HPOS="195" VPOS="348" WIDTH="70" HEIGHT="26" CONTENT="have" WC="0.85" CC="5000"/>
						<SP ID="P68_SP00024" HPOS="265" VPOS="374" WIDTH="21"/>
						<String ID="P68_ST00030" HPOS="286" VPOS="357" WIDTH="76" HEIGHT="18" CONTENT="come" WC="0.92" CC="0030"/>
						<SP ID="P68_SP00025" HPOS="362" VPOS="375" WIDTH="21"/>
						<String ID="P68_ST00031" HPOS="383" VPOS="348" WIDTH="65" HEIGHT="26" CONTENT="here" WC="0.82" CC="7000"/>
						<SP ID="P68_SP00026" HPOS="448" VPOS="375" WIDTH="23"/>
						<String ID="P68_ST00032" HPOS="471" VPOS="351" WIDTH="29" HEIGHT="23" CONTENT="to" WC="1.00" CC="00"/>
						<SP ID="P68_SP00027" HPOS="500" VPOS="375" WIDTH="22"/>
						<String ID="P68_ST00033" HPOS="522" VPOS="347" WIDTH="83" HEIGHT="36" CONTENT="study" WC="0.68" CC="24800"/>
						<SP ID="P68_SP00028" HPOS="605" VPOS="383" WIDTH="22"/>
						<String ID="P68_ST00034" HPOS="627" VPOS="348" WIDTH="50" HEIGHT="26" CONTENT="the" WC="0.76" CC="070"/>
						<SP ID="P68_SP00029" HPOS="677" VPOS="383" WIDTH="21"/>
						<String ID="P68_ST00035" HPOS="698" VPOS="345" WIDTH="132" HEIGHT="37" CONTENT="passions," WC="0.68" CC="001140793"/>
						<SP ID="P68_SP00030" HPOS="830" VPOS="383" WIDTH="21"/>
						<String ID="P68_ST00036" HPOS="851" VPOS="344" WIDTH="53" HEIGHT="27" CONTENT="but" WC="0.37" CC="566"/>
					</TextLine>
					<TextLine ID="P68_TL00007" HPOS="86" VPOS="404" WIDTH="818" HEIGHT="38">
						<String ID="P68_ST00037" HPOS="86" VPOS="406" WIDTH="89" HEIGHT="26" CONTENT="where" WC="0.74" CC="07050"/>
						<SP ID="P68_SP00031" HPOS="175" VPOS="432" WIDTH="15"/>
						<String ID="P68_ST00038" HPOS="190" VPOS="415" WIDTH="45" HEIGHT="17" CONTENT="are" WC="0.87" CC="030"/>
						<SP ID="P68_SP00032" HPOS="235" VPOS="432" WIDTH="15"/>
						<String ID="P68_ST00039" HPOS="250" VPOS="406" WIDTH="65" HEIGHT="36" CONTENT="they" WC="0.74" CC="3600"/>
						<SP ID="P68_SP00033" HPOS="315" VPOS="442" WIDTH="11"/>
						<String ID="P68_ST00040" HPOS="326" VPOS="409" WIDTH="9" HEIGHT="23" CONTENT="?" WC="1.00" CC="0"/>
						<SP ID="P68_SP00034" HPOS="335" VPOS="442" WIDTH="39"/>
						<String ID="P68_ST00041" HPOS="374" VPOS="406" WIDTH="14" HEIGHT="26" CONTENT="I" WC="0.75" CC="2"/>
						<SP ID="P68_SP00035" HPOS="388" VPOS="442" WIDTH="13"/>
						<String ID="P68_ST00042" HPOS="401" VPOS="406" WIDTH="71" HEIGHT="26" CONTENT="have" WC="0.83" CC="6000"/>
						<SP ID="P68_SP00036" HPOS="472" VPOS="442" WIDTH="20"/>
						<String ID="P68_ST00043" HPOS="492" VPOS="406" WIDTH="124" HEIGHT="26" CONTENT="watched" WC="0.81" CC="0060700"/>
						<SP ID="P68_SP00037" HPOS="616" VPOS="442" WIDTH="24"/>
						<String ID="P68_ST00044" HPOS="640" VPOS="404" WIDTH="157" HEIGHT="37" CONTENT="everybody" WC="0.83" CC="000607100"/>
						<SP ID="P68_SP00038" HPOS="797" VPOS="442" WIDTH="12"/>
						<String ID="P68_ST00045" HPOS="809" VPOS="406" WIDTH="95" HEIGHT="33" CONTENT="pretty" WC="0.88" CC="040110"/>
					</TextLine>
					<TextLine ID="P68_TL00008" HPOS="87" VPOS="464" WIDTH="818" HEIGHT="35">
						<String ID="P68_ST00046" HPOS="87" VPOS="465" WIDTH="105" HEIGHT="34" CONTENT="closely," WC="0.77" CC="04020604"/>
						<SP ID="P68_SP00039" HPOS="192" VPOS="499" WIDTH="27"/>
						<String ID="P68_ST00047" HPOS="219" VPOS="465" WIDTH="51" HEIGHT="26" CONTENT="but" WC="0.39" CC="655"/>
						<SP ID="P68_SP00040" HPOS="270" VPOS="499" WIDTH="26"/>
						<String ID="P68_ST00048" HPOS="296" VPOS="465" WIDTH="108" HEIGHT="34" CONTENT="beyond" WC="0.77" CC="700060"/>
						<SP ID="P68_SP00041" HPOS="404" VPOS="499" WIDTH="27"/>
						<String ID="P68_ST00049" HPOS="431" VPOS="474" WIDTH="16" HEIGHT="17" CONTENT="a" WC="1.00" CC="0"/>
						<SP ID="P68_SP00042" HPOS="447" VPOS="499" WIDTH="26"/>
						<String ID="P68_ST00050" HPOS="473" VPOS="465" WIDTH="96" HEIGHT="26" CONTENT="twitch" WC="0.76" CC="002506"/>
						<SP ID="P68_SP00043" HPOS="569" VPOS="499" WIDTH="30"/>
						<String ID="P68_ST00051" HPOS="599" VPOS="465" WIDTH="30" HEIGHT="26" CONTENT="of" WC="0.83" CC="03"/>
						<SP ID="P68_SP00044" HPOS="629" VPOS="499" WIDTH="23"/>
						<String ID="P68_ST00052" HPOS="652" VPOS="465" WIDTH="47" HEIGHT="26" CONTENT="the" WC="0.75" CC="060"/>
						<SP ID="P68_SP00045" HPOS="699" VPOS="499" WIDTH="31"/>
						<String ID="P68_ST00053" HPOS="730" VPOS="464" WIDTH="61" HEIGHT="35" CONTENT="lips," WC="0.79" CC="00054"/>
						<SP ID="P68_SP00046" HPOS="791" VPOS="499" WIDTH="22"/>
						<String ID="P68_ST00054" HPOS="813" VPOS="472" WIDTH="29" HEIGHT="18" CONTENT="or" WC="0.54" CC="62"/>
						<SP ID="P68_SP00047" HPOS="842" VPOS="499" WIDTH="27"/>
						<String ID="P68_ST00055" HPOS="869" VPOS="471" WIDTH="36" HEIGHT="17" CONTENT="an" WC="0.33" CC="76"/>
					</TextLine>
					<TextLine ID="P68_TL00009" HPOS="87" VPOS="520" WIDTH="818" HEIGHT="38">
						<String ID="P68_ST00056" HPOS="87" VPOS="522" WIDTH="128" HEIGHT="36" CONTENT="upraised" WC="0.74" CC="60304600"/>
						<SP ID="P68_SP00048" HPOS="215" VPOS="558" WIDTH="26"/>
						<String ID="P68_ST00057" HPOS="241" VPOS="523" WIDTH="133" HEIGHT="35" CONTENT="eyebrow," WC="0.86" CC="00073000"/>
						<SP ID="P68_SP00049" HPOS="374" VPOS="558" WIDTH="25"/>
						<String ID="P68_ST00058" HPOS="399" VPOS="532" WIDTH="29" HEIGHT="17" CONTENT="or" WC="0.73" CC="05"/>
						<SP ID="P68_SP00050" HPOS="428" VPOS="558" WIDTH="26"/>
						<String ID="P68_ST00059" HPOS="454" VPOS="532" WIDTH="15" HEIGHT="16" CONTENT="a" WC="1.00" CC="0"/>
						<SP ID="P68_SP00051" HPOS="469" VPOS="558" WIDTH="27"/>
						<String ID="P68_ST00060" HPOS="496" VPOS="522" WIDTH="56" HEIGHT="26" CONTENT="foot" WC="0.80" CC="4003"/>
						<SP ID="P68_SP00052" HPOS="552" VPOS="558" WIDTH="32"/>
						<String ID="P68_ST00061" HPOS="584" VPOS="522" WIDTH="104" HEIGHT="36" CONTENT="tapped" WC="1.00" CC="000000"/>
						<SP ID="P68_SP00053" HPOS="688" VPOS="558" WIDTH="33"/>
						<String ID="P68_ST00062" HPOS="721" VPOS="521" WIDTH="109" HEIGHT="36" CONTENT="against" WC="0.76" CC="0004704"/>
						<SP ID="P68_SP00054" HPOS="830" VPOS="558" WIDTH="26"/>
						<String ID="P68_ST00063" HPOS="856" VPOS="520" WIDTH="49" HEIGHT="27" CONTENT="the" WC="0.65" CC="360"/>
					</TextLine>
					<TextLine ID="P68_TL00010" HPOS="87" VPOS="580" WIDTH="819" HEIGHT="35">
						<String ID="P68_ST00064" HPOS="87" VPOS="581" WIDTH="73" HEIGHT="31" CONTENT="floor," WC="0.73" CC="334400"/>
						<SP ID="P68_SP00055" HPOS="160" VPOS="612" WIDTH="15"/>
						<String ID="P68_ST00065" HPOS="175" VPOS="581" WIDTH="15" HEIGHT="25" CONTENT="I" WC="1.00" CC="0"/>
						<SP ID="P68_SP00056" HPOS="190" VPOS="612" WIDTH="12"/>
						<String ID="P68_ST00066" HPOS="202" VPOS="581" WIDTH="70" HEIGHT="26" CONTENT="have" WC="0.82" CC="7000"/>
						<SP ID="P68_SP00057" HPOS="272" VPOS="612" WIDTH="14"/>
						<String ID="P68_ST00067" HPOS="286" VPOS="581" WIDTH="156" HEIGHT="26" CONTENT="discovered" WC="0.91" CC="0060000200"/>
						<SP ID="P68_SP00058" HPOS="442" VPOS="612" WIDTH="14"/>
						<String ID="P68_ST00068" HPOS="456" VPOS="581" WIDTH="123" HEIGHT="34" CONTENT="nothing." WC="0.75" CC="40150700"/>
						<SP ID="P68_SP00059" HPOS="579" VPOS="615" WIDTH="39"/>
						<String ID="P68_ST00069" HPOS="618" VPOS="581" WIDTH="27" HEIGHT="25" CONTENT="A" WC="1.00" CC="0"/>
						<SP ID="P68_SP00060" HPOS="645" VPOS="615" WIDTH="20"/>
						<String ID="P68_ST00070" HPOS="665" VPOS="589" WIDTH="64" HEIGHT="17" CONTENT="man" WC="0.68" CC="306"/>
						<SP ID="P68_SP00061" HPOS="729" VPOS="615" WIDTH="14"/>
						<String ID="P68_ST00071" HPOS="743" VPOS="580" WIDTH="47" HEIGHT="26" CONTENT="did" WC="0.86" CC="040"/>
						<SP ID="P68_SP00062" HPOS="790" VPOS="615" WIDTH="14"/>
						<String ID="P68_ST00072" HPOS="804" VPOS="580" WIDTH="102" HEIGHT="34" CONTENT="thump" WC="0.71" CC="07600"/>
					</TextLine>
					<TextLine ID="P68_TL00011" HPOS="89" VPOS="637" WIDTH="817" HEIGHT="36">
						<String ID="P68_ST00073" HPOS="89" VPOS="638" WIDTH="47" HEIGHT="26" CONTENT="the" WC="0.75" CC="070"/>
						<SP ID="P68_SP00063" HPOS="136" VPOS="664" WIDTH="20"/>
						<String ID="P68_ST00074" HPOS="156" VPOS="638" WIDTH="75" HEIGHT="26" CONTENT="table" WC="0.85" CC="00700"/>
						<SP ID="P68_SP00064" HPOS="231" VPOS="664" WIDTH="18"/>
						<String ID="P68_ST00075" HPOS="249" VPOS="638" WIDTH="59" HEIGHT="35" CONTENT="just" WC="0.88" CC="0400"/>
						<SP ID="P68_SP00065" HPOS="308" VPOS="673" WIDTH="21"/>
						<String ID="P68_ST00076" HPOS="329" VPOS="647" WIDTH="61" HEIGHT="17" CONTENT="now" WC="0.80" CC="600"/>
						<SP ID="P68_SP00066" HPOS="390" VPOS="673" WIDTH="13"/>
						<String ID="P68_ST00077" HPOS="403" VPOS="637" WIDTH="71" HEIGHT="27" CONTENT="after" WC="0.82" CC="00206"/>
						<SP ID="P68_SP00067" HPOS="474" VPOS="673" WIDTH="21"/>
						<String ID="P68_ST00078" HPOS="495" VPOS="638" WIDTH="36" HEIGHT="26" CONTENT="he" WC="0.63" CC="70"/>
						<SP ID="P68_SP00068" HPOS="531" VPOS="673" WIDTH="23"/>
						<String ID="P68_ST00079" HPOS="554" VPOS="638" WIDTH="55" HEIGHT="26" CONTENT="had" WC="0.76" CC="700"/>
						<SP ID="P68_SP00069" HPOS="609" VPOS="673" WIDTH="23"/>
						<String ID="P68_ST00080" HPOS="632" VPOS="638" WIDTH="53" HEIGHT="26" CONTENT="lost" WC="0.76" CC="2231"/>
						<SP ID="P68_SP00070" HPOS="685" VPOS="673" WIDTH="21"/>
						<String ID="P68_ST00081" HPOS="706" VPOS="647" WIDTH="17" HEIGHT="17" CONTENT="a" WC="1.00" CC="0"/>
						<SP ID="P68_SP00071" HPOS="723" VPOS="673" WIDTH="20"/>
						<String ID="P68_ST00082" HPOS="743" VPOS="638" WIDTH="97" HEIGHT="31" CONTENT="thaler," WC="0.79" CC="1604010"/>
						<SP ID="P68_SP00072" HPOS="840" VPOS="673" WIDTH="15"/>
						<String ID="P68_ST00083" HPOS="855" VPOS="638" WIDTH="51" HEIGHT="26" CONTENT="but" WC="0.39" CC="754"/>
					</TextLine>
					<TextLine ID="P68_TL00012" HPOS="90" VPOS="695" WIDTH="816" HEIGHT="36">
						<String ID="P68_ST00084" HPOS="90" VPOS="695" WIDTH="59" HEIGHT="27" CONTENT="look" WC="0.80" CC="0008"/>
						<SP ID="P68_SP00073" HPOS="149" VPOS="722" WIDTH="23"/>
						<String ID="P68_ST00085" HPOS="172" VPOS="699" WIDTH="30" HEIGHT="23" CONTENT="at" WC="0.89" CC="02"/>
						<SP ID="P68_SP00074" HPOS="202" VPOS="722" WIDTH="18"/>
						<String ID="P68_ST00086" HPOS="220" VPOS="696" WIDTH="63" HEIGHT="26" CONTENT="that" WC="0.62" CC="3604"/>
						<SP ID="P68_SP00075" HPOS="283" VPOS="722" WIDTH="24"/>
						<String ID="P68_ST00087" HPOS="307" VPOS="696" WIDTH="43" HEIGHT="26" CONTENT="old" WC="1.00" CC="000"/>
						<SP ID="P68_SP00076" HPOS="350" VPOS="722" WIDTH="24"/>
						<String ID="P68_ST00088" HPOS="374" VPOS="696" WIDTH="162" HEIGHT="35" CONTENT="gentleman" WC="0.81" CC="006110007"/>
						<SP ID="P68_SP00077" HPOS="536" VPOS="731" WIDTH="14"/>
						<String ID="P68_ST00089" HPOS="550" VPOS="696" WIDTH="114" HEIGHT="35" CONTENT="playing" WC="0.92" CC="0000500"/>
						<SP ID="P68_SP00078" HPOS="664" VPOS="731" WIDTH="16"/>
						<String ID="P68_ST00090" HPOS="680" VPOS="696" WIDTH="68" HEIGHT="26" CONTENT="with" WC="0.76" CC="0027"/>
						<SP ID="P68_SP00079" HPOS="748" VPOS="731" WIDTH="19"/>
						<String ID="P68_ST00091" HPOS="767" VPOS="696" WIDTH="139" HEIGHT="32" CONTENT="rouleaux," WC="0.62" CC="057300674"/>
					</TextLine>
					<TextLine ID="P68_TL00013" HPOS="89" VPOS="754" WIDTH="817" HEIGHT="36">
						<String ID="P68_ST00092" HPOS="89" VPOS="754" WIDTH="53" HEIGHT="26" CONTENT="and" WC="0.90" CC="030"/>
						<SP ID="P68_SP00080" HPOS="142" VPOS="780" WIDTH="15"/>
						<String ID="P68_ST00093" HPOS="157" VPOS="757" WIDTH="28" HEIGHT="23" CONTENT="at" WC="0.79" CC="04"/>
						<SP ID="P68_SP00081" HPOS="185" VPOS="780" WIDTH="14"/>
						<String ID="P68_ST00094" HPOS="199" VPOS="755" WIDTH="62" HEIGHT="26" CONTENT="that" WC="0.71" CC="4600"/>
						<SP ID="P68_SP00082" HPOS="261" VPOS="781" WIDTH="13"/>
						<String ID="P68_ST00095" HPOS="274" VPOS="764" WIDTH="106" HEIGHT="17" CONTENT="woman" WC="1.00" CC="00000"/>
						<SP ID="P68_SP00083" HPOS="380" VPOS="781" WIDTH="14"/>
						<String ID="P68_ST00096" HPOS="394" VPOS="754" WIDTH="69" HEIGHT="27" CONTENT="with" WC="0.73" CC="0037"/>
						<SP ID="P68_SP00084" HPOS="463" VPOS="781" WIDTH="14"/>
						<String ID="P68_ST00097" HPOS="477" VPOS="754" WIDTH="48" HEIGHT="27" CONTENT="the" WC="0.73" CC="160"/>
						<SP ID="P68_SP00085" HPOS="525" VPOS="781" WIDTH="19"/>
						<String ID="P68_ST00098" HPOS="544" VPOS="754" WIDTH="55" HEIGHT="36" CONTENT="pile" WC="1.00" CC="0000"/>
						<SP ID="P68_SP00086" HPOS="599" VPOS="790" WIDTH="22"/>
						<String ID="P68_ST00099" HPOS="621" VPOS="754" WIDTH="29" HEIGHT="27" CONTENT="of" WC="1.00" CC="00"/>
						<SP ID="P68_SP00087" HPOS="650" VPOS="790" WIDTH="17"/>
						<String ID="P68_ST00100" HPOS="667" VPOS="754" WIDTH="64" HEIGHT="36" CONTENT="gold" WC="0.86" CC="0050"/>
						<SP ID="P68_SP00088" HPOS="731" VPOS="790" WIDTH="13"/>
						<String ID="P68_ST00101" HPOS="744" VPOS="754" WIDTH="93" HEIGHT="27" CONTENT="before" WC="0.66" CC="600561"/>
						<SP ID="P68_SP00089" HPOS="837" VPOS="790" WIDTH="14"/>
						<String ID="P68_ST00102" HPOS="851" VPOS="754" WIDTH="55" HEIGHT="27" CONTENT="her." WC="0.65" CC="7060"/>
					</TextLine>
					<TextLine ID="P68_TL00014" HPOS="91" VPOS="812" WIDTH="508" HEIGHT="34">
						<String ID="P68_ST00103" HPOS="91" VPOS="812" WIDTH="58" HEIGHT="27" CONTENT="Can" WC="0.56" CC="507"/>
						<SP ID="P68_SP00090" HPOS="149" VPOS="839" WIDTH="14"/>
						<String ID="P68_ST00104" HPOS="163" VPOS="821" WIDTH="53" HEIGHT="25" CONTENT="you" WC="0.93" CC="001"/>
						<SP ID="P68_SP00091" HPOS="216" VPOS="846" WIDTH="14"/>
						<String ID="P68_ST00105" HPOS="230" VPOS="822" WIDTH="44" HEIGHT="17" CONTENT="see" WC="0.77" CC="600"/>
						<SP ID="P68_SP00092" HPOS="274" VPOS="846" WIDTH="15"/>
						<String ID="P68_ST00106" HPOS="289" VPOS="822" WIDTH="54" HEIGHT="24" CONTENT="any" WC="0.75" CC="070"/>
						<SP ID="P68_SP00093" HPOS="343" VPOS="846" WIDTH="13"/>
						<String ID="P68_ST00107" HPOS="356" VPOS="813" WIDTH="111" HEIGHT="33" CONTENT="passion" WC="0.83" CC="0070040"/>
						<SP ID="P68_SP00094" HPOS="467" VPOS="846" WIDTH="14"/>
						<String ID="P68_ST00108" HPOS="481" VPOS="813" WIDTH="77" HEIGHT="26" CONTENT="there" WC="0.80" CC="27000"/>
						<SP ID="P68_SP00095" HPOS="558" VPOS="846" WIDTH="9"/>
						<String ID="P68_ST00109" HPOS="567" VPOS="814" WIDTH="10" HEIGHT="25" CONTENT="?" WC="1.00" CC="0"/>
						<String ID="P68_ST00110" HPOS="586" VPOS="812" WIDTH="13" HEIGHT="10" CONTENT='"' WC="1.00" CC="0"/>
					</TextLine>
				</TextBlock>
				<TextBlock ID="P68_TB00005" HPOS="92" VPOS="870" WIDTH="814" HEIGHT="151" STYLEREFS="TXT_1 PAR_LEFT">
					<TextLine ID="P68_TL00015" HPOS="128" VPOS="870" WIDTH="778" HEIGHT="36">
						<String ID="P68_ST00111" HPOS="128" VPOS="873" WIDTH="13" HEIGHT="10" CONTENT='"' WC="0.66" CC="3"/>
						<SP ID="P68_SP00096" HPOS="141" VPOS="883" WIDTH="10"/>
						<String ID="P68_ST00112" HPOS="151" VPOS="870" WIDTH="57" HEIGHT="26" CONTENT="The" WC="0.77" CC="060"/>
						<SP ID="P68_SP00097" HPOS="208" VPOS="896" WIDTH="27"/>
						<String ID="P68_ST00113" HPOS="235" VPOS="870" WIDTH="172" HEIGHT="36" CONTENT="suppression" WC="0.68" CC="57003045404"/>
						<SP ID="P68_SP00098" HPOS="407" VPOS="906" WIDTH="27"/>
						<String ID="P68_ST00114" HPOS="434" VPOS="870" WIDTH="30" HEIGHT="26" CONTENT="of" WC="0.85" CC="20"/>
						<SP ID="P68_SP00099" HPOS="464" VPOS="906" WIDTH="23"/>
						<String ID="P68_ST00115" HPOS="487" VPOS="870" WIDTH="101" HEIGHT="35" CONTENT="feeling" WC="0.89" CC="1000060"/>
						<SP ID="P68_SP00100" HPOS="588" VPOS="906" WIDTH="25"/>
						<String ID="P68_ST00116" HPOS="613" VPOS="870" WIDTH="24" HEIGHT="27" CONTENT="is" WC="0.69" CC="50"/>
						<SP ID="P68_SP00101" HPOS="637" VPOS="906" WIDTH="23"/>
						<String ID="P68_ST00117" HPOS="660" VPOS="870" WIDTH="28" HEIGHT="26" CONTENT="in" WC="0.63" CC="06"/>
						<SP ID="P68_SP00102" HPOS="688" VPOS="906" WIDTH="22"/>
						<String ID="P68_ST00118" HPOS="710" VPOS="871" WIDTH="77" HEIGHT="26" CONTENT="itself" WC="0.81" CC="047000"/>
						<SP ID="P68_SP00103" HPOS="787" VPOS="906" WIDTH="22"/>
						<String ID="P68_ST00119" HPOS="809" VPOS="880" WIDTH="17" HEIGHT="17" CONTENT="a" WC="1.00" CC="0"/>
						<SP ID="P68_SP00104" HPOS="826" VPOS="906" WIDTH="26"/>
						<String ID="P68_ST00120" HPOS="852" VPOS="871" WIDTH="54" HEIGHT="27" CONTENT="fine" WC="0.76" CC="1150"/>
					</TextLine>
					<TextLine ID="P68_TL00016" HPOS="92" VPOS="928" WIDTH="814" HEIGHT="37">
						<String ID="P68_ST00121" HPOS="92" VPOS="928" WIDTH="104" HEIGHT="35" CONTENT='study,"' WC="0.80" CC="2060040"/>
						<SP ID="P68_SP00105" HPOS="196" VPOS="963" WIDTH="22"/>
						<String ID="P68_ST00122" HPOS="218" VPOS="928" WIDTH="104" HEIGHT="35" CONTENT="replied" WC="0.92" CC="5000000"/>
						<SP ID="P68_SP00106" HPOS="322" VPOS="963" WIDTH="21"/>
						<String ID="P68_ST00123" HPOS="343" VPOS="929" WIDTH="134" HEIGHT="32" CONTENT="Jenoure," WC="0.83" CC="00500304"/>
						<SP ID="P68_SP00107" HPOS="477" VPOS="963" WIDTH="22"/>
						<String ID="P68_ST00124" HPOS="499" VPOS="932" WIDTH="13" HEIGHT="9" CONTENT='"' WC="1.00" CC="0"/>
						<SP ID="P68_SP00108" HPOS="512" VPOS="963" WIDTH="13"/>
						<String ID="P68_ST00125" HPOS="525" VPOS="929" WIDTH="52" HEIGHT="26" CONTENT="but" WC="0.46" CC="752"/>
						<SP ID="P68_SP00109" HPOS="577" VPOS="963" WIDTH="21"/>
						<String ID="P68_ST00126" HPOS="598" VPOS="929" WIDTH="15" HEIGHT="26" CONTENT="I" WC="0.49" CC="5"/>
						<SP ID="P68_SP00110" HPOS="613" VPOS="963" WIDTH="20"/>
						<String ID="P68_ST00127" HPOS="633" VPOS="929" WIDTH="70" HEIGHT="27" CONTENT="have" WC="0.82" CC="7000"/>
						<SP ID="P68_SP00111" HPOS="703" VPOS="963" WIDTH="24"/>
						<String ID="P68_ST00128" HPOS="727" VPOS="929" WIDTH="113" HEIGHT="36" CONTENT="already" WC="0.95" CC="0030000"/>
						<SP ID="P68_SP00112" HPOS="840" VPOS="965" WIDTH="20"/>
						<String ID="P68_ST00129" HPOS="860" VPOS="929" WIDTH="46" HEIGHT="27" CONTENT="ob" SUBS_TYPE="HypPart1" SUBS_CONTENT="observed" WC="0.95" CC="100"/>
						<HYP CONTENT="-"/>
					</TextLine>
					<TextLine ID="P68_TL00017" HPOS="92" VPOS="986" WIDTH="589" HEIGHT="35">
						<String ID="P68_ST00130" HPOS="92" VPOS="986" WIDTH="95" HEIGHT="26" CONTENT="served" SUBS_TYPE="HypPart2" SUBS_CONTENT="observed" WC="0.89" CC="203000"/>
						<SP ID="P68_SP00113" HPOS="187" VPOS="1012" WIDTH="14"/>
						<String ID="P68_ST00131" HPOS="201" VPOS="995" WIDTH="74" HEIGHT="17" CONTENT="more" WC="0.82" CC="0070"/>
						<SP ID="P68_SP00114" HPOS="275" VPOS="1012" WIDTH="14"/>
						<String ID="P68_ST00132" HPOS="289" VPOS="986" WIDTH="68" HEIGHT="26" CONTENT="than" WC="0.57" CC="2707"/>
						<SP ID="P68_SP00115" HPOS="357" VPOS="1012" WIDTH="16"/>
						<String ID="P68_ST00133" HPOS="373" VPOS="995" WIDTH="53" HEIGHT="26" CONTENT="you" WC="0.87" CC="003"/>
						<SP ID="P68_SP00116" HPOS="426" VPOS="1021" WIDTH="13"/>
						<String ID="P68_ST00134" HPOS="439" VPOS="986" WIDTH="90" HEIGHT="27" CONTENT="would" WC="0.86" CC="01050"/>
						<SP ID="P68_SP00117" HPOS="529" VPOS="1021" WIDTH="14"/>
						<String ID="P68_ST00135" HPOS="543" VPOS="986" WIDTH="138" HEIGHT="35" CONTENT='suppose."' WC="0.81" CC="580003000"/>
					</TextLine>
				</TextBlock>
				<TextBlock ID="P68_TB00006" HPOS="90" VPOS="1043" WIDTH="815" HEIGHT="94" STYLEREFS="TXT_1 PAR_LEFT">
					<TextLine ID="P68_TL00018" HPOS="129" VPOS="1044" WIDTH="776" HEIGHT="35">
						<String ID="P68_ST00136" HPOS="129" VPOS="1045" WIDTH="90" HEIGHT="26" CONTENT="When" WC="0.69" CC="0606"/>
						<SP ID="P68_SP00118" HPOS="219" VPOS="1071" WIDTH="14"/>
						<String ID="P68_ST00137" HPOS="233" VPOS="1045" WIDTH="67" HEIGHT="34" CONTENT="they" WC="0.81" CC="0700"/>
						<SP ID="P68_SP00119" HPOS="300" VPOS="1079" WIDTH="13"/>
						<String ID="P68_ST00138" HPOS="313" VPOS="1044" WIDTH="136" HEIGHT="27" CONTENT="returned" WC="0.77" CC="00343700"/>
						<SP ID="P68_SP00120" HPOS="449" VPOS="1079" WIDTH="23"/>
						<String ID="P68_ST00139" HPOS="472" VPOS="1048" WIDTH="28" HEIGHT="23" CONTENT="to" WC="0.84" CC="20"/>
						<SP ID="P68_SP00121" HPOS="500" VPOS="1079" WIDTH="22"/>
						<String ID="P68_ST00140" HPOS="522" VPOS="1045" WIDTH="49" HEIGHT="26" CONTENT="the" WC="0.98" CC="000"/>
						<SP ID="P68_SP00122" HPOS="571" VPOS="1079" WIDTH="12"/>
						<String ID="P68_ST00141" HPOS="583" VPOS="1045" WIDTH="83" HEIGHT="32" CONTENT="hotel," WC="0.63" CC="703074"/>
						<SP ID="P68_SP00123" HPOS="666" VPOS="1079" WIDTH="15"/>
						<String ID="P68_ST00142" HPOS="681" VPOS="1045" WIDTH="123" HEIGHT="28" CONTENT="Jenoure" WC="0.61" CC="1065660"/>
						<SP ID="P68_SP00124" HPOS="804" VPOS="1079" WIDTH="21"/>
						<String ID="P68_ST00143" HPOS="825" VPOS="1047" WIDTH="80" HEIGHT="26" CONTENT="made" WC="1.00" CC="0000"/>
					</TextLine>
					<TextLine ID="P68_TL00019" HPOS="91" VPOS="1102" WIDTH="223" HEIGHT="35">
						<String ID="P68_ST00144" HPOS="91" VPOS="1111" WIDTH="16" HEIGHT="16" CONTENT="a" WC="1.00" CC="0"/>
						<SP ID="P68_SP00125" HPOS="107" VPOS="1127" WIDTH="13"/>
						<String ID="P68_ST00145" HPOS="120" VPOS="1102" WIDTH="77" HEIGHT="35" CONTENT="rapid" WC="0.92" CC="30000"/>
						<SP ID="P68_SP00126" HPOS="197" VPOS="1137" WIDTH="16"/>
						<String ID="P68_ST00146" HPOS="213" VPOS="1103" WIDTH="101" HEIGHT="25" CONTENT="sketch." WC="0.83" CC="0005032"/>
					</TextLine>
				</TextBlock>
				<TextBlock ID="P68_TB00007" HPOS="129" VPOS="1159" WIDTH="506" HEIGHT="36" STYLEREFS="TXT_1 PAR_LEFT">
					<TextLine ID="P68_TL00020" HPOS="130" VPOS="1160" WIDTH="505" HEIGHT="35">
						<String ID="P68_ST00147" HPOS="130" VPOS="1163" WIDTH="13" HEIGHT="9" CONTENT='"' WC="0.50" CC="4"/>
						<SP ID="P68_SP00127" HPOS="143" VPOS="1172" WIDTH="10"/>
						<String ID="P68_ST00148" HPOS="153" VPOS="1160" WIDTH="28" HEIGHT="26" CONTENT="Is" WC="0.88" CC="01"/>
						<SP ID="P68_SP00128" HPOS="181" VPOS="1186" WIDTH="14"/>
						<String ID="P68_ST00149" HPOS="195" VPOS="1160" WIDTH="61" HEIGHT="27" CONTENT="that" WC="0.73" CC="0703"/>
						<SP ID="P68_SP00129" HPOS="256" VPOS="1187" WIDTH="14"/>
						<String ID="P68_ST00150" HPOS="270" VPOS="1170" WIDTH="16" HEIGHT="17" CONTENT="a" WC="1.00" CC="0"/>
						<SP ID="P68_SP00130" HPOS="286" VPOS="1187" WIDTH="15"/>
						<String ID="P68_ST00151" HPOS="301" VPOS="1161" WIDTH="82" HEIGHT="34" CONTENT="study" WC="0.76" CC="50500"/>
						<SP ID="P68_SP00131" HPOS="383" VPOS="1195" WIDTH="8"/>
						<String ID="P68_ST00152" HPOS="391" VPOS="1163" WIDTH="10" HEIGHT="25" CONTENT="?" WC="1.00" CC="0"/>
						<SP ID="P68_SP00132" HPOS="401" VPOS="1195" WIDTH="10"/>
						<String ID="P68_ST00153" HPOS="411" VPOS="1161" WIDTH="12" HEIGHT="10" CONTENT='"' WC="1.00" CC="0"/>
						<SP ID="P68_SP00133" HPOS="423" VPOS="1195" WIDTH="22"/>
						<String ID="P68_ST00154" HPOS="445" VPOS="1161" WIDTH="84" HEIGHT="27" CONTENT="asked" WC="0.97" CC="01000"/>
						<SP ID="P68_SP00134" HPOS="529" VPOS="1195" WIDTH="15"/>
						<String ID="P68_ST00155" HPOS="544" VPOS="1161" WIDTH="91" HEIGHT="27" CONTENT="Lorini." WC="0.72" CC="0250621"/>
					</TextLine>
				</TextBlock>
				<TextBlock ID="P68_TB00008" HPOS="135" VPOS="1217" WIDTH="308" HEIGHT="31" STYLEREFS="TXT_1 PAR_LEFT">
					<TextLine ID="P68_TL00021" HPOS="135" VPOS="1218" WIDTH="308" HEIGHT="30">
						<String ID="P68_ST00156" HPOS="135" VPOS="1221" WIDTH="6" HEIGHT="9" CONTENT=":'" WC="0.60" CC="43"/>
						<SP ID="P68_SP00135" HPOS="141" VPOS="1230" WIDTH="12"/>
						<String ID="P68_ST00157" HPOS="153" VPOS="1218" WIDTH="77" HEIGHT="30" CONTENT='Yes,"' WC="0.75" CC="20540"/>
						<SP ID="P68_SP00136" HPOS="230" VPOS="1248" WIDTH="16"/>
						<String ID="P68_ST00158" HPOS="246" VPOS="1218" WIDTH="58" HEIGHT="26" CONTENT="said" WC="0.82" CC="7000"/>
						<SP ID="P68_SP00137" HPOS="304" VPOS="1248" WIDTH="14"/>
						<String ID="P68_ST00159" HPOS="318" VPOS="1218" WIDTH="125" HEIGHT="27" CONTENT="Jenoure." WC="0.82" CC="00604003"/>
					</TextLine>
				</TextBlock>
				<TextBlock ID="P68_TB00009" HPOS="130" VPOS="1275" WIDTH="241" HEIGHT="27" STYLEREFS="TXT_1 PAR_LEFT">
					<TextLine ID="P68_TL00022" HPOS="130" VPOS="1275" WIDTH="241" HEIGHT="27">
						<String ID="P68_ST00160" HPOS="130" VPOS="1278" WIDTH="14" HEIGHT="10" CONTENT='"' WC="0.59" CC="4"/>
						<SP ID="P68_SP00138" HPOS="144" VPOS="1288" WIDTH="14"/>
						<String ID="P68_ST00161" HPOS="158" VPOS="1275" WIDTH="80" HEIGHT="27" CONTENT="Show" WC="0.57" CC="6730"/>
						<SP ID="P68_SP00139" HPOS="238" VPOS="1302" WIDTH="13"/>
						<String ID="P68_ST00162" HPOS="251" VPOS="1276" WIDTH="23" HEIGHT="25" CONTENT="it" WC="0.94" CC="01"/>
						<SP ID="P68_SP00140" HPOS="274" VPOS="1302" WIDTH="13"/>
						<String ID="P68_ST00163" HPOS="287" VPOS="1285" WIDTH="43" HEIGHT="17" CONTENT="me" WC="0.85" CC="20"/>
						<SP ID="P68_SP00141" HPOS="330" VPOS="1302" WIDTH="12"/>
						<String ID="P68_ST00164" HPOS="342" VPOS="1278" WIDTH="9" HEIGHT="24" CONTENT="?" WC="1.00" CC="0"/>
						<String ID="P68_ST00165" HPOS="361" VPOS="1276" WIDTH="10" HEIGHT="9" CONTENT='"' WC="1.00" CC="0"/>
					</TextLine>
				</TextBlock>
				<TextBlock ID="P68_TB00010" HPOS="130" VPOS="1334" WIDTH="456" HEIGHT="35" STYLEREFS="TXT_1 PAR_LEFT">
					<TextLine ID="P68_TL00023" HPOS="130" VPOS="1335" WIDTH="456" HEIGHT="34">
						<String ID="P68_ST00166" HPOS="130" VPOS="1337" WIDTH="15" HEIGHT="11" CONTENT='"' WC="1.00" CC="0"/>
						<SP ID="P68_SP00142" HPOS="145" VPOS="1348" WIDTH="12"/>
						<String ID="P68_ST00167" HPOS="157" VPOS="1335" WIDTH="14" HEIGHT="25" CONTENT="I" WC="1.00" CC="0"/>
						<SP ID="P68_SP00143" HPOS="171" VPOS="1360" WIDTH="14"/>
						<String ID="P68_ST00168" HPOS="185" VPOS="1335" WIDTH="55" HEIGHT="26" CONTENT="will" WC="0.76" CC="0045"/>
						<SP ID="P68_SP00144" HPOS="240" VPOS="1361" WIDTH="14"/>
						<String ID="P68_ST00169" HPOS="254" VPOS="1344" WIDTH="74" HEIGHT="17" CONTENT="some" WC="0.92" CC="3000"/>
						<SP ID="P68_SP00145" HPOS="328" VPOS="1361" WIDTH="14"/>
						<String ID="P68_ST00170" HPOS="342" VPOS="1335" WIDTH="73" HEIGHT="34" CONTENT='day,"' WC="0.94" CC="00030"/>
						<SP ID="P68_SP00146" HPOS="415" VPOS="1369" WIDTH="14"/>
						<String ID="P68_ST00171" HPOS="429" VPOS="1335" WIDTH="36" HEIGHT="27" CONTENT="he" WC="0.63" CC="70"/>
						<SP ID="P68_SP00147" HPOS="465" VPOS="1369" WIDTH="13"/>
						<String ID="P68_ST00172" HPOS="478" VPOS="1336" WIDTH="108" HEIGHT="33" CONTENT="replied." WC="0.89" CC="50001000"/>
					</TextLine>
				</TextBlock>
				<TextBlock ID="P68_TB00011" HPOS="98" VPOS="1392" WIDTH="810" HEIGHT="93" STYLEREFS="TXT_1 PAR_LEFT">
					<TextLine ID="P68_TL00024" HPOS="130" VPOS="1392" WIDTH="778" HEIGHT="37">
						<String ID="P68_ST00173" HPOS="130" VPOS="1395" WIDTH="14" HEIGHT="11" CONTENT='"' WC="1.00" CC="0"/>
						<SP ID="P68_SP00148" HPOS="144" VPOS="1406" WIDTH="9"/>
						<String ID="P68_ST00174" HPOS="153" VPOS="1392" WIDTH="79" HEIGHT="27" CONTENT="Have" WC="0.84" CC="6000"/>
						<SP ID="P68_SP00149" HPOS="232" VPOS="1419" WIDTH="22"/>
						<String ID="P68_ST00175" HPOS="254" VPOS="1402" WIDTH="53" HEIGHT="25" CONTENT="you" WC="0.81" CC="005"/>
						<SP ID="P68_SP00150" HPOS="307" VPOS="1427" WIDTH="29"/>
						<String ID="P68_ST00176" HPOS="336" VPOS="1392" WIDTH="99" HEIGHT="36" CONTENT="played" WC="0.83" CC="000900"/>
						<SP ID="P68_SP00151" HPOS="435" VPOS="1428" WIDTH="21"/>
						<String ID="P68_ST00177" HPOS="456" VPOS="1396" WIDTH="48" HEIGHT="33" CONTENT="yet" WC="0.68" CC="900"/>
						<SP ID="P68_SP00152" HPOS="504" VPOS="1429" WIDTH="9"/>
						<String ID="P68_ST00178" HPOS="513" VPOS="1394" WIDTH="9" HEIGHT="26" CONTENT="?" WC="1.00" CC="0"/>
						<SP ID="P68_SP00153" HPOS="522" VPOS="1429" WIDTH="14"/>
						<String ID="P68_ST00179" HPOS="536" VPOS="1392" WIDTH="12" HEIGHT="11" CONTENT='"' WC="1.00" CC="0"/>
						<SP ID="P68_SP00154" HPOS="548" VPOS="1429" WIDTH="20"/>
						<String ID="P68_ST00180" HPOS="568" VPOS="1393" WIDTH="59" HEIGHT="27" CONTENT="said" WC="0.83" CC="6000"/>
						<SP ID="P68_SP00155" HPOS="627" VPOS="1429" WIDTH="23"/>
						<String ID="P68_ST00181" HPOS="650" VPOS="1394" WIDTH="49" HEIGHT="27" CONTENT="the" WC="0.64" CC="370"/>
						<SP ID="P68_SP00156" HPOS="699" VPOS="1429" WIDTH="23"/>
						<String ID="P68_ST00182" HPOS="722" VPOS="1394" WIDTH="135" HEIGHT="30" CONTENT="Baroness" WC="0.59" CC="60137077"/>
						<SP ID="P68_SP00157" HPOS="857" VPOS="1429" WIDTH="22"/>
						<String ID="P68_ST00183" HPOS="879" VPOS="1401" WIDTH="29" HEIGHT="24" CONTENT="to" WC="0.72" CC="50"/>
					</TextLine>
					<TextLine ID="P68_TL00025" HPOS="98" VPOS="1450" WIDTH="363" HEIGHT="35">
						<String ID="P68_ST00184" HPOS="98" VPOS="1451" WIDTH="131" HEIGHT="34" CONTENT="Eugenio," WC="0.85" CC="10006003"/>
						<SP ID="P68_SP00158" HPOS="229" VPOS="1485" WIDTH="14"/>
						<String ID="P68_ST00185" HPOS="243" VPOS="1460" WIDTH="50" HEIGHT="17" CONTENT="one" WC="1.00" CC="000"/>
						<SP ID="P68_SP00159" HPOS="293" VPOS="1485" WIDTH="19"/>
						<String ID="P68_ST00186" HPOS="312" VPOS="1450" WIDTH="149" HEIGHT="28" CONTENT="afternoon." WC="0.83" CC="0000340072"/>
					</TextLine>
				</TextBlock>
				<TextBlock ID="P68_TB00012" HPOS="132" VPOS="1508" WIDTH="719" HEIGHT="40" STYLEREFS="TXT_1 PAR_CENTER">
					<TextLine ID="P68_TL00026" HPOS="133" VPOS="1508" WIDTH="718" HEIGHT="40">
						<String ID="P68_ST00187" HPOS="133" VPOS="1512" WIDTH="13" HEIGHT="10" CONTENT='"' WC="0.40" CC="5"/>
						<String ID="P68_ST00188" HPOS="156" VPOS="1508" WIDTH="66" HEIGHT="33" CONTENT='No,"' WC="1.00" CC="0000"/>
						<SP ID="P68_SP00160" HPOS="222" VPOS="1541" WIDTH="16"/>
						<String ID="P68_ST00189" HPOS="238" VPOS="1508" WIDTH="59" HEIGHT="28" CONTENT="said" WC="0.68" CC="7050"/>
						<SP ID="P68_SP00161" HPOS="297" VPOS="1541" WIDTH="15"/>
						<String ID="P68_ST00190" HPOS="312" VPOS="1508" WIDTH="34" HEIGHT="28" CONTENT="he" WC="0.70" CC="50"/>
						<SP ID="P68_SP00162" HPOS="346" VPOS="1541" WIDTH="14"/>
						<String ID="P68_ST00191" HPOS="360" VPOS="1519" WIDTH="6" HEIGHT="23" CONTENT=";" WC="0.73" CC="2"/>
						<SP ID="P68_SP00163" HPOS="366" VPOS="1542" WIDTH="20"/>
						<String ID="P68_ST00192" HPOS="386" VPOS="1508" WIDTH="38" HEIGHT="27" CONTENT='"I' WC="0.81" CC="30"/>
						<SP ID="P68_SP00164" HPOS="424" VPOS="1542" WIDTH="15"/>
						<String ID="P68_ST00193" HPOS="439" VPOS="1519" WIDTH="80" HEIGHT="17" CONTENT="mean" WC="1.00" CC="0000"/>
						<SP ID="P68_SP00165" HPOS="519" VPOS="1542" WIDTH="14"/>
						<String ID="P68_ST00194" HPOS="533" VPOS="1513" WIDTH="28" HEIGHT="23" CONTENT="to" WC="0.66" CC="33"/>
						<SP ID="P68_SP00166" HPOS="561" VPOS="1542" WIDTH="15"/>
						<String ID="P68_ST00195" HPOS="576" VPOS="1510" WIDTH="33" HEIGHT="26" CONTENT="be" WC="0.63" CC="70"/>
						<SP ID="P68_SP00167" HPOS="609" VPOS="1542" WIDTH="15"/>
						<String ID="P68_ST00196" HPOS="624" VPOS="1519" WIDTH="16" HEIGHT="18" CONTENT="a" WC="0.77" CC="2"/>
						<SP ID="P68_SP00168" HPOS="640" VPOS="1542" WIDTH="13"/>
						<String ID="P68_ST00197" HPOS="653" VPOS="1511" WIDTH="198" HEIGHT="37" CONTENT='philosopher."' WC="0.80" CC="0700220070103"/>
					</TextLine>
				</TextBlock>
			</PrintSpace>
		</Page>
	</Layout>
</alto>
