<?xml version="1.0" encoding="UTF-8"?>
<alto xmlns:xsi="http://www.w3.org/2001/XMLSchema-instance" xsi:noNamespaceSchemaLocation="http://www.bl.uk/schemas/alto/alto-1-4.xsd" xmlns:xlink="http://www.w3.org/1999/xlink">
	<Description>
		<MeasurementUnit>mm10</MeasurementUnit>
		<sourceImageInformation>
			<fileName>//head1/IN/2007-44/A0010858537.2/001996.jp2</fileName>
		</sourceImageInformation>
		<OCRProcessing ID="OCRPROCESSING_1">
			<preProcessingStep>
				<processingSoftware>
					<softwareCreator>CCS Content Conversion Specialists GmbH, Germany</softwareCreator>
					<softwareName>CCS docWORKS</softwareName>
					<softwareVersion>6.1-0.59</softwareVersion>
				</processingSoftware>
			</preProcessingStep>
			<ocrProcessingStep>
				<processingSoftware>
					<softwareCreator>ABBYY (BIT Software), Russia</softwareCreator>
					<softwareName>Finereader</softwareName>
				</processingSoftware>
			</ocrProcessingStep>
		</OCRProcessing>
	</Description>
	<Styles>
		<TextStyle ID="TXT_0" FONTSIZE="10" FONTFAMILY="Courier New"/>
		<TextStyle ID="TXT_1" FONTSIZE="9" FONTFAMILY="Courier New"/>
		<ParagraphStyle ID="PAR_LEFT" ALIGN="Left"/>
		<ParagraphStyle ID="PAR_CENTER" ALIGN="Center"/>
	</Styles>
	<Layout>
		<Page ID="P218" PHYSICAL_IMG_NR="218" HEIGHT="1683" WIDTH="989" PRINTED_IMG_NR="210" POSITION="Left" ACCURACY="67.77">
			<TopMargin ID="P218_TM00001" HPOS="0" VPOS="0" WIDTH="988" HEIGHT="124">
				<TextBlock ID="P218_TB00001" HPOS="88" VPOS="98" WIDTH="53" HEIGHT="24" STYLEREFS="TXT_0 PAR_LEFT">
					<TextLine ID="P218_TL00001" HPOS="90" VPOS="100" WIDTH="51" HEIGHT="22">
						<String ID="P218_ST00001" HPOS="90" VPOS="100" WIDTH="51" HEIGHT="22" CONTENT="210" WC="0.38" CC="980"/>
					</TextLine>
				</TextBlock>
				<TextBlock ID="P218_TB00002" HPOS="426" VPOS="103" WIDTH="132" HEIGHT="18" STYLEREFS="TXT_1 PAR_CENTER">
					<TextLine ID="P218_TL00002" HPOS="427" VPOS="104" WIDTH="131" HEIGHT="17">
						<String ID="P218_ST00002" HPOS="427" VPOS="104" WIDTH="131" HEIGHT="17" CONTENT="SEE-SAW." WC="0.34" CC="75649890"/>
					</TextLine>
				</TextBlock>
			</TopMargin>
			<LeftMargin ID="P218_LM00001" HPOS="0" VPOS="124" WIDTH="84" HEIGHT="1439"/>
			<RightMargin ID="P218_RM00001" HPOS="911" VPOS="124" WIDTH="77" HEIGHT="1439"/>
			<BottomMargin ID="P218_BM00001" HPOS="0" VPOS="1563" WIDTH="988" HEIGHT="120"/>
			<PrintSpace ID="P218_PS00001" HPOS="84" VPOS="124" WIDTH="828" HEIGHT="1439">
				<TextBlock ID="P218_TB00003" HPOS="88" VPOS="182" WIDTH="824" HEIGHT="148" STYLEREFS="TXT_1 PAR_LEFT">
					<TextLine ID="P218_TL00003" HPOS="90" VPOS="183" WIDTH="822" HEIGHT="36">
						<String ID="P218_ST00003" HPOS="90" VPOS="191" WIDTH="123" HEIGHT="24" CONTENT="creature" WC="0.94" CC="00004000"/>
						<SP ID="P218_SP00001" HPOS="213" VPOS="215" WIDTH="13"/>
						<String ID="P218_ST00004" HPOS="226" VPOS="192" WIDTH="30" HEIGHT="23" CONTENT="to" WC="0.57" CC="52"/>
						<SP ID="P218_SP00002" HPOS="256" VPOS="215" WIDTH="13"/>
						<String ID="P218_ST00005" HPOS="269" VPOS="190" WIDTH="121" HEIGHT="24" CONTENT="torment" WC="0.58" CC="5400774"/>
						<SP ID="P218_SP00003" HPOS="390" VPOS="215" WIDTH="14"/>
						<String ID="P218_ST00006" HPOS="404" VPOS="195" WIDTH="44" HEIGHT="18" CONTENT="me" WC="1.00" CC="00"/>
						<String ID="P218_ST00007" HPOS="457" VPOS="196" WIDTH="6" HEIGHT="23" CONTENT=";" WC="1.00" CC="0"/>
						<SP ID="P218_SP00004" HPOS="463" VPOS="219" WIDTH="19"/>
						<String ID="P218_ST00008" HPOS="482" VPOS="185" WIDTH="51" HEIGHT="27" CONTENT="but" WC="0.43" CC="727"/>
						<SP ID="P218_SP00005" HPOS="533" VPOS="219" WIDTH="13"/>
						<String ID="P218_ST00009" HPOS="546" VPOS="184" WIDTH="81" HEIGHT="27" CONTENT="when" WC="0.67" CC="0606"/>
						<SP ID="P218_SP00006" HPOS="627" VPOS="219" WIDTH="14"/>
						<String ID="P218_ST00010" HPOS="641" VPOS="188" WIDTH="30" HEIGHT="22" CONTENT="at" WC="0.60" CC="61"/>
						<SP ID="P218_SP00007" HPOS="671" VPOS="219" WIDTH="19"/>
						<String ID="P218_ST00011" HPOS="690" VPOS="183" WIDTH="97" HEIGHT="36" CONTENT="length" WC="0.76" CC="007007"/>
						<SP ID="P218_SP00008" HPOS="787" VPOS="219" WIDTH="18"/>
						<String ID="P218_ST00012" HPOS="805" VPOS="183" WIDTH="36" HEIGHT="26" CONTENT="he" WC="0.63" CC="70"/>
						<SP ID="P218_SP00009" HPOS="841" VPOS="219" WIDTH="14"/>
						<String ID="P218_ST00013" HPOS="855" VPOS="192" WIDTH="57" HEIGHT="18" CONTENT="was" WC="0.40" CC="754"/>
					</TextLine>
					<TextLine ID="P218_TL00004" HPOS="90" VPOS="240" WIDTH="821" HEIGHT="42">
						<String ID="P218_ST00014" HPOS="90" VPOS="247" WIDTH="149" HEIGHT="35" CONTENT="compelled" WC="0.86" CC="020900000"/>
						<SP ID="P218_SP00010" HPOS="239" VPOS="282" WIDTH="22"/>
						<String ID="P218_ST00015" HPOS="261" VPOS="250" WIDTH="28" HEIGHT="22" CONTENT="to" WC="0.66" CC="06"/>
						<SP ID="P218_SP00011" HPOS="289" VPOS="282" WIDTH="23"/>
						<String ID="P218_ST00016" HPOS="312" VPOS="246" WIDTH="96" HEIGHT="26" CONTENT="choose" WC="0.72" CC="074040"/>
						<SP ID="P218_SP00012" HPOS="408" VPOS="282" WIDTH="23"/>
						<String ID="P218_ST00017" HPOS="431" VPOS="244" WIDTH="126" HEIGHT="27" CONTENT="between" WC="0.73" CC="7040006"/>
						<SP ID="P218_SP00013" HPOS="557" VPOS="282" WIDTH="23"/>
						<String ID="P218_ST00018" HPOS="580" VPOS="253" WIDTH="32" HEIGHT="17" CONTENT="us" WC="0.66" CC="60"/>
						<SP ID="P218_SP00014" HPOS="612" VPOS="282" WIDTH="24"/>
						<String ID="P218_ST00019" HPOS="636" VPOS="243" WIDTH="35" HEIGHT="26" CONTENT="he" WC="0.63" CC="70"/>
						<SP ID="P218_SP00015" HPOS="671" VPOS="282" WIDTH="28"/>
						<String ID="P218_ST00020" HPOS="699" VPOS="250" WIDTH="55" HEIGHT="18" CONTENT="was" WC="0.44" CC="907"/>
						<SP ID="P218_SP00016" HPOS="754" VPOS="282" WIDTH="20"/>
						<String ID="P218_ST00021" HPOS="774" VPOS="240" WIDTH="85" HEIGHT="36" CONTENT="ready" WC="1.00" CC="00000"/>
						<SP ID="P218_SP00017" HPOS="859" VPOS="282" WIDTH="22"/>
						<String ID="P218_ST00022" HPOS="881" VPOS="243" WIDTH="30" HEIGHT="22" CONTENT="to" WC="0.79" CC="04"/>
					</TextLine>
					<TextLine ID="P218_TL00005" HPOS="88" VPOS="303" WIDTH="401" HEIGHT="27">
						<String ID="P218_ST00023" HPOS="88" VPOS="304" WIDTH="75" HEIGHT="26" CONTENT="drive" WC="0.75" CC="55100"/>
						<SP ID="P218_SP00018" HPOS="163" VPOS="330" WIDTH="14"/>
						<String ID="P218_ST00024" HPOS="177" VPOS="305" WIDTH="49" HEIGHT="25" CONTENT="her" WC="0.72" CC="701"/>
						<SP ID="P218_SP00019" HPOS="226" VPOS="330" WIDTH="13"/>
						<String ID="P218_ST00025" HPOS="239" VPOS="305" WIDTH="69" HEIGHT="25" CONTENT="from" WC="0.64" CC="3307"/>
						<SP ID="P218_SP00020" HPOS="308" VPOS="330" WIDTH="15"/>
						<String ID="P218_ST00026" HPOS="323" VPOS="304" WIDTH="46" HEIGHT="26" CONTENT="the" WC="0.64" CC="370"/>
						<SP ID="P218_SP00021" HPOS="369" VPOS="330" WIDTH="13"/>
						<String ID="P218_ST00027" HPOS="382" VPOS="303" WIDTH="107" HEIGHT="27" CONTENT='house."' WC="0.68" CC="7445000"/>
					</TextLine>
				</TextBlock>
				<TextBlock ID="P218_TB00004" HPOS="84" VPOS="358" WIDTH="827" HEIGHT="1205" STYLEREFS="TXT_1 PAR_LEFT">
					<TextLine ID="P218_TL00006" HPOS="124" VPOS="359" WIDTH="787" HEIGHT="39">
						<String ID="P218_ST00028" HPOS="124" VPOS="363" WIDTH="40" HEIGHT="27" CONTENT="As" WC="0.72" CC="05"/>
						<SP ID="P218_SP00022" HPOS="164" VPOS="390" WIDTH="15"/>
						<String ID="P218_ST00029" HPOS="179" VPOS="364" WIDTH="47" HEIGHT="26" CONTENT="she" WC="0.75" CC="070"/>
						<SP ID="P218_SP00023" HPOS="226" VPOS="390" WIDTH="14"/>
						<String ID="P218_ST00030" HPOS="240" VPOS="363" WIDTH="119" HEIGHT="35" CONTENT="thought" WC="0.60" CC="5706071"/>
						<SP ID="P218_SP00024" HPOS="359" VPOS="398" WIDTH="14"/>
						<String ID="P218_ST00031" HPOS="373" VPOS="363" WIDTH="29" HEIGHT="26" CONTENT="of" WC="0.78" CC="04"/>
						<SP ID="P218_SP00025" HPOS="402" VPOS="398" WIDTH="17"/>
						<String ID="P218_ST00032" HPOS="419" VPOS="362" WIDTH="63" HEIGHT="26" CONTENT="that" WC="0.75" CC="2700"/>
						<SP ID="P218_SP00026" HPOS="482" VPOS="398" WIDTH="13"/>
						<String ID="P218_ST00033" HPOS="495" VPOS="361" WIDTH="54" HEIGHT="26" CONTENT="last" WC="0.72" CC="0603"/>
						<SP ID="P218_SP00027" HPOS="549" VPOS="398" WIDTH="13"/>
						<String ID="P218_ST00034" HPOS="562" VPOS="370" WIDTH="87" HEIGHT="22" CONTENT="scene," WC="0.75" CC="300604"/>
						<SP ID="P218_SP00028" HPOS="649" VPOS="398" WIDTH="16"/>
						<String ID="P218_ST00035" HPOS="665" VPOS="359" WIDTH="55" HEIGHT="28" CONTENT="and" WC="0.93" CC="020"/>
						<SP ID="P218_SP00029" HPOS="720" VPOS="398" WIDTH="14"/>
						<String ID="P218_ST00036" HPOS="734" VPOS="359" WIDTH="31" HEIGHT="27" CONTENT="of" WC="0.71" CC="05"/>
						<SP ID="P218_SP00030" HPOS="765" VPOS="398" WIDTH="16"/>
						<String ID="P218_ST00037" HPOS="781" VPOS="359" WIDTH="49" HEIGHT="26" CONTENT="the" WC="0.75" CC="070"/>
						<SP ID="P218_SP00031" HPOS="830" VPOS="398" WIDTH="13"/>
						<String ID="P218_ST00038" HPOS="843" VPOS="367" WIDTH="68" HEIGHT="27" CONTENT="poor" WC="0.69" CC="9002"/>
					</TextLine>
					<TextLine ID="P218_TL00007" HPOS="88" VPOS="416" WIDTH="822" HEIGHT="41">
						<String ID="P218_ST00039" HPOS="88" VPOS="421" WIDTH="85" HEIGHT="36" CONTENT="dying" WC="0.85" CC="00240"/>
						<SP ID="P218_SP00032" HPOS="173" VPOS="457" WIDTH="20"/>
						<String ID="P218_ST00040" HPOS="193" VPOS="431" WIDTH="62" HEIGHT="17" CONTENT="man" WC="0.75" CC="007"/>
						<SP ID="P218_SP00033" HPOS="255" VPOS="457" WIDTH="26"/>
						<String ID="P218_ST00041" HPOS="281" VPOS="421" WIDTH="120" HEIGHT="35" CONTENT="clinging" WC="0.64" CC="03370670"/>
						<SP ID="P218_SP00034" HPOS="401" VPOS="457" WIDTH="22"/>
						<String ID="P218_ST00042" HPOS="423" VPOS="424" WIDTH="29" HEIGHT="23" CONTENT="to" WC="0.59" CC="25"/>
						<SP ID="P218_SP00035" HPOS="452" VPOS="457" WIDTH="20"/>
						<String ID="P218_ST00043" HPOS="472" VPOS="420" WIDTH="50" HEIGHT="27" CONTENT="her" WC="0.63" CC="703"/>
						<SP ID="P218_SP00036" HPOS="522" VPOS="457" WIDTH="17"/>
						<String ID="P218_ST00044" HPOS="539" VPOS="420" WIDTH="57" HEIGHT="26" CONTENT="like" WC="1.00" CC="0000"/>
						<SP ID="P218_SP00037" HPOS="596" VPOS="457" WIDTH="20"/>
						<String ID="P218_ST00045" HPOS="616" VPOS="429" WIDTH="17" HEIGHT="17" CONTENT="a" WC="1.00" CC="0"/>
						<SP ID="P218_SP00038" HPOS="633" VPOS="457" WIDTH="20"/>
						<String ID="P218_ST00046" HPOS="653" VPOS="418" WIDTH="80" HEIGHT="32" CONTENT="child," WC="0.58" CC="073184"/>
						<SP ID="P218_SP00039" HPOS="733" VPOS="457" WIDTH="15"/>
						<String ID="P218_ST00047" HPOS="748" VPOS="418" WIDTH="30" HEIGHT="27" CONTENT="of" WC="0.97" CC="00"/>
						<SP ID="P218_SP00040" HPOS="778" VPOS="457" WIDTH="17"/>
						<String ID="P218_ST00048" HPOS="795" VPOS="417" WIDTH="43" HEIGHT="27" CONTENT="his" WC="0.48" CC="743"/>
						<SP ID="P218_SP00041" HPOS="838" VPOS="457" WIDTH="23"/>
						<String ID="P218_ST00049" HPOS="861" VPOS="416" WIDTH="49" HEIGHT="27" CONTENT="sad" WC="0.83" CC="500"/>
					</TextLine>
					<TextLine ID="P218_TL00008" HPOS="88" VPOS="477" WIDTH="822" HEIGHT="38">
						<String ID="P218_ST00050" HPOS="88" VPOS="481" WIDTH="54" HEIGHT="26" CONTENT="and" WC="0.75" CC="070"/>
						<SP ID="P218_SP00042" HPOS="142" VPOS="507" WIDTH="19"/>
						<String ID="P218_ST00051" HPOS="161" VPOS="480" WIDTH="142" HEIGHT="35" CONTENT="prophetic" WC="0.65" CC="900970030"/>
						<SP ID="P218_SP00043" HPOS="303" VPOS="515" WIDTH="20"/>
						<String ID="P218_ST00052" HPOS="323" VPOS="479" WIDTH="94" HEIGHT="32" CONTENT="words," WC="0.63" CC="004294"/>
						<SP ID="P218_SP00044" HPOS="417" VPOS="515" WIDTH="14"/>
						<String ID="P218_ST00053" HPOS="431" VPOS="479" WIDTH="47" HEIGHT="26" CONTENT="she" WC="0.43" CC="574"/>
						<SP ID="P218_SP00045" HPOS="478" VPOS="515" WIDTH="20"/>
						<String ID="P218_ST00054" HPOS="498" VPOS="488" WIDTH="55" HEIGHT="17" CONTENT="was" WC="0.78" CC="006"/>
						<SP ID="P218_SP00046" HPOS="553" VPOS="515" WIDTH="19"/>
						<String ID="P218_ST00055" HPOS="572" VPOS="478" WIDTH="114" HEIGHT="26" CONTENT="blinded" WC="0.71" CC="6156000"/>
						<SP ID="P218_SP00047" HPOS="686" VPOS="515" WIDTH="15"/>
						<String ID="P218_ST00056" HPOS="701" VPOS="478" WIDTH="38" HEIGHT="35" CONTENT="by" WC="0.64" CC="70"/>
						<SP ID="P218_SP00048" HPOS="739" VPOS="515" WIDTH="17"/>
						<String ID="P218_ST00057" HPOS="756" VPOS="477" WIDTH="51" HEIGHT="26" CONTENT="her" WC="0.61" CC="704"/>
						<SP ID="P218_SP00049" HPOS="807" VPOS="515" WIDTH="19"/>
						<String ID="P218_ST00058" HPOS="826" VPOS="481" WIDTH="84" HEIGHT="27" CONTENT="tears," WC="0.93" CC="000004"/>
					</TextLine>
					<TextLine ID="P218_TL00009" HPOS="87" VPOS="535" WIDTH="821" HEIGHT="35">
						<String ID="P218_ST00059" HPOS="87" VPOS="537" WIDTH="55" HEIGHT="27" CONTENT="and" WC="0.80" CC="060"/>
						<SP ID="P218_SP00050" HPOS="142" VPOS="564" WIDTH="15"/>
						<String ID="P218_ST00060" HPOS="157" VPOS="538" WIDTH="45" HEIGHT="26" CONTENT="she" WC="0.50" CC="770"/>
						<SP ID="P218_SP00051" HPOS="202" VPOS="564" WIDTH="16"/>
						<String ID="P218_ST00061" HPOS="218" VPOS="536" WIDTH="171" HEIGHT="28" CONTENT="determined" WC="0.64" CC="9000990600"/>
						<SP ID="P218_SP00052" HPOS="389" VPOS="564" WIDTH="12"/>
						<String ID="P218_ST00062" HPOS="401" VPOS="540" WIDTH="29" HEIGHT="23" CONTENT="to" WC="0.55" CC="26"/>
						<SP ID="P218_SP00053" HPOS="430" VPOS="564" WIDTH="14"/>
						<String ID="P218_ST00063" HPOS="444" VPOS="536" WIDTH="105" HEIGHT="27" CONTENT="remain" WC="0.51" CC="909008"/>
						<SP ID="P218_SP00054" HPOS="549" VPOS="564" WIDTH="9"/>
						<String ID="P218_ST00064" HPOS="558" VPOS="536" WIDTH="112" HEIGHT="27" CONTENT="faithful" WC="0.67" CC="61117070"/>
						<SP ID="P218_SP00055" HPOS="670" VPOS="564" WIDTH="13"/>
						<String ID="P218_ST00065" HPOS="683" VPOS="539" WIDTH="29" HEIGHT="23" CONTENT="to" WC="1.00" CC="00"/>
						<SP ID="P218_SP00056" HPOS="712" VPOS="564" WIDTH="10"/>
						<String ID="P218_ST00066" HPOS="722" VPOS="535" WIDTH="44" HEIGHT="26" CONTENT="his" WC="0.45" CC="717"/>
						<SP ID="P218_SP00057" HPOS="766" VPOS="564" WIDTH="10"/>
						<String ID="P218_ST00067" HPOS="776" VPOS="544" WIDTH="132" HEIGHT="26" CONTENT="memory." WC="0.90" CC="0004002"/>
					</TextLine>
					<TextLine ID="P218_TL00010" HPOS="87" VPOS="594" WIDTH="824" HEIGHT="30">
						<String ID="P218_ST00068" HPOS="87" VPOS="598" WIDTH="40" HEIGHT="26" CONTENT="At" WC="0.36" CC="92"/>
						<SP ID="P218_SP00058" HPOS="127" VPOS="624" WIDTH="14"/>
						<String ID="P218_ST00069" HPOS="141" VPOS="597" WIDTH="61" HEIGHT="26" CONTENT="that" WC="0.59" CC="0780"/>
						<SP ID="P218_SP00059" HPOS="202" VPOS="624" WIDTH="13"/>
						<String ID="P218_ST00070" HPOS="215" VPOS="601" WIDTH="123" HEIGHT="22" CONTENT="moment" WC="0.73" CC="004280"/>
						<SP ID="P218_SP00060" HPOS="338" VPOS="624" WIDTH="20"/>
						<String ID="P218_ST00071" HPOS="358" VPOS="597" WIDTH="48" HEIGHT="25" CONTENT="she" WC="0.54" CC="670"/>
						<SP ID="P218_SP00061" HPOS="406" VPOS="624" WIDTH="20"/>
						<String ID="P218_ST00072" HPOS="426" VPOS="596" WIDTH="114" HEIGHT="26" CONTENT="avoided" WC="0.91" CC="0230000"/>
						<SP ID="P218_SP00062" HPOS="540" VPOS="624" WIDTH="21"/>
						<String ID="P218_ST00073" HPOS="561" VPOS="596" WIDTH="67" HEIGHT="26" CONTENT="with" WC="0.72" CC="0037"/>
						<SP ID="P218_SP00063" HPOS="628" VPOS="624" WIDTH="20"/>
						<String ID="P218_ST00074" HPOS="648" VPOS="596" WIDTH="95" HEIGHT="25" CONTENT="horror" WC="0.54" CC="705526"/>
						<SP ID="P218_SP00064" HPOS="743" VPOS="624" WIDTH="13"/>
						<String ID="P218_ST00075" HPOS="756" VPOS="594" WIDTH="48" HEIGHT="27" CONTENT="the" WC="0.60" CC="470"/>
						<SP ID="P218_SP00065" HPOS="804" VPOS="624" WIDTH="19"/>
						<String ID="P218_ST00076" HPOS="823" VPOS="594" WIDTH="88" HEIGHT="26" CONTENT="recol" SUBS_TYPE="HypPart1" SUBS_CONTENT="recollection" WC="0.75" CC="600034"/>
						<HYP CONTENT="-"/>
					</TextLine>
					<TextLine ID="P218_TL00011" HPOS="87" VPOS="653" WIDTH="822" HEIGHT="38">
						<String ID="P218_ST00077" HPOS="87" VPOS="657" WIDTH="100" HEIGHT="26" CONTENT="lection" SUBS_TYPE="HypPart2" SUBS_CONTENT="recollection" WC="0.72" CC="0066401"/>
						<SP ID="P218_SP00066" HPOS="187" VPOS="683" WIDTH="22"/>
						<String ID="P218_ST00078" HPOS="209" VPOS="657" WIDTH="29" HEIGHT="26" CONTENT="of" WC="1.00" CC="00"/>
						<SP ID="P218_SP00067" HPOS="238" VPOS="683" WIDTH="23"/>
						<String ID="P218_ST00079" HPOS="261" VPOS="656" WIDTH="123" HEIGHT="35" CONTENT="Eugenio" WC="0.59" CC="3500756"/>
						<String ID="P218_ST00080" HPOS="396" VPOS="667" WIDTH="5" HEIGHT="22" CONTENT=";" WC="1.00" CC="0"/>
						<SP ID="P218_SP00068" HPOS="401" VPOS="691" WIDTH="33"/>
						<String ID="P218_ST00081" HPOS="434" VPOS="656" WIDTH="40" HEIGHT="26" CONTENT="for" WC="0.82" CC="050"/>
						<SP ID="P218_SP00069" HPOS="474" VPOS="691" WIDTH="24"/>
						<String ID="P218_ST00082" HPOS="498" VPOS="656" WIDTH="47" HEIGHT="26" CONTENT="she" WC="0.51" CC="770"/>
						<SP ID="P218_SP00070" HPOS="545" VPOS="691" WIDTH="24"/>
						<String ID="P218_ST00083" HPOS="569" VPOS="654" WIDTH="190" HEIGHT="27" CONTENT="remembered" WC="0.74" CC="1070970000"/>
						<SP ID="P218_SP00071" HPOS="759" VPOS="691" WIDTH="26"/>
						<String ID="P218_ST00084" HPOS="785" VPOS="654" WIDTH="75" HEIGHT="26" CONTENT="what" WC="0.71" CC="0604"/>
						<SP ID="P218_SP00072" HPOS="860" VPOS="691" WIDTH="26"/>
						<String ID="P218_ST00085" HPOS="886" VPOS="653" WIDTH="23" HEIGHT="27" CONTENT="it" WC="0.54" CC="36"/>
					</TextLine>
					<TextLine ID="P218_TL00012" HPOS="87" VPOS="712" WIDTH="821" HEIGHT="37">
						<String ID="P218_ST00086" HPOS="87" VPOS="724" WIDTH="54" HEIGHT="16" CONTENT="was" WC="0.70" CC="009"/>
						<SP ID="P218_SP00073" HPOS="141" VPOS="740" WIDTH="14"/>
						<String ID="P218_ST00087" HPOS="155" VPOS="714" WIDTH="62" HEIGHT="26" CONTENT="that" WC="0.70" CC="1703"/>
						<SP ID="P218_SP00074" HPOS="217" VPOS="740" WIDTH="13"/>
						<String ID="P218_ST00088" HPOS="230" VPOS="714" WIDTH="124" HEIGHT="35" CONTENT="Eugenio" WC="0.67" CC="5600424"/>
						<SP ID="P218_SP00075" HPOS="354" VPOS="749" WIDTH="13"/>
						<String ID="P218_ST00089" HPOS="367" VPOS="714" WIDTH="56" HEIGHT="26" CONTENT="had" WC="0.76" CC="700"/>
						<SP ID="P218_SP00076" HPOS="423" VPOS="749" WIDTH="19"/>
						<String ID="P218_ST00090" HPOS="442" VPOS="713" WIDTH="80" HEIGHT="27" CONTENT="made" WC="0.76" CC="0090"/>
						<SP ID="P218_SP00077" HPOS="522" VPOS="749" WIDTH="15"/>
						<String ID="P218_ST00091" HPOS="537" VPOS="714" WIDTH="50" HEIGHT="26" CONTENT="her" WC="0.58" CC="705"/>
						<SP ID="P218_SP00078" HPOS="587" VPOS="749" WIDTH="12"/>
						<String ID="P218_ST00092" HPOS="599" VPOS="713" WIDTH="76" HEIGHT="32" CONTENT="wish," WC="0.77" CC="00074"/>
						<SP ID="P218_SP00079" HPOS="675" VPOS="749" WIDTH="14"/>
						<String ID="P218_ST00093" HPOS="689" VPOS="713" WIDTH="55" HEIGHT="26" CONTENT="and" WC="0.49" CC="950"/>
						<SP ID="P218_SP00080" HPOS="744" VPOS="749" WIDTH="20"/>
						<String ID="P218_ST00094" HPOS="764" VPOS="721" WIDTH="62" HEIGHT="18" CONTENT="now" WC="0.61" CC="740"/>
						<SP ID="P218_SP00081" HPOS="826" VPOS="749" WIDTH="18"/>
						<String ID="P218_ST00095" HPOS="844" VPOS="712" WIDTH="64" HEIGHT="26" CONTENT="that" WC="0.72" CC="2701"/>
					</TextLine>
					<TextLine ID="P218_TL00013" HPOS="86" VPOS="771" WIDTH="823" HEIGHT="28">
						<String ID="P218_ST00096" HPOS="86" VPOS="773" WIDTH="68" HEIGHT="26" CONTENT="wish" WC="0.77" CC="0107"/>
						<SP ID="P218_SP00082" HPOS="154" VPOS="799" WIDTH="14"/>
						<String ID="P218_ST00097" HPOS="168" VPOS="773" WIDTH="54" HEIGHT="26" CONTENT="had" WC="0.75" CC="700"/>
						<SP ID="P218_SP00083" HPOS="222" VPOS="799" WIDTH="13"/>
						<String ID="P218_ST00098" HPOS="235" VPOS="773" WIDTH="71" HEIGHT="26" CONTENT="been" WC="0.67" CC="7005"/>
						<SP ID="P218_SP00084" HPOS="306" VPOS="799" WIDTH="13"/>
						<String ID="P218_ST00099" HPOS="319" VPOS="773" WIDTH="123" HEIGHT="26" CONTENT="fulfilled." WC="0.56" CC="4532205592"/>
						<SP ID="P218_SP00085" HPOS="442" VPOS="799" WIDTH="40"/>
						<String ID="P218_ST00100" HPOS="482" VPOS="772" WIDTH="57" HEIGHT="27" CONTENT="But" WC="0.37" CC="675"/>
						<SP ID="P218_SP00086" HPOS="539" VPOS="799" WIDTH="17"/>
						<String ID="P218_ST00101" HPOS="556" VPOS="772" WIDTH="80" HEIGHT="26" CONTENT="these" WC="0.79" CC="27000"/>
						<SP ID="P218_SP00087" HPOS="636" VPOS="799" WIDTH="13"/>
						<String ID="P218_ST00102" HPOS="649" VPOS="781" WIDTH="71" HEIGHT="17" CONTENT="were" WC="0.88" CC="0040"/>
						<SP ID="P218_SP00088" HPOS="720" VPOS="799" WIDTH="23"/>
						<String ID="P218_ST00103" HPOS="743" VPOS="771" WIDTH="166" HEIGHT="26" CONTENT="sentiments" WC="0.77" CC="3073100510"/>
					</TextLine>
					<TextLine ID="P218_TL00014" HPOS="85" VPOS="829" WIDTH="819" HEIGHT="37">
						<String ID="P218_ST00104" HPOS="85" VPOS="831" WIDTH="88" HEIGHT="25" CONTENT="which" WC="0.45" CC="96307"/>
						<SP ID="P218_SP00089" HPOS="173" VPOS="856" WIDTH="12"/>
						<String ID="P218_ST00105" HPOS="185" VPOS="830" WIDTH="100" HEIGHT="36" CONTENT="plaj-ed" WC="0.80" CC="0107400"/>
						<SP ID="P218_SP00090" HPOS="285" VPOS="866" WIDTH="14"/>
						<String ID="P218_ST00106" HPOS="299" VPOS="831" WIDTH="63" HEIGHT="35" CONTENT="only" WC="0.58" CC="5560"/>
						<SP ID="P218_SP00091" HPOS="362" VPOS="866" WIDTH="13"/>
						<String ID="P218_ST00107" HPOS="375" VPOS="840" WIDTH="35" HEIGHT="16" CONTENT="on" WC="0.58" CC="25"/>
						<SP ID="P218_SP00092" HPOS="410" VPOS="866" WIDTH="21"/>
						<String ID="P218_ST00108" HPOS="431" VPOS="830" WIDTH="48" HEIGHT="26" CONTENT="the" WC="0.55" CC="471"/>
						<SP ID="P218_SP00093" HPOS="479" VPOS="866" WIDTH="23"/>
						<String ID="P218_ST00109" HPOS="502" VPOS="830" WIDTH="104" HEIGHT="26" CONTENT="surface" WC="0.87" CC="2050000"/>
						<SP ID="P218_SP00094" HPOS="606" VPOS="866" WIDTH="25"/>
						<String ID="P218_ST00110" HPOS="631" VPOS="829" WIDTH="29" HEIGHT="27" CONTENT="of" WC="0.79" CC="04"/>
						<SP ID="P218_SP00095" HPOS="660" VPOS="866" WIDTH="17"/>
						<String ID="P218_ST00111" HPOS="677" VPOS="830" WIDTH="49" HEIGHT="26" CONTENT="the" WC="0.75" CC="070"/>
						<SP ID="P218_SP00096" HPOS="726" VPOS="866" WIDTH="21"/>
						<String ID="P218_ST00112" HPOS="747" VPOS="829" WIDTH="87" HEIGHT="33" CONTENT="heart," WC="0.64" CC="700354"/>
						<SP ID="P218_SP00097" HPOS="834" VPOS="866" WIDTH="16"/>
						<String ID="P218_ST00113" HPOS="850" VPOS="829" WIDTH="54" HEIGHT="27" CONTENT="and" WC="0.77" CC="060"/>
					</TextLine>
					<TextLine ID="P218_TL00015" HPOS="86" VPOS="887" WIDTH="825" HEIGHT="36">
						<String ID="P218_ST00114" HPOS="86" VPOS="897" WIDTH="71" HEIGHT="17" CONTENT="were" WC="0.60" CC="9050"/>
						<SP ID="P218_SP00098" HPOS="157" VPOS="914" WIDTH="13"/>
						<String ID="P218_ST00115" HPOS="170" VPOS="897" WIDTH="65" HEIGHT="17" CONTENT="soon" WC="0.68" CC="0407"/>
						<SP ID="P218_SP00099" HPOS="235" VPOS="914" WIDTH="20"/>
						<String ID="P218_ST00116" HPOS="255" VPOS="889" WIDTH="80" HEIGHT="26" CONTENT="made" WC="1.00" CC="0000"/>
						<SP ID="P218_SP00100" HPOS="335" VPOS="915" WIDTH="14"/>
						<String ID="P218_ST00117" HPOS="349" VPOS="892" WIDTH="29" HEIGHT="23" CONTENT="to" WC="0.89" CC="02"/>
						<SP ID="P218_SP00101" HPOS="378" VPOS="915" WIDTH="14"/>
						<String ID="P218_ST00118" HPOS="392" VPOS="888" WIDTH="151" HEIGHT="35" CONTENT="disappear." WC="0.79" CC="0340000902"/>
						<SP ID="P218_SP00102" HPOS="543" VPOS="923" WIDTH="41"/>
						<String ID="P218_ST00119" HPOS="584" VPOS="887" WIDTH="55" HEIGHT="27" CONTENT="She" WC="0.45" CC="573"/>
						<SP ID="P218_SP00103" HPOS="639" VPOS="923" WIDTH="21"/>
						<String ID="P218_ST00120" HPOS="660" VPOS="888" WIDTH="87" HEIGHT="26" CONTENT="found" WC="0.51" CC="00869"/>
						<SP ID="P218_SP00104" HPOS="747" VPOS="923" WIDTH="21"/>
						<String ID="P218_ST00121" HPOS="768" VPOS="897" WIDTH="17" HEIGHT="16" CONTENT="a" WC="0.51" CC="4"/>
						<SP ID="P218_SP00105" HPOS="785" VPOS="923" WIDTH="19"/>
						<String ID="P218_ST00122" HPOS="804" VPOS="887" WIDTH="107" HEIGHT="27" CONTENT="bundle" WC="0.50" CC="678007"/>
					</TextLine>
					<TextLine ID="P218_TL00016" HPOS="87" VPOS="945" WIDTH="823" HEIGHT="27">
						<String ID="P218_ST00123" HPOS="87" VPOS="946" WIDTH="30" HEIGHT="26" CONTENT="of" WC="0.89" CC="20"/>
						<SP ID="P218_SP00106" HPOS="117" VPOS="972" WIDTH="23"/>
						<String ID="P218_ST00124" HPOS="140" VPOS="947" WIDTH="94" HEIGHT="25" CONTENT="letters" WC="0.69" CC="4016017"/>
						<SP ID="P218_SP00107" HPOS="234" VPOS="972" WIDTH="27"/>
						<String ID="P218_ST00125" HPOS="261" VPOS="956" WIDTH="34" HEIGHT="16" CONTENT="on" WC="0.50" CC="27"/>
						<SP ID="P218_SP00108" HPOS="295" VPOS="972" WIDTH="23"/>
						<String ID="P218_ST00126" HPOS="318" VPOS="945" WIDTH="88" HEIGHT="27" CONTENT="which" WC="0.39" CC="97507"/>
						<SP ID="P218_SP00109" HPOS="406" VPOS="972" WIDTH="20"/>
						<String ID="P218_ST00127" HPOS="426" VPOS="946" WIDTH="78" HEIGHT="26" CONTENT="there" WC="0.53" CC="67520"/>
						<SP ID="P218_SP00110" HPOS="504" VPOS="972" WIDTH="23"/>
						<String ID="P218_ST00128" HPOS="527" VPOS="955" WIDTH="55" HEIGHT="17" CONTENT="was" WC="0.93" CC="002"/>
						<SP ID="P218_SP00111" HPOS="582" VPOS="972" WIDTH="19"/>
						<String ID="P218_ST00129" HPOS="601" VPOS="955" WIDTH="36" HEIGHT="17" CONTENT="no" WC="0.54" CC="53"/>
						<SP ID="P218_SP00112" HPOS="637" VPOS="972" WIDTH="26"/>
						<String ID="P218_ST00130" HPOS="663" VPOS="946" WIDTH="80" HEIGHT="26" CONTENT="label." WC="0.71" CC="606110"/>
						<SP ID="P218_SP00113" HPOS="743" VPOS="972" WIDTH="49"/>
						<String ID="P218_ST00131" HPOS="792" VPOS="947" WIDTH="39" HEIGHT="25" CONTENT="As" WC="0.32" CC="93"/>
						<SP ID="P218_SP00114" HPOS="831" VPOS="972" WIDTH="28"/>
						<String ID="P218_ST00132" HPOS="859" VPOS="946" WIDTH="51" HEIGHT="26" CONTENT="she" WC="0.29" CC="677"/>
					</TextLine>
					<TextLine ID="P218_TL00017" HPOS="87" VPOS="1005" WIDTH="821" HEIGHT="36">
						<String ID="P218_ST00133" HPOS="87" VPOS="1005" WIDTH="105" HEIGHT="35" CONTENT="opened" WC="0.73" CC="090600"/>
						<SP ID="P218_SP00115" HPOS="192" VPOS="1040" WIDTH="14"/>
						<String ID="P218_ST00134" HPOS="206" VPOS="1005" WIDTH="77" HEIGHT="26" CONTENT="them" WC="0.66" CC="6600"/>
						<SP ID="P218_SP00116" HPOS="283" VPOS="1040" WIDTH="13"/>
						<String ID="P218_ST00135" HPOS="296" VPOS="1005" WIDTH="47" HEIGHT="27" CONTENT="she" WC="0.58" CC="570"/>
						<SP ID="P218_SP00117" HPOS="343" VPOS="1040" WIDTH="14"/>
						<String ID="P218_ST00136" HPOS="357" VPOS="1005" WIDTH="102" HEIGHT="36" CONTENT="caught" WC="0.39" CC="086974"/>
						<SP ID="P218_SP00118" HPOS="459" VPOS="1041" WIDTH="13"/>
						<String ID="P218_ST00137" HPOS="472" VPOS="1005" WIDTH="75" HEIGHT="36" CONTENT="sight" WC="0.75" CC="00075"/>
						<SP ID="P218_SP00119" HPOS="547" VPOS="1041" WIDTH="14"/>
						<String ID="P218_ST00138" HPOS="561" VPOS="1005" WIDTH="31" HEIGHT="27" CONTENT="of" WC="0.81" CC="03"/>
						<SP ID="P218_SP00120" HPOS="592" VPOS="1041" WIDTH="13"/>
						<String ID="P218_ST00139" HPOS="605" VPOS="1015" WIDTH="74" HEIGHT="17" CONTENT="some" WC="0.91" CC="3000"/>
						<SP ID="P218_SP00121" HPOS="679" VPOS="1041" WIDTH="14"/>
						<String ID="P218_ST00140" HPOS="693" VPOS="1005" WIDTH="103" HEIGHT="26" CONTENT="Italian" WC="0.78" CC="4205002"/>
						<SP ID="P218_SP00122" HPOS="796" VPOS="1041" WIDTH="14"/>
						<String ID="P218_ST00141" HPOS="810" VPOS="1005" WIDTH="98" HEIGHT="27" CONTENT="words." WC="0.68" CC="016054"/>
					</TextLine>
					<TextLine ID="P218_TL00018" HPOS="89" VPOS="1063" WIDTH="819" HEIGHT="36">
						<String ID="P218_ST00142" HPOS="89" VPOS="1063" WIDTH="77" HEIGHT="35" CONTENT="They" WC="0.64" CC="0760"/>
						<SP ID="P218_SP00123" HPOS="166" VPOS="1098" WIDTH="12"/>
						<String ID="P218_ST00143" HPOS="178" VPOS="1072" WIDTH="70" HEIGHT="17" CONTENT="were" WC="0.87" CC="0050"/>
						<SP ID="P218_SP00124" HPOS="248" VPOS="1098" WIDTH="14"/>
						<String ID="P218_ST00144" HPOS="262" VPOS="1064" WIDTH="94" HEIGHT="26" CONTENT="letters" WC="0.82" CC="6000040"/>
						<SP ID="P218_SP00125" HPOS="356" VPOS="1098" WIDTH="14"/>
						<String ID="P218_ST00145" HPOS="370" VPOS="1064" WIDTH="70" HEIGHT="25" CONTENT="from" WC="0.80" CC="0008"/>
						<SP ID="P218_SP00126" HPOS="440" VPOS="1098" WIDTH="13"/>
						<String ID="P218_ST00146" HPOS="453" VPOS="1064" WIDTH="49" HEIGHT="26" CONTENT="her" WC="0.52" CC="715"/>
						<SP ID="P218_SP00127" HPOS="502" VPOS="1098" WIDTH="14"/>
						<String ID="P218_ST00147" HPOS="516" VPOS="1064" WIDTH="97" HEIGHT="32" CONTENT="father," WC="0.54" CC="1946054"/>
						<SP ID="P218_SP00128" HPOS="613" VPOS="1098" WIDTH="8"/>
						<String ID="P218_ST00148" HPOS="621" VPOS="1064" WIDTH="116" HEIGHT="35" CONTENT="bearing" WC="0.57" CC="7091370"/>
						<SP ID="P218_SP00129" HPOS="737" VPOS="1099" WIDTH="12"/>
						<String ID="P218_ST00149" HPOS="749" VPOS="1064" WIDTH="49" HEIGHT="26" CONTENT="the" WC="0.66" CC="270"/>
						<SP ID="P218_SP00130" HPOS="798" VPOS="1099" WIDTH="14"/>
						<String ID="P218_ST00150" HPOS="812" VPOS="1064" WIDTH="96" HEIGHT="26" CONTENT="Baden" WC="0.68" CC="63005"/>
					</TextLine>
					<TextLine ID="P218_TL00019" HPOS="88" VPOS="1121" WIDTH="821" HEIGHT="37">
						<String ID="P218_ST00151" HPOS="88" VPOS="1121" WIDTH="158" HEIGHT="35" CONTENT="post-mark," WC="0.80" CC="0057000060"/>
						<SP ID="P218_SP00131" HPOS="246" VPOS="1156" WIDTH="16"/>
						<String ID="P218_ST00152" HPOS="262" VPOS="1121" WIDTH="54" HEIGHT="26" CONTENT="and" WC="1.00" CC="000"/>
						<SP ID="P218_SP00132" HPOS="316" VPOS="1156" WIDTH="13"/>
						<String ID="P218_ST00153" HPOS="329" VPOS="1121" WIDTH="55" HEIGHT="27" CONTENT="had" WC="0.66" CC="720"/>
						<SP ID="P218_SP00133" HPOS="384" VPOS="1156" WIDTH="12"/>
						<String ID="P218_ST00154" HPOS="396" VPOS="1121" WIDTH="72" HEIGHT="27" CONTENT="been" WC="0.57" CC="7206"/>
						<SP ID="P218_SP00134" HPOS="468" VPOS="1156" WIDTH="13"/>
						<String ID="P218_ST00155" HPOS="481" VPOS="1121" WIDTH="111" HEIGHT="28" CONTENT="written" WC="0.61" CC="0671506"/>
						<SP ID="P218_SP00135" HPOS="592" VPOS="1156" WIDTH="19"/>
						<String ID="P218_ST00156" HPOS="611" VPOS="1122" WIDTH="38" HEIGHT="36" CONTENT="by" WC="0.63" CC="70"/>
						<SP ID="P218_SP00136" HPOS="649" VPOS="1158" WIDTH="12"/>
						<String ID="P218_ST00157" HPOS="661" VPOS="1121" WIDTH="60" HEIGHT="27" CONTENT="him" WC="0.55" CC="760"/>
						<SP ID="P218_SP00137" HPOS="721" VPOS="1158" WIDTH="16"/>
						<String ID="P218_ST00158" HPOS="737" VPOS="1121" WIDTH="61" HEIGHT="36" CONTENT="just" WC="0.54" CC="0574"/>
						<SP ID="P218_SP00138" HPOS="798" VPOS="1158" WIDTH="17"/>
						<String ID="P218_ST00159" HPOS="815" VPOS="1121" WIDTH="94" HEIGHT="27" CONTENT="before" WC="0.83" CC="000090"/>
					</TextLine>
					<TextLine ID="P218_TL00020" HPOS="89" VPOS="1180" WIDTH="818" HEIGHT="28">
						<String ID="P218_ST00160" HPOS="89" VPOS="1180" WIDTH="35" HEIGHT="26" CONTENT="he" WC="0.63" CC="70"/>
						<SP ID="P218_SP00139" HPOS="124" VPOS="1206" WIDTH="19"/>
						<String ID="P218_ST00161" HPOS="143" VPOS="1180" WIDTH="55" HEIGHT="25" CONTENT="had" WC="0.75" CC="700"/>
						<SP ID="P218_SP00140" HPOS="198" VPOS="1206" WIDTH="20"/>
						<String ID="P218_ST00162" HPOS="218" VPOS="1183" WIDTH="57" HEIGHT="23" CONTENT="met" WC="0.85" CC="004"/>
						<SP ID="P218_SP00141" HPOS="275" VPOS="1206" WIDTH="14"/>
						<String ID="P218_ST00163" HPOS="289" VPOS="1180" WIDTH="47" HEIGHT="26" CONTENT="the" WC="0.55" CC="660"/>
						<SP ID="P218_SP00142" HPOS="336" VPOS="1206" WIDTH="15"/>
						<String ID="P218_ST00164" HPOS="351" VPOS="1180" WIDTH="142" HEIGHT="28" CONTENT="Marchese" WC="0.79" CC="00407040"/>
						<SP ID="P218_SP00143" HPOS="493" VPOS="1208" WIDTH="21"/>
						<String ID="P218_ST00165" HPOS="514" VPOS="1181" WIDTH="44" HEIGHT="27" CONTENT="dei" WC="1.00" CC="000"/>
						<SP ID="P218_SP00144" HPOS="558" VPOS="1208" WIDTH="20"/>
						<String ID="P218_ST00166" HPOS="578" VPOS="1181" WIDTH="100" HEIGHT="27" CONTENT="Lorini." WC="0.66" CC="0364520"/>
						<SP ID="P218_SP00145" HPOS="678" VPOS="1208" WIDTH="41"/>
						<String ID="P218_ST00167" HPOS="719" VPOS="1181" WIDTH="40" HEIGHT="26" CONTENT="As" WC="0.30" CC="93"/>
						<SP ID="P218_SP00146" HPOS="759" VPOS="1208" WIDTH="21"/>
						<String ID="P218_ST00168" HPOS="780" VPOS="1181" WIDTH="48" HEIGHT="26" CONTENT="she" WC="0.59" CC="470"/>
						<SP ID="P218_SP00147" HPOS="828" VPOS="1208" WIDTH="14"/>
						<String ID="P218_ST00169" HPOS="842" VPOS="1180" WIDTH="65" HEIGHT="26" CONTENT="read" WC="0.61" CC="0069"/>
					</TextLine>
					<TextLine ID="P218_TL00021" HPOS="90" VPOS="1237" WIDTH="818" HEIGHT="37">
						<String ID="P218_ST00170" HPOS="90" VPOS="1238" WIDTH="77" HEIGHT="26" CONTENT="them" WC="0.65" CC="0706"/>
						<SP ID="P218_SP00148" HPOS="167" VPOS="1264" WIDTH="13"/>
						<String ID="P218_ST00171" HPOS="180" VPOS="1237" WIDTH="67" HEIGHT="36" CONTENT="they" WC="0.76" CC="2700"/>
						<SP ID="P218_SP00149" HPOS="247" VPOS="1273" WIDTH="13"/>
						<String ID="P218_ST00172" HPOS="260" VPOS="1238" WIDTH="109" HEIGHT="35" CONTENT="pierced" WC="0.83" CC="0004006"/>
						<SP ID="P218_SP00150" HPOS="369" VPOS="1273" WIDTH="13"/>
						<String ID="P218_ST00173" HPOS="382" VPOS="1238" WIDTH="51" HEIGHT="27" CONTENT="her" WC="0.42" CC="709"/>
						<SP ID="P218_SP00151" HPOS="433" VPOS="1273" WIDTH="12"/>
						<String ID="P218_ST00174" HPOS="445" VPOS="1243" WIDTH="28" HEIGHT="22" CONTENT="to" WC="0.78" CC="40"/>
						<SP ID="P218_SP00152" HPOS="473" VPOS="1273" WIDTH="15"/>
						<String ID="P218_ST00175" HPOS="488" VPOS="1239" WIDTH="48" HEIGHT="26" CONTENT="the" WC="0.69" CC="170"/>
						<SP ID="P218_SP00153" HPOS="536" VPOS="1273" WIDTH="14"/>
						<String ID="P218_ST00176" HPOS="550" VPOS="1239" WIDTH="85" HEIGHT="27" CONTENT="heart." WC="0.72" CC="709000"/>
						<SP ID="P218_SP00154" HPOS="635" VPOS="1273" WIDTH="41"/>
						<String ID="P218_ST00177" HPOS="676" VPOS="1239" WIDTH="76" HEIGHT="35" CONTENT="They" WC="0.82" CC="0700"/>
						<SP ID="P218_SP00155" HPOS="752" VPOS="1274" WIDTH="10"/>
						<String ID="P218_ST00178" HPOS="762" VPOS="1238" WIDTH="146" HEIGHT="27" CONTENT="contained" WC="0.64" CC="008402709"/>
					</TextLine>
					<TextLine ID="P218_TL00022" HPOS="89" VPOS="1296" WIDTH="819" HEIGHT="36">
						<String ID="P218_ST00179" HPOS="89" VPOS="1296" WIDTH="48" HEIGHT="25" CONTENT="the" WC="0.75" CC="070"/>
						<SP ID="P218_SP00156" HPOS="137" VPOS="1321" WIDTH="14"/>
						<String ID="P218_ST00180" HPOS="151" VPOS="1296" WIDTH="52" HEIGHT="25" CONTENT="last" WC="0.86" CC="0005"/>
						<SP ID="P218_SP00157" HPOS="203" VPOS="1321" WIDTH="15"/>
						<String ID="P218_ST00181" HPOS="218" VPOS="1296" WIDTH="67" HEIGHT="26" CONTENT="cries" WC="0.82" CC="03103"/>
						<SP ID="P218_SP00158" HPOS="285" VPOS="1322" WIDTH="13"/>
						<String ID="P218_ST00182" HPOS="298" VPOS="1296" WIDTH="30" HEIGHT="26" CONTENT="of" WC="0.35" CC="57"/>
						<SP ID="P218_SP00159" HPOS="328" VPOS="1322" WIDTH="20"/>
						<String ID="P218_ST00183" HPOS="348" VPOS="1306" WIDTH="16" HEIGHT="16" CONTENT="a" WC="0.59" CC="4"/>
						<SP ID="P218_SP00160" HPOS="364" VPOS="1322" WIDTH="22"/>
						<String ID="P218_ST00184" HPOS="386" VPOS="1306" WIDTH="65" HEIGHT="17" CONTENT="man" WC="0.29" CC="668"/>
						<SP ID="P218_SP00161" HPOS="451" VPOS="1323" WIDTH="20"/>
						<String ID="P218_ST00185" HPOS="471" VPOS="1297" WIDTH="29" HEIGHT="26" CONTENT="in" WC="0.64" CC="15"/>
						<SP ID="P218_SP00162" HPOS="500" VPOS="1323" WIDTH="21"/>
						<String ID="P218_ST00186" HPOS="521" VPOS="1297" WIDTH="113" HEIGHT="35" CONTENT="despair." WC="0.88" CC="00300060"/>
						<SP ID="P218_SP00163" HPOS="634" VPOS="1332" WIDTH="41"/>
						<String ID="P218_ST00187" HPOS="675" VPOS="1297" WIDTH="46" HEIGHT="26" CONTENT="He" WC="0.70" CC="50"/>
						<SP ID="P218_SP00164" HPOS="721" VPOS="1332" WIDTH="20"/>
						<String ID="P218_ST00188" HPOS="741" VPOS="1297" WIDTH="167" HEIGHT="34" CONTENT="reproached" WC="0.83" CC="1000070700"/>
					</TextLine>
					<TextLine ID="P218_TL00023" HPOS="89" VPOS="1353" WIDTH="820" HEIGHT="36">
						<String ID="P218_ST00189" HPOS="89" VPOS="1354" WIDTH="48" HEIGHT="26" CONTENT="her" WC="0.75" CC="700"/>
						<SP ID="P218_SP00165" HPOS="137" VPOS="1380" WIDTH="14"/>
						<String ID="P218_ST00190" HPOS="151" VPOS="1353" WIDTH="40" HEIGHT="27" CONTENT="for" WC="0.48" CC="059"/>
						<SP ID="P218_SP00166" HPOS="191" VPOS="1380" WIDTH="13"/>
						<String ID="P218_ST00191" HPOS="204" VPOS="1358" WIDTH="48" HEIGHT="22" CONTENT="not" WC="0.75" CC="700"/>
						<SP ID="P218_SP00167" HPOS="252" VPOS="1380" WIDTH="14"/>
						<String ID="P218_ST00192" HPOS="266" VPOS="1353" WIDTH="101" HEIGHT="36" CONTENT="having" WC="0.67" CC="700380"/>
						<SP ID="P218_SP00168" HPOS="367" VPOS="1389" WIDTH="13"/>
						<String ID="P218_ST00193" HPOS="380" VPOS="1355" WIDTH="109" HEIGHT="26" CONTENT="written" WC="0.83" CC="0004204"/>
						<SP ID="P218_SP00169" HPOS="489" VPOS="1389" WIDTH="14"/>
						<String ID="P218_ST00194" HPOS="503" VPOS="1359" WIDTH="29" HEIGHT="22" CONTENT="to" WC="0.45" CC="46"/>
						<SP ID="P218_SP00170" HPOS="532" VPOS="1389" WIDTH="15"/>
						<String ID="P218_ST00195" HPOS="547" VPOS="1355" WIDTH="59" HEIGHT="26" CONTENT="him" WC="0.55" CC="741"/>
						<SP ID="P218_SP00171" HPOS="606" VPOS="1389" WIDTH="21"/>
						<String ID="P218_ST00196" HPOS="627" VPOS="1364" WIDTH="68" HEIGHT="17" CONTENT="even" WC="0.86" CC="0500"/>
						<SP ID="P218_SP00172" HPOS="695" VPOS="1389" WIDTH="20"/>
						<String ID="P218_ST00197" HPOS="715" VPOS="1364" WIDTH="73" HEIGHT="17" CONTENT="once." WC="0.77" CC="05500"/>
						<SP ID="P218_SP00173" HPOS="788" VPOS="1389" WIDTH="42"/>
						<String ID="P218_ST00198" HPOS="830" VPOS="1358" WIDTH="13" HEIGHT="10" CONTENT='"' WC="1.00" CC="0"/>
						<SP ID="P218_SP00174" HPOS="843" VPOS="1389" WIDTH="13"/>
						<String ID="P218_ST00199" HPOS="856" VPOS="1355" WIDTH="53" HEIGHT="31" CONTENT="Oh," WC="0.49" CC="274"/>
					</TextLine>
					<TextLine ID="P218_TL00024" HPOS="89" VPOS="1412" WIDTH="820" HEIGHT="38">
						<String ID="P218_ST00200" HPOS="89" VPOS="1412" WIDTH="48" HEIGHT="26" CONTENT="the" WC="0.70" CC="260"/>
						<SP ID="P218_SP00175" HPOS="137" VPOS="1438" WIDTH="23"/>
						<String ID="P218_ST00201" HPOS="160" VPOS="1412" WIDTH="130" HEIGHT="26" CONTENT="wretches" WC="0.68" CC="05020727"/>
						<SP ID="P218_SP00176" HPOS="290" VPOS="1438" WIDTH="13"/>
						<String ID="P218_ST00202" HPOS="303" VPOS="1413" WIDTH="4" HEIGHT="25" CONTENT="!" WC="1.00" CC="0"/>
						<SP ID="P218_SP00177" HPOS="307" VPOS="1438" WIDTH="12"/>
						<String ID="P218_ST00203" HPOS="319" VPOS="1412" WIDTH="12" HEIGHT="10" CONTENT='"' WC="1.00" CC="0"/>
						<SP ID="P218_SP00178" HPOS="331" VPOS="1438" WIDTH="24"/>
						<String ID="P218_ST00204" HPOS="355" VPOS="1412" WIDTH="47" HEIGHT="26" CONTENT="she" WC="0.51" CC="770"/>
						<SP ID="P218_SP00179" HPOS="402" VPOS="1438" WIDTH="22"/>
						<String ID="P218_ST00205" HPOS="424" VPOS="1413" WIDTH="72" HEIGHT="26" CONTENT="cried" WC="0.90" CC="02020"/>
						<SP ID="P218_SP00180" HPOS="496" VPOS="1439" WIDTH="12"/>
						<String ID="P218_ST00206" HPOS="508" VPOS="1424" WIDTH="5" HEIGHT="22" CONTENT=";" WC="0.62" CC="3"/>
						<SP ID="P218_SP00181" HPOS="513" VPOS="1446" WIDTH="21"/>
						<String ID="P218_ST00207" HPOS="534" VPOS="1416" WIDTH="13" HEIGHT="10" CONTENT='"' WC="1.00" CC="0"/>
						<SP ID="P218_SP00182" HPOS="547" VPOS="1446" WIDTH="10"/>
						<String ID="P218_ST00208" HPOS="557" VPOS="1413" WIDTH="70" HEIGHT="27" CONTENT="then" WC="0.64" CC="0707"/>
						<SP ID="P218_SP00183" HPOS="627" VPOS="1446" WIDTH="22"/>
						<String ID="P218_ST00209" HPOS="649" VPOS="1414" WIDTH="66" HEIGHT="35" CONTENT="they" WC="0.56" CC="0709"/>
						<SP ID="P218_SP00184" HPOS="715" VPOS="1449" WIDTH="22"/>
						<String ID="P218_ST00210" HPOS="737" VPOS="1414" WIDTH="172" HEIGHT="36" CONTENT="intercepted" WC="0.85" CC="46400000100"/>
					</TextLine>
					<TextLine ID="P218_TL00025" HPOS="91" VPOS="1469" WIDTH="820" HEIGHT="39">
						<String ID="P218_ST00211" HPOS="91" VPOS="1480" WIDTH="47" HEIGHT="26" CONTENT="my" WC="0.50" CC="90"/>
						<SP ID="P218_SP00185" HPOS="138" VPOS="1506" WIDTH="14"/>
						<String ID="P218_ST00212" HPOS="152" VPOS="1470" WIDTH="81" HEIGHT="27" CONTENT="letter" WC="0.90" CC="103010"/>
						<SP ID="P218_SP00186" HPOS="233" VPOS="1506" WIDTH="19"/>
						<String ID="P218_ST00213" HPOS="252" VPOS="1480" WIDTH="29" HEIGHT="16" CONTENT="as" WC="0.13" CC="97"/>
						<SP ID="P218_SP00187" HPOS="281" VPOS="1506" WIDTH="20"/>
						<String ID="P218_ST00214" HPOS="301" VPOS="1469" WIDTH="82" HEIGHT="28" CONTENT='well."' WC="0.88" CC="000600"/>
						<SP ID="P218_SP00188" HPOS="383" VPOS="1506" WIDTH="40"/>
						<String ID="P218_ST00215" HPOS="423" VPOS="1470" WIDTH="45" HEIGHT="27" CONTENT="He" WC="0.39" CC="65"/>
						<SP ID="P218_SP00189" HPOS="468" VPOS="1506" WIDTH="15"/>
						<String ID="P218_ST00216" HPOS="483" VPOS="1471" WIDTH="57" HEIGHT="26" CONTENT="told" WC="0.81" CC="1320"/>
						<SP ID="P218_SP00190" HPOS="540" VPOS="1506" WIDTH="14"/>
						<String ID="P218_ST00217" HPOS="554" VPOS="1471" WIDTH="49" HEIGHT="26" CONTENT="her" WC="0.75" CC="700"/>
						<SP ID="P218_SP00191" HPOS="603" VPOS="1506" WIDTH="19"/>
						<String ID="P218_ST00218" HPOS="622" VPOS="1472" WIDTH="30" HEIGHT="26" CONTENT="of" WC="0.71" CC="50"/>
						<SP ID="P218_SP00192" HPOS="652" VPOS="1506" WIDTH="16"/>
						<String ID="P218_ST00219" HPOS="668" VPOS="1472" WIDTH="43" HEIGHT="26" CONTENT="his" WC="0.48" CC="734"/>
						<SP ID="P218_SP00193" HPOS="711" VPOS="1506" WIDTH="20"/>
						<String ID="P218_ST00220" HPOS="731" VPOS="1477" WIDTH="122" HEIGHT="31" CONTENT="poverty," WC="0.77" CC="00906001"/>
						<SP ID="P218_SP00194" HPOS="853" VPOS="1508" WIDTH="14"/>
						<String ID="P218_ST00221" HPOS="867" VPOS="1473" WIDTH="44" HEIGHT="27" CONTENT="his" WC="0.43" CC="672"/>
					</TextLine>
					<TextLine ID="P218_TL00026" HPOS="92" VPOS="1529" WIDTH="819" HEIGHT="34">
						<String ID="P218_ST00222" HPOS="92" VPOS="1530" WIDTH="112" HEIGHT="33" CONTENT="hunger," WC="0.41" CC="7887260"/>
						<SP ID="P218_SP00195" HPOS="204" VPOS="1563" WIDTH="22"/>
						<String ID="P218_ST00223" HPOS="226" VPOS="1529" WIDTH="43" HEIGHT="26" CONTENT="his" WC="0.48" CC="725"/>
						<SP ID="P218_SP00196" HPOS="269" VPOS="1563" WIDTH="27"/>
						<String ID="P218_ST00224" HPOS="296" VPOS="1529" WIDTH="109" HEIGHT="26" CONTENT="disease." WC="0.50" CC="04869820"/>
						<SP ID="P218_SP00197" HPOS="405" VPOS="1563" WIDTH="41"/>
						<String ID="P218_ST00225" HPOS="446" VPOS="1531" WIDTH="13" HEIGHT="10" CONTENT='"' WC="0.35" CC="6"/>
						<SP ID="P218_SP00198" HPOS="459" VPOS="1563" WIDTH="13"/>
						<String ID="P218_ST00226" HPOS="472" VPOS="1529" WIDTH="12" HEIGHT="26" CONTENT="I" WC="0.68" CC="3"/>
						<SP ID="P218_SP00199" HPOS="484" VPOS="1563" WIDTH="25"/>
						<String ID="P218_ST00227" HPOS="509" VPOS="1539" WIDTH="44" HEIGHT="17" CONTENT="am" WC="0.69" CC="60"/>
						<SP ID="P218_SP00200" HPOS="553" VPOS="1563" WIDTH="24"/>
						<String ID="P218_ST00228" HPOS="577" VPOS="1540" WIDTH="16" HEIGHT="17" CONTENT="a" WC="0.42" CC="5"/>
						<SP ID="P218_SP00201" HPOS="593" VPOS="1563" WIDTH="18"/>
						<String ID="P218_ST00229" HPOS="611" VPOS="1530" WIDTH="143" HEIGHT="28" CONTENT="drunkard" WC="0.62" CC="50784030"/>
						<SP ID="P218_SP00202" HPOS="754" VPOS="1563" WIDTH="20"/>
						<String ID="P218_ST00230" HPOS="774" VPOS="1532" WIDTH="82" HEIGHT="31" CONTENT='now,"' WC="0.79" CC="35020"/>
						<SP ID="P218_SP00203" HPOS="856" VPOS="1563" WIDTH="20"/>
						<String ID="P218_ST00231" HPOS="876" VPOS="1531" WIDTH="35" HEIGHT="28" CONTENT="he" WC="0.60" CC="70"/>
					</TextLine>
				</TextBlock>
			</PrintSpace>
		</Page>
	</Layout>
</alto>
