<?xml version="1.0" encoding="UTF-8"?>
<alto xmlns:xsi="http://www.w3.org/2001/XMLSchema-instance" xsi:noNamespaceSchemaLocation="http://www.bl.uk/schemas/alto/alto-1-4.xsd" xmlns:xlink="http://www.w3.org/1999/xlink">
	<Description>
		<MeasurementUnit>mm10</MeasurementUnit>
		<sourceImageInformation>
			<fileName>//head1/IN/2007-44/A0010858537.2/001825.jp2</fileName>
		</sourceImageInformation>
		<OCRProcessing ID="OCRPROCESSING_1">
			<preProcessingStep>
				<processingSoftware>
					<softwareCreator>CCS Content Conversion Specialists GmbH, Germany</softwareCreator>
					<softwareName>CCS docWORKS</softwareName>
					<softwareVersion>6.1-0.59</softwareVersion>
				</processingSoftware>
			</preProcessingStep>
			<ocrProcessingStep>
				<processingSoftware>
					<softwareCreator>ABBYY (BIT Software), Russia</softwareCreator>
					<softwareName>Finereader</softwareName>
				</processingSoftware>
			</ocrProcessingStep>
		</OCRProcessing>
	</Description>
	<Styles>
		<TextStyle ID="TXT_0" FONTSIZE="9" FONTFAMILY="Courier New"/>
		<TextStyle ID="TXT_1" FONTSIZE="10" FONTFAMILY="Courier New"/>
		<ParagraphStyle ID="PAR_CENTER" ALIGN="Center"/>
		<ParagraphStyle ID="PAR_RIGHT" ALIGN="Right"/>
		<ParagraphStyle ID="PAR_LEFT" ALIGN="Left"/>
	</Styles>
	<Layout>
		<Page ID="P47" PHYSICAL_IMG_NR="47" HEIGHT="1683" WIDTH="989" PRINTED_IMG_NR="39" POSITION="Right" ACCURACY="72.70">
			<TopMargin ID="P47_TM00001" HPOS="0" VPOS="0" WIDTH="988" HEIGHT="156">
				<TextBlock ID="P47_TB00001" HPOS="406" VPOS="134" WIDTH="131" HEIGHT="20" STYLEREFS="TXT_0 PAR_CENTER">
					<TextLine ID="P47_TL00001" HPOS="406" VPOS="135" WIDTH="131" HEIGHT="19">
						<String ID="P47_ST00001" HPOS="406" VPOS="135" WIDTH="131" HEIGHT="19" CONTENT="SEE-SAW." WC="0.73" CC="70006007"/>
					</TextLine>
				</TextBlock>
				<TextBlock ID="P47_TB00002" HPOS="836" VPOS="130" WIDTH="34" HEIGHT="24" STYLEREFS="TXT_1 PAR_RIGHT">
					<TextLine ID="P47_TL00002" HPOS="838" VPOS="131" WIDTH="31" HEIGHT="23">
						<String ID="P47_ST00002" HPOS="838" VPOS="131" WIDTH="31" HEIGHT="23" CONTENT="39" WC="0.90" CC="10"/>
					</TextLine>
				</TextBlock>
			</TopMargin>
			<LeftMargin ID="P47_LM00001" HPOS="0" VPOS="156" WIDTH="60" HEIGHT="1429"/>
			<RightMargin ID="P47_RM00001" HPOS="877" VPOS="156" WIDTH="111" HEIGHT="1429"/>
			<BottomMargin ID="P47_BM00001" HPOS="0" VPOS="1585" WIDTH="988" HEIGHT="98"/>
			<PrintSpace ID="P47_PS00001" HPOS="60" VPOS="156" WIDTH="817" HEIGHT="1429">
				<TextBlock ID="P47_TB00003" HPOS="60" VPOS="215" WIDTH="812" HEIGHT="152" STYLEREFS="TXT_0 PAR_LEFT">
					<TextLine ID="P47_TL00003" HPOS="61" VPOS="216" WIDTH="811" HEIGHT="38">
						<String ID="P47_ST00003" HPOS="61" VPOS="216" WIDTH="56" HEIGHT="26" CONTENT="call" WC="0.66" CC="9030"/>
						<SP ID="P47_SP00001" HPOS="117" VPOS="242" WIDTH="19"/>
						<String ID="P47_ST00004" HPOS="136" VPOS="220" WIDTH="30" HEIGHT="23" CONTENT="at" WC="0.64" CC="07"/>
						<SP ID="P47_SP00002" HPOS="166" VPOS="243" WIDTH="20"/>
						<String ID="P47_ST00005" HPOS="186" VPOS="218" WIDTH="47" HEIGHT="26" CONTENT="the" WC="0.77" CC="060"/>
						<SP ID="P47_SP00003" HPOS="233" VPOS="244" WIDTH="22"/>
						<String ID="P47_ST00006" HPOS="255" VPOS="218" WIDTH="90" HEIGHT="26" CONTENT="house." WC="0.82" CC="700300"/>
						<SP ID="P47_SP00004" HPOS="345" VPOS="244" WIDTH="52"/>
						<String ID="P47_ST00007" HPOS="397" VPOS="218" WIDTH="72" HEIGHT="26" CONTENT="Jane" WC="0.82" CC="0070"/>
						<SP ID="P47_SP00005" HPOS="469" VPOS="244" WIDTH="28"/>
						<String ID="P47_ST00008" HPOS="497" VPOS="218" WIDTH="101" HEIGHT="27" CONTENT="Atkins" WC="0.64" CC="043660"/>
						<SP ID="P47_SP00006" HPOS="598" VPOS="245" WIDTH="23"/>
						<String ID="P47_ST00009" HPOS="621" VPOS="219" WIDTH="53" HEIGHT="26" CONTENT="lost" WC="0.59" CC="4074"/>
						<SP ID="P47_SP00007" HPOS="674" VPOS="245" WIDTH="21"/>
						<String ID="P47_ST00010" HPOS="695" VPOS="219" WIDTH="49" HEIGHT="26" CONTENT="her" WC="0.69" CC="701"/>
						<SP ID="P47_SP00008" HPOS="744" VPOS="245" WIDTH="21"/>
						<String ID="P47_ST00011" HPOS="765" VPOS="221" WIDTH="107" HEIGHT="33" CONTENT="temper" WC="0.88" CC="201002"/>
					</TextLine>
					<TextLine ID="P47_TL00004" HPOS="64" VPOS="274" WIDTH="808" HEIGHT="37">
						<String ID="P47_ST00012" HPOS="64" VPOS="274" WIDTH="89" HEIGHT="27" CONTENT="under" WC="0.56" CC="86006"/>
						<SP ID="P47_SP00009" HPOS="153" VPOS="301" WIDTH="19"/>
						<String ID="P47_ST00013" HPOS="172" VPOS="275" WIDTH="36" HEIGHT="26" CONTENT="all" WC="0.87" CC="003"/>
						<SP ID="P47_SP00010" HPOS="208" VPOS="301" WIDTH="19"/>
						<String ID="P47_ST00014" HPOS="227" VPOS="275" WIDTH="77" HEIGHT="26" CONTENT="these" WC="0.72" CC="07060"/>
						<SP ID="P47_SP00011" HPOS="304" VPOS="301" WIDTH="18"/>
						<String ID="P47_ST00015" HPOS="322" VPOS="275" WIDTH="77" HEIGHT="27" CONTENT="trials" WC="0.62" CC="141077"/>
						<SP ID="P47_SP00012" HPOS="399" VPOS="302" WIDTH="12"/>
						<String ID="P47_ST00016" HPOS="411" VPOS="285" WIDTH="6" HEIGHT="23" CONTENT=";" WC="0.94" CC="0"/>
						<SP ID="P47_SP00013" HPOS="417" VPOS="308" WIDTH="24"/>
						<String ID="P47_ST00017" HPOS="441" VPOS="275" WIDTH="48" HEIGHT="27" CONTENT="she" WC="0.50" CC="670"/>
						<SP ID="P47_SP00014" HPOS="489" VPOS="308" WIDTH="20"/>
						<String ID="P47_ST00018" HPOS="509" VPOS="276" WIDTH="164" HEIGHT="35" CONTENT="reproached" WC="0.76" CC="6004400700"/>
						<SP ID="P47_SP00015" HPOS="673" VPOS="311" WIDTH="19"/>
						<String ID="P47_ST00019" HPOS="692" VPOS="276" WIDTH="49" HEIGHT="27" CONTENT="her" WC="0.56" CC="705"/>
						<SP ID="P47_SP00016" HPOS="741" VPOS="311" WIDTH="19"/>
						<String ID="P47_ST00020" HPOS="760" VPOS="276" WIDTH="112" HEIGHT="27" CONTENT="brother" WC="0.73" CC="4302700"/>
					</TextLine>
					<TextLine ID="P47_TL00005" HPOS="63" VPOS="331" WIDTH="425" HEIGHT="36">
						<String ID="P47_ST00021" HPOS="63" VPOS="331" WIDTH="43" HEIGHT="27" CONTENT="for" WC="0.55" CC="344"/>
						<SP ID="P47_SP00017" HPOS="106" VPOS="358" WIDTH="12"/>
						<String ID="P47_ST00022" HPOS="118" VPOS="332" WIDTH="102" HEIGHT="35" CONTENT="having" WC="0.64" CC="740260"/>
						<SP ID="P47_SP00018" HPOS="220" VPOS="367" WIDTH="13"/>
						<String ID="P47_ST00023" HPOS="233" VPOS="332" WIDTH="116" HEIGHT="26" CONTENT="married" WC="0.82" CC="0523100"/>
						<SP ID="P47_SP00019" HPOS="349" VPOS="367" WIDTH="15"/>
						<String ID="P47_ST00024" HPOS="364" VPOS="342" WIDTH="16" HEIGHT="16" CONTENT="a" WC="0.35" CC="6"/>
						<SP ID="P47_SP00020" HPOS="380" VPOS="367" WIDTH="13"/>
						<String ID="P47_ST00025" HPOS="393" VPOS="332" WIDTH="95" HEIGHT="35" CONTENT="singer." WC="0.76" CC="3070060"/>
					</TextLine>
				</TextBlock>
				<TextBlock ID="P47_TB00004" HPOS="61" VPOS="389" WIDTH="811" HEIGHT="269" STYLEREFS="TXT_0 PAR_LEFT">
					<TextLine ID="P47_TL00006" HPOS="103" VPOS="390" WIDTH="769" HEIGHT="37">
						<String ID="P47_ST00026" HPOS="103" VPOS="393" WIDTH="14" HEIGHT="10" CONTENT='"' WC="0.83" CC="1"/>
						<SP ID="P47_SP00021" HPOS="117" VPOS="403" WIDTH="9"/>
						<String ID="P47_ST00027" HPOS="126" VPOS="390" WIDTH="85" HEIGHT="26" CONTENT="What" WC="0.73" CC="0703"/>
						<SP ID="P47_SP00022" HPOS="211" VPOS="416" WIDTH="13"/>
						<String ID="P47_ST00028" HPOS="224" VPOS="390" WIDTH="22" HEIGHT="26" CONTENT="is" WC="0.41" CC="56"/>
						<SP ID="P47_SP00023" HPOS="246" VPOS="416" WIDTH="14"/>
						<String ID="P47_ST00029" HPOS="260" VPOS="391" WIDTH="47" HEIGHT="25" CONTENT="the" WC="0.68" CC="270"/>
						<SP ID="P47_SP00024" HPOS="307" VPOS="416" WIDTH="14"/>
						<String ID="P47_ST00030" HPOS="321" VPOS="400" WIDTH="183" HEIGHT="26" CONTENT="consequence" WC="0.85" CC="02510060000"/>
						<SP ID="P47_SP00025" HPOS="504" VPOS="426" WIDTH="11"/>
						<String ID="P47_ST00031" HPOS="515" VPOS="393" WIDTH="10" HEIGHT="25" CONTENT="?" WC="1.00" CC="0"/>
						<SP ID="P47_SP00026" HPOS="525" VPOS="426" WIDTH="11"/>
						<String ID="P47_ST00032" HPOS="536" VPOS="391" WIDTH="13" HEIGHT="11" CONTENT='"' WC="1.00" CC="0"/>
						<SP ID="P47_SP00027" HPOS="549" VPOS="426" WIDTH="14"/>
						<String ID="P47_ST00033" HPOS="563" VPOS="392" WIDTH="47" HEIGHT="27" CONTENT="she" WC="0.51" CC="770"/>
						<SP ID="P47_SP00028" HPOS="610" VPOS="426" WIDTH="10"/>
						<String ID="P47_ST00034" HPOS="620" VPOS="391" WIDTH="71" HEIGHT="28" CONTENT="cried" WC="0.82" CC="04400"/>
						<String ID="P47_ST00035" HPOS="699" VPOS="402" WIDTH="6" HEIGHT="22" CONTENT=";" WC="0.91" CC="0"/>
						<SP ID="P47_SP00029" HPOS="705" VPOS="426" WIDTH="14"/>
						<String ID="P47_ST00036" HPOS="719" VPOS="396" WIDTH="13" HEIGHT="10" CONTENT='"' WC="0.64" CC="3"/>
						<SP ID="P47_SP00030" HPOS="732" VPOS="426" WIDTH="8"/>
						<String ID="P47_ST00037" HPOS="740" VPOS="402" WIDTH="53" HEIGHT="25" CONTENT="you" WC="1.00" CC="000"/>
						<SP ID="P47_SP00031" HPOS="793" VPOS="427" WIDTH="10"/>
						<String ID="P47_ST00038" HPOS="803" VPOS="392" WIDTH="69" HEIGHT="27" CONTENT="have" WC="0.67" CC="7050"/>
					</TextLine>
					<TextLine ID="P47_TL00007" HPOS="65" VPOS="447" WIDTH="807" HEIGHT="39">
						<String ID="P47_ST00039" HPOS="65" VPOS="447" WIDTH="63" HEIGHT="27" CONTENT="shut" WC="0.33" CC="5785"/>
						<SP ID="P47_SP00032" HPOS="128" VPOS="474" WIDTH="19"/>
						<String ID="P47_ST00040" HPOS="147" VPOS="448" WIDTH="122" HEIGHT="35" CONTENT="yourself" WC="0.62" CC="02556063"/>
						<SP ID="P47_SP00033" HPOS="269" VPOS="483" WIDTH="17"/>
						<String ID="P47_ST00041" HPOS="286" VPOS="452" WIDTH="49" HEIGHT="23" CONTENT="out" WC="0.71" CC="016"/>
						<SP ID="P47_SP00034" HPOS="335" VPOS="483" WIDTH="21"/>
						<String ID="P47_ST00042" HPOS="356" VPOS="450" WIDTH="30" HEIGHT="25" CONTENT="of" WC="1.00" CC="00"/>
						<SP ID="P47_SP00035" HPOS="386" VPOS="483" WIDTH="16"/>
						<String ID="P47_ST00043" HPOS="402" VPOS="450" WIDTH="36" HEIGHT="25" CONTENT="all" WC="0.66" CC="720"/>
						<SP ID="P47_SP00036" HPOS="438" VPOS="483" WIDTH="21"/>
						<String ID="P47_ST00044" HPOS="459" VPOS="450" WIDTH="98" HEIGHT="27" CONTENT="decent" WC="0.76" CC="007060"/>
						<SP ID="P47_SP00037" HPOS="557" VPOS="483" WIDTH="20"/>
						<String ID="P47_ST00045" HPOS="577" VPOS="451" WIDTH="105" HEIGHT="35" CONTENT="society." WC="0.77" CC="61030500"/>
						<SP ID="P47_SP00038" HPOS="682" VPOS="486" WIDTH="41"/>
						<String ID="P47_ST00046" HPOS="723" VPOS="452" WIDTH="62" HEIGHT="26" CONTENT="You" WC="0.61" CC="047"/>
						<SP ID="P47_SP00039" HPOS="785" VPOS="486" WIDTH="19"/>
						<String ID="P47_ST00047" HPOS="804" VPOS="452" WIDTH="68" HEIGHT="27" CONTENT="have" WC="0.57" CC="7900"/>
					</TextLine>
					<TextLine ID="P47_TL00008" HPOS="64" VPOS="506" WIDTH="808" HEIGHT="39">
						<String ID="P47_ST00048" HPOS="64" VPOS="509" WIDTH="81" HEIGHT="31" CONTENT="spent" WC="0.65" CC="30076"/>
						<SP ID="P47_SP00040" HPOS="145" VPOS="540" WIDTH="12"/>
						<String ID="P47_ST00049" HPOS="157" VPOS="506" WIDTH="61" HEIGHT="35" CONTENT="fifty" WC="0.91" CC="00040"/>
						<SP ID="P47_SP00041" HPOS="218" VPOS="541" WIDTH="13"/>
						<String ID="P47_ST00050" HPOS="231" VPOS="507" WIDTH="106" HEIGHT="34" CONTENT="pounds" WC="0.84" CC="010107"/>
						<SP ID="P47_SP00042" HPOS="337" VPOS="541" WIDTH="17"/>
						<String ID="P47_ST00051" HPOS="354" VPOS="517" WIDTH="35" HEIGHT="17" CONTENT="on" WC="0.56" CC="25"/>
						<SP ID="P47_SP00043" HPOS="389" VPOS="541" WIDTH="14"/>
						<String ID="P47_ST00052" HPOS="403" VPOS="517" WIDTH="16" HEIGHT="17" CONTENT="a" WC="1.00" CC="0"/>
						<SP ID="P47_SP00044" HPOS="419" VPOS="541" WIDTH="13"/>
						<String ID="P47_ST00053" HPOS="432" VPOS="508" WIDTH="69" HEIGHT="34" CONTENT="pack" WC="0.99" CC="0000"/>
						<SP ID="P47_SP00045" HPOS="501" VPOS="542" WIDTH="12"/>
						<String ID="P47_ST00054" HPOS="513" VPOS="508" WIDTH="32" HEIGHT="27" CONTENT="of" WC="0.18" CC="78"/>
						<SP ID="P47_SP00046" HPOS="545" VPOS="542" WIDTH="9"/>
						<String ID="P47_ST00055" HPOS="554" VPOS="508" WIDTH="66" HEIGHT="36" CONTENT="dogs" WC="0.78" CC="7000"/>
						<SP ID="P47_SP00047" HPOS="620" VPOS="544" WIDTH="12"/>
						<String ID="P47_ST00056" HPOS="632" VPOS="509" WIDTH="54" HEIGHT="26" CONTENT="and" WC="0.77" CC="060"/>
						<SP ID="P47_SP00048" HPOS="686" VPOS="544" WIDTH="14"/>
						<String ID="P47_ST00057" HPOS="700" VPOS="509" WIDTH="172" HEIGHT="36" CONTENT="red-jackets," WC="0.88" CC="000000000363"/>
					</TextLine>
					<TextLine ID="P47_TL00009" HPOS="62" VPOS="564" WIDTH="810" HEIGHT="37">
						<String ID="P47_ST00058" HPOS="62" VPOS="564" WIDTH="57" HEIGHT="26" CONTENT="and" WC="0.44" CC="960"/>
						<SP ID="P47_SP00049" HPOS="119" VPOS="590" WIDTH="26"/>
						<String ID="P47_ST00059" HPOS="145" VPOS="564" WIDTH="70" HEIGHT="26" CONTENT="have" WC="0.82" CC="7000"/>
						<SP ID="P47_SP00050" HPOS="215" VPOS="590" WIDTH="25"/>
						<String ID="P47_ST00060" HPOS="240" VPOS="565" WIDTH="80" HEIGHT="26" CONTENT="made" WC="0.77" CC="7200"/>
						<SP ID="P47_SP00051" HPOS="320" VPOS="591" WIDTH="28"/>
						<String ID="P47_ST00061" HPOS="348" VPOS="565" WIDTH="122" HEIGHT="36" CONTENT="yourself" WC="0.76" CC="06640010"/>
						<SP ID="P47_SP00052" HPOS="470" VPOS="601" WIDTH="21"/>
						<String ID="P47_ST00062" HPOS="491" VPOS="566" WIDTH="145" HEIGHT="27" CONTENT="ridiculous" WC="0.79" CC="0090000064"/>
						<SP ID="P47_SP00053" HPOS="636" VPOS="601" WIDTH="26"/>
						<String ID="P47_ST00063" HPOS="662" VPOS="567" WIDTH="29" HEIGHT="26" CONTENT="in" WC="1.00" CC="00"/>
						<SP ID="P47_SP00054" HPOS="691" VPOS="601" WIDTH="21"/>
						<String ID="P47_ST00064" HPOS="712" VPOS="577" WIDTH="16" HEIGHT="16" CONTENT="a" WC="1.00" CC="0"/>
						<SP ID="P47_SP00055" HPOS="728" VPOS="601" WIDTH="20"/>
						<String ID="P47_ST00065" HPOS="748" VPOS="567" WIDTH="124" HEIGHT="27" CONTENT="hundred" WC="0.66" CC="7670200"/>
					</TextLine>
					<TextLine ID="P47_TL00010" HPOS="64" VPOS="623" WIDTH="187" HEIGHT="35">
						<String ID="P47_ST00066" HPOS="64" VPOS="623" WIDTH="81" HEIGHT="27" CONTENT="other" WC="0.55" CC="72705"/>
						<SP ID="P47_SP00056" HPOS="145" VPOS="650" WIDTH="11"/>
						<String ID="P47_ST00067" HPOS="156" VPOS="624" WIDTH="95" HEIGHT="34" CONTENT='ways."' WC="0.89" CC="000600"/>
					</TextLine>
				</TextBlock>
				<TextBlock ID="P47_TB00005" HPOS="65" VPOS="681" WIDTH="809" HEIGHT="150" STYLEREFS="TXT_0 PAR_LEFT">
					<TextLine ID="P47_TL00011" HPOS="102" VPOS="682" WIDTH="772" HEIGHT="28">
						<String ID="P47_ST00068" HPOS="102" VPOS="682" WIDTH="58" HEIGHT="26" CONTENT="But" WC="0.34" CC="765"/>
						<SP ID="P47_SP00057" HPOS="160" VPOS="708" WIDTH="21"/>
						<String ID="P47_ST00069" HPOS="181" VPOS="683" WIDTH="80" HEIGHT="25" CONTENT="when" WC="0.65" CC="0706"/>
						<SP ID="P47_SP00058" HPOS="261" VPOS="708" WIDTH="22"/>
						<String ID="P47_ST00070" HPOS="283" VPOS="683" WIDTH="46" HEIGHT="26" CONTENT="she" WC="0.54" CC="670"/>
						<SP ID="P47_SP00059" HPOS="329" VPOS="709" WIDTH="21"/>
						<String ID="P47_ST00071" HPOS="350" VPOS="682" WIDTH="156" HEIGHT="27" CONTENT="insinuated" WC="0.69" CC="3730760100"/>
						<SP ID="P47_SP00060" HPOS="506" VPOS="709" WIDTH="18"/>
						<String ID="P47_ST00072" HPOS="524" VPOS="686" WIDTH="28" HEIGHT="23" CONTENT="to" WC="0.85" CC="20"/>
						<SP ID="P47_SP00061" HPOS="552" VPOS="709" WIDTH="18"/>
						<String ID="P47_ST00073" HPOS="570" VPOS="683" WIDTH="164" HEIGHT="26" CONTENT="Maddalena" WC="0.81" CC="030006070"/>
						<SP ID="P47_SP00062" HPOS="734" VPOS="709" WIDTH="17"/>
						<String ID="P47_ST00074" HPOS="751" VPOS="683" WIDTH="62" HEIGHT="27" CONTENT="that" WC="0.81" CC="0700"/>
						<SP ID="P47_SP00063" HPOS="813" VPOS="710" WIDTH="12"/>
						<String ID="P47_ST00075" HPOS="825" VPOS="683" WIDTH="49" HEIGHT="27" CONTENT="her" WC="0.54" CC="706"/>
					</TextLine>
					<TextLine ID="P47_TL00012" HPOS="66" VPOS="739" WIDTH="808" HEIGHT="35">
						<String ID="P47_ST00076" HPOS="66" VPOS="739" WIDTH="149" HEIGHT="35" CONTENT="profession" WC="0.78" CC="0600070105"/>
						<SP ID="P47_SP00064" HPOS="215" VPOS="774" WIDTH="14"/>
						<String ID="P47_ST00077" HPOS="229" VPOS="739" WIDTH="54" HEIGHT="27" CONTENT="had" WC="0.76" CC="700"/>
						<SP ID="P47_SP00065" HPOS="283" VPOS="774" WIDTH="14"/>
						<String ID="P47_ST00078" HPOS="297" VPOS="740" WIDTH="98" HEIGHT="27" CONTENT="caused" WC="0.80" CC="005600"/>
						<SP ID="P47_SP00066" HPOS="395" VPOS="774" WIDTH="10"/>
						<String ID="P47_ST00079" HPOS="405" VPOS="740" WIDTH="76" HEIGHT="27" CONTENT="them" WC="0.61" CC="3704"/>
						<SP ID="P47_SP00067" HPOS="481" VPOS="774" WIDTH="14"/>
						<String ID="P47_ST00080" HPOS="495" VPOS="743" WIDTH="28" HEIGHT="24" CONTENT="to" WC="0.84" CC="30"/>
						<SP ID="P47_SP00068" HPOS="523" VPOS="774" WIDTH="14"/>
						<String ID="P47_ST00081" HPOS="537" VPOS="740" WIDTH="33" HEIGHT="27" CONTENT="be" WC="0.63" CC="70"/>
						<SP ID="P47_SP00069" HPOS="570" VPOS="774" WIDTH="14"/>
						<String ID="P47_ST00082" HPOS="584" VPOS="740" WIDTH="122" HEIGHT="32" CONTENT="tabooed," WC="0.72" CC="29720000"/>
						<SP ID="P47_SP00070" HPOS="706" VPOS="774" WIDTH="11"/>
						<String ID="P47_ST00083" HPOS="717" VPOS="740" WIDTH="46" HEIGHT="27" CONTENT="the" WC="0.66" CC="360"/>
						<SP ID="P47_SP00071" HPOS="763" VPOS="774" WIDTH="14"/>
						<String ID="P47_ST00084" HPOS="777" VPOS="740" WIDTH="97" HEIGHT="27" CONTENT="former" WC="0.92" CC="000004"/>
					</TextLine>
					<TextLine ID="P47_TL00013" HPOS="66" VPOS="797" WIDTH="269" HEIGHT="34">
						<String ID="P47_ST00085" HPOS="66" VPOS="797" WIDTH="105" HEIGHT="34" CONTENT="replied" WC="0.92" CC="0003200"/>
						<SP ID="P47_SP00072" HPOS="171" VPOS="831" WIDTH="13"/>
						<String ID="P47_ST00086" HPOS="184" VPOS="797" WIDTH="151" HEIGHT="34" CONTENT="haughtily," WC="0.80" CC="6030710000"/>
					</TextLine>
				</TextBlock>
				<TextBlock ID="P47_TB00006" HPOS="64" VPOS="853" WIDTH="813" HEIGHT="317" STYLEREFS="TXT_0 PAR_LEFT">
					<TextLine ID="P47_TL00014" HPOS="106" VPOS="854" WIDTH="768" HEIGHT="34">
						<String ID="P47_ST00087" HPOS="106" VPOS="858" WIDTH="12" HEIGHT="9" CONTENT='"' WC="1.00" CC="0"/>
						<SP ID="P47_SP00073" HPOS="118" VPOS="867" WIDTH="9"/>
						<String ID="P47_ST00088" HPOS="127" VPOS="855" WIDTH="63" HEIGHT="26" CONTENT="You" WC="0.54" CC="246"/>
						<SP ID="P47_SP00074" HPOS="190" VPOS="881" WIDTH="22"/>
						<String ID="P47_ST00089" HPOS="212" VPOS="864" WIDTH="45" HEIGHT="17" CONTENT="are" WC="0.88" CC="030"/>
						<SP ID="P47_SP00075" HPOS="257" VPOS="881" WIDTH="20"/>
						<String ID="P47_ST00090" HPOS="277" VPOS="855" WIDTH="146" HEIGHT="32" CONTENT="mistaken," WC="0.53" CC="951508064"/>
						<SP ID="P47_SP00076" HPOS="423" VPOS="887" WIDTH="14"/>
						<String ID="P47_ST00091" HPOS="437" VPOS="855" WIDTH="109" HEIGHT="26" CONTENT="madam" WC="1.00" CC="00000"/>
						<String ID="P47_ST00092" HPOS="556" VPOS="865" WIDTH="8" HEIGHT="23" CONTENT=";" WC="0.61" CC="3"/>
						<SP ID="P47_SP00077" HPOS="564" VPOS="888" WIDTH="16"/>
						<String ID="P47_ST00093" HPOS="580" VPOS="854" WIDTH="160" HEIGHT="27" CONTENT="there'must" WC="0.66" CC="0605070066"/>
						<SP ID="P47_SP00078" HPOS="740" VPOS="888" WIDTH="13"/>
						<String ID="P47_ST00094" HPOS="753" VPOS="855" WIDTH="34" HEIGHT="27" CONTENT="be" WC="0.63" CC="70"/>
						<SP ID="P47_SP00079" HPOS="787" VPOS="888" WIDTH="15"/>
						<String ID="P47_ST00095" HPOS="802" VPOS="864" WIDTH="72" HEIGHT="18" CONTENT="some" WC="0.83" CC="5100"/>
					</TextLine>
					<TextLine ID="P47_TL00015" HPOS="67" VPOS="912" WIDTH="810" HEIGHT="36">
						<String ID="P47_ST00096" HPOS="67" VPOS="912" WIDTH="78" HEIGHT="26" CONTENT="other" WC="0.75" CC="20701"/>
						<SP ID="P47_SP00080" HPOS="145" VPOS="938" WIDTH="20"/>
						<String ID="P47_ST00097" HPOS="165" VPOS="921" WIDTH="101" HEIGHT="18" CONTENT="reason." WC="0.70" CC="3009070"/>
						<SP ID="P47_SP00081" HPOS="266" VPOS="939" WIDTH="39"/>
						<String ID="P47_ST00098" HPOS="305" VPOS="912" WIDTH="35" HEIGHT="26" CONTENT="In" WC="0.35" CC="57"/>
						<SP ID="P47_SP00082" HPOS="340" VPOS="939" WIDTH="19"/>
						<String ID="P47_ST00099" HPOS="359" VPOS="912" WIDTH="55" HEIGHT="26" CONTENT="this" WC="0.66" CC="0705"/>
						<SP ID="P47_SP00083" HPOS="414" VPOS="939" WIDTH="19"/>
						<String ID="P47_ST00100" HPOS="433" VPOS="921" WIDTH="66" HEIGHT="27" CONTENT="very" WC="1.00" CC="0000"/>
						<SP ID="P47_SP00084" HPOS="499" VPOS="948" WIDTH="18"/>
						<String ID="P47_ST00101" HPOS="517" VPOS="916" WIDTH="102" HEIGHT="32" CONTENT="county" WC="0.83" CC="000630"/>
						<SP ID="P47_SP00085" HPOS="619" VPOS="948" WIDTH="18"/>
						<String ID="P47_ST00102" HPOS="637" VPOS="921" WIDTH="16" HEIGHT="17" CONTENT="a" WC="1.00" CC="0"/>
						<SP ID="P47_SP00086" HPOS="653" VPOS="948" WIDTH="19"/>
						<String ID="P47_ST00103" HPOS="672" VPOS="912" WIDTH="157" HEIGHT="35" CONTENT="gentleman" WC="0.81" CC="007200007"/>
						<SP ID="P47_SP00087" HPOS="829" VPOS="948" WIDTH="20"/>
						<String ID="P47_ST00104" HPOS="849" VPOS="913" WIDTH="28" HEIGHT="25" CONTENT="of" WC="0.92" CC="10"/>
					</TextLine>
					<TextLine ID="P47_TL00016" HPOS="65" VPOS="970" WIDTH="810" HEIGHT="36">
						<String ID="P47_ST00105" HPOS="65" VPOS="973" WIDTH="130" HEIGHT="33" CONTENT="property" WC="0.72" CC="06200660"/>
						<SP ID="P47_SP00088" HPOS="195" VPOS="1006" WIDTH="13"/>
						<String ID="P47_ST00106" HPOS="208" VPOS="970" WIDTH="118" HEIGHT="26" CONTENT="married" WC="0.85" CC="0043100"/>
						<SP ID="P47_SP00089" HPOS="326" VPOS="1006" WIDTH="17"/>
						<String ID="P47_ST00107" HPOS="343" VPOS="979" WIDTH="17" HEIGHT="17" CONTENT="a" WC="1.00" CC="0"/>
						<SP ID="P47_SP00090" HPOS="360" VPOS="1006" WIDTH="18"/>
						<String ID="P47_ST00108" HPOS="378" VPOS="970" WIDTH="65" HEIGHT="35" CONTENT="lady" WC="1.00" CC="0000"/>
						<SP ID="P47_SP00091" HPOS="443" VPOS="1006" WIDTH="12"/>
						<String ID="P47_ST00109" HPOS="455" VPOS="970" WIDTH="60" HEIGHT="27" CONTENT="who" WC="0.78" CC="060"/>
						<SP ID="P47_SP00092" HPOS="515" VPOS="1006" WIDTH="14"/>
						<String ID="P47_ST00110" HPOS="529" VPOS="980" WIDTH="53" HEIGHT="16" CONTENT="was" WC="0.85" CC="004"/>
						<SP ID="P47_SP00093" HPOS="582" VPOS="1006" WIDTH="14"/>
						<String ID="P47_ST00111" HPOS="596" VPOS="970" WIDTH="140" HEIGHT="35" CONTENT="originally" WC="0.76" CC="0600060550"/>
						<SP ID="P47_SP00094" HPOS="736" VPOS="1006" WIDTH="13"/>
						<String ID="P47_ST00112" HPOS="749" VPOS="980" WIDTH="16" HEIGHT="16" CONTENT="a" WC="1.00" CC="0"/>
						<SP ID="P47_SP00095" HPOS="765" VPOS="1006" WIDTH="14"/>
						<String ID="P47_ST00113" HPOS="779" VPOS="971" WIDTH="96" HEIGHT="34" CONTENT="singer." WC="0.44" CC="5579064"/>
					</TextLine>
					<TextLine ID="P47_TL00017" HPOS="68" VPOS="1028" WIDTH="806" HEIGHT="36">
						<String ID="P47_ST00114" HPOS="68" VPOS="1029" WIDTH="55" HEIGHT="27" CONTENT="She" WC="0.54" CC="670"/>
						<SP ID="P47_SP00096" HPOS="123" VPOS="1056" WIDTH="14"/>
						<String ID="P47_ST00115" HPOS="137" VPOS="1029" WIDTH="23" HEIGHT="26" CONTENT="is" WC="0.57" CC="25"/>
						<SP ID="P47_SP00097" HPOS="160" VPOS="1056" WIDTH="13"/>
						<String ID="P47_ST00116" HPOS="173" VPOS="1038" WIDTH="16" HEIGHT="17" CONTENT="a" WC="1.00" CC="0"/>
						<SP ID="P47_SP00098" HPOS="189" VPOS="1056" WIDTH="10"/>
						<String ID="P47_ST00117" HPOS="199" VPOS="1028" WIDTH="92" HEIGHT="27" CONTENT="leader" WC="0.77" CC="430022"/>
						<SP ID="P47_SP00099" HPOS="291" VPOS="1056" WIDTH="14"/>
						<String ID="P47_ST00118" HPOS="305" VPOS="1028" WIDTH="29" HEIGHT="27" CONTENT="of" WC="0.90" CC="10"/>
						<SP ID="P47_SP00100" HPOS="334" VPOS="1056" WIDTH="10"/>
						<String ID="P47_ST00119" HPOS="344" VPOS="1028" WIDTH="113" HEIGHT="32" CONTENT="fashion," WC="0.75" CC="00070074"/>
						<SP ID="P47_SP00101" HPOS="457" VPOS="1060" WIDTH="13"/>
						<String ID="P47_ST00120" HPOS="470" VPOS="1032" WIDTH="49" HEIGHT="22" CONTENT="not" WC="0.59" CC="704"/>
						<SP ID="P47_SP00102" HPOS="519" VPOS="1060" WIDTH="13"/>
						<String ID="P47_ST00121" HPOS="532" VPOS="1028" WIDTH="63" HEIGHT="36" CONTENT="only" WC="0.81" CC="0510"/>
						<SP ID="P47_SP00103" HPOS="595" VPOS="1064" WIDTH="13"/>
						<String ID="P47_ST00122" HPOS="608" VPOS="1028" WIDTH="28" HEIGHT="26" CONTENT="in" WC="0.76" CC="04"/>
						<SP ID="P47_SP00104" HPOS="636" VPOS="1064" WIDTH="14"/>
						<String ID="P47_ST00123" HPOS="650" VPOS="1028" WIDTH="47" HEIGHT="26" CONTENT="the" WC="0.64" CC="370"/>
						<SP ID="P47_SP00105" HPOS="697" VPOS="1064" WIDTH="13"/>
						<String ID="P47_ST00124" HPOS="710" VPOS="1032" WIDTH="101" HEIGHT="32" CONTENT="county" WC="0.65" CC="065710"/>
						<SP ID="P47_SP00106" HPOS="811" VPOS="1064" WIDTH="13"/>
						<String ID="P47_ST00125" HPOS="824" VPOS="1029" WIDTH="50" HEIGHT="25" CONTENT="but" WC="0.43" CC="753"/>
					</TextLine>
					<TextLine ID="P47_TL00018" HPOS="67" VPOS="1086" WIDTH="807" HEIGHT="36">
						<String ID="P47_ST00126" HPOS="67" VPOS="1087" WIDTH="29" HEIGHT="26" CONTENT="in" WC="0.62" CC="25"/>
						<SP ID="P47_SP00107" HPOS="96" VPOS="1113" WIDTH="13"/>
						<String ID="P47_ST00127" HPOS="109" VPOS="1087" WIDTH="48" HEIGHT="26" CONTENT="the" WC="0.58" CC="570"/>
						<SP ID="P47_SP00108" HPOS="157" VPOS="1113" WIDTH="13"/>
						<String ID="P47_ST00128" HPOS="170" VPOS="1087" WIDTH="61" HEIGHT="26" CONTENT="best" WC="0.55" CC="7045"/>
						<SP ID="P47_SP00109" HPOS="231" VPOS="1113" WIDTH="13"/>
						<String ID="P47_ST00129" HPOS="244" VPOS="1086" WIDTH="103" HEIGHT="36" CONTENT="society" WC="0.72" CC="6015050"/>
						<SP ID="P47_SP00110" HPOS="347" VPOS="1122" WIDTH="13"/>
						<String ID="P47_ST00130" HPOS="360" VPOS="1087" WIDTH="31" HEIGHT="26" CONTENT="of" WC="0.91" CC="01"/>
						<SP ID="P47_SP00111" HPOS="391" VPOS="1122" WIDTH="10"/>
						<String ID="P47_ST00131" HPOS="401" VPOS="1086" WIDTH="113" HEIGHT="27" CONTENT="London" WC="0.70" CC="037006"/>
						<SP ID="P47_SP00112" HPOS="514" VPOS="1122" WIDTH="11"/>
						<String ID="P47_ST00132" HPOS="525" VPOS="1097" WIDTH="5" HEIGHT="22" CONTENT=";" WC="0.76" CC="2"/>
						<SP ID="P47_SP00113" HPOS="530" VPOS="1122" WIDTH="18"/>
						<String ID="P47_ST00133" HPOS="548" VPOS="1086" WIDTH="54" HEIGHT="26" CONTENT="and" WC="0.77" CC="060"/>
						<SP ID="P47_SP00114" HPOS="602" VPOS="1122" WIDTH="14"/>
						<String ID="P47_ST00134" HPOS="616" VPOS="1086" WIDTH="14" HEIGHT="26" CONTENT="I" WC="0.76" CC="2"/>
						<SP ID="P47_SP00115" HPOS="630" VPOS="1122" WIDTH="13"/>
						<String ID="P47_ST00135" HPOS="643" VPOS="1086" WIDTH="88" HEIGHT="34" CONTENT="might" WC="0.89" CC="00032"/>
						<SP ID="P47_SP00116" HPOS="731" VPOS="1122" WIDTH="20"/>
						<String ID="P47_ST00136" HPOS="751" VPOS="1086" WIDTH="123" HEIGHT="26" CONTENT="mention" WC="0.56" CC="0076257"/>
					</TextLine>
					<TextLine ID="P47_TL00019" HPOS="67" VPOS="1145" WIDTH="250" HEIGHT="25">
						<String ID="P47_ST00137" HPOS="67" VPOS="1145" WIDTH="78" HEIGHT="25" CONTENT="other" WC="0.65" CC="04705"/>
						<SP ID="P47_SP00117" HPOS="145" VPOS="1170" WIDTH="13"/>
						<String ID="P47_ST00138" HPOS="158" VPOS="1145" WIDTH="159" HEIGHT="25" CONTENT='instances."' WC="0.72" CC="06620700700"/>
					</TextLine>
				</TextBlock>
				<TextBlock ID="P47_TB00007" HPOS="64" VPOS="1201" WIDTH="811" HEIGHT="270" STYLEREFS="TXT_0 PAR_LEFT">
					<TextLine ID="P47_TL00020" HPOS="103" VPOS="1202" WIDTH="772" HEIGHT="36">
						<String ID="P47_ST00139" HPOS="103" VPOS="1203" WIDTH="72" HEIGHT="27" CONTENT="Jane" WC="0.77" CC="0440"/>
						<SP ID="P47_SP00118" HPOS="175" VPOS="1230" WIDTH="14"/>
						<String ID="P47_ST00140" HPOS="189" VPOS="1203" WIDTH="47" HEIGHT="27" CONTENT="did" WC="0.66" CC="720"/>
						<SP ID="P47_SP00119" HPOS="236" VPOS="1230" WIDTH="14"/>
						<String ID="P47_ST00141" HPOS="250" VPOS="1206" WIDTH="49" HEIGHT="24" CONTENT="not" WC="0.61" CC="730"/>
						<SP ID="P47_SP00120" HPOS="299" VPOS="1230" WIDTH="17"/>
						<String ID="P47_ST00142" HPOS="316" VPOS="1203" WIDTH="77" HEIGHT="35" CONTENT="reply" WC="1.00" CC="00000"/>
						<String ID="P47_ST00143" HPOS="403" VPOS="1213" WIDTH="5" HEIGHT="23" CONTENT=";" WC="1.00" CC="0"/>
						<SP ID="P47_SP00121" HPOS="408" VPOS="1238" WIDTH="22"/>
						<String ID="P47_ST00144" HPOS="430" VPOS="1202" WIDTH="47" HEIGHT="27" CONTENT="she" WC="0.46" CC="662"/>
						<SP ID="P47_SP00122" HPOS="477" VPOS="1238" WIDTH="15"/>
						<String ID="P47_ST00145" HPOS="492" VPOS="1202" WIDTH="74" HEIGHT="26" CONTENT="liked" WC="0.79" CC="20610"/>
						<SP ID="P47_SP00123" HPOS="566" VPOS="1238" WIDTH="13"/>
						<String ID="P47_ST00146" HPOS="579" VPOS="1202" WIDTH="49" HEIGHT="26" CONTENT="her" WC="0.75" CC="700"/>
						<SP ID="P47_SP00124" HPOS="628" VPOS="1238" WIDTH="14"/>
						<String ID="P47_ST00147" HPOS="642" VPOS="1211" WIDTH="70" HEIGHT="17" CONTENT="none" WC="0.67" CC="5070"/>
						<SP ID="P47_SP00125" HPOS="712" VPOS="1238" WIDTH="13"/>
						<String ID="P47_ST00148" HPOS="725" VPOS="1202" WIDTH="48" HEIGHT="26" CONTENT="the" WC="0.71" CC="170"/>
						<SP ID="P47_SP00126" HPOS="773" VPOS="1238" WIDTH="13"/>
						<String ID="P47_ST00149" HPOS="786" VPOS="1202" WIDTH="89" HEIGHT="27" CONTENT="better" WC="0.75" CC="702400"/>
					</TextLine>
					<TextLine ID="P47_TL00021" HPOS="66" VPOS="1260" WIDTH="809" HEIGHT="35">
						<String ID="P47_ST00150" HPOS="66" VPOS="1262" WIDTH="40" HEIGHT="27" CONTENT="for" WC="0.61" CC="703"/>
						<SP ID="P47_SP00127" HPOS="106" VPOS="1289" WIDTH="13"/>
						<String ID="P47_ST00151" HPOS="119" VPOS="1262" WIDTH="56" HEIGHT="26" CONTENT="this" WC="0.48" CC="0756"/>
						<SP ID="P47_SP00128" HPOS="175" VPOS="1289" WIDTH="22"/>
						<String ID="P47_ST00152" HPOS="197" VPOS="1265" WIDTH="92" HEIGHT="28" CONTENT="retort," WC="0.85" CC="0020114"/>
						<SP ID="P47_SP00129" HPOS="289" VPOS="1293" WIDTH="16"/>
						<String ID="P47_ST00153" HPOS="305" VPOS="1261" WIDTH="55" HEIGHT="27" CONTENT="and" WC="0.78" CC="060"/>
						<SP ID="P47_SP00130" HPOS="360" VPOS="1293" WIDTH="20"/>
						<String ID="P47_ST00154" HPOS="380" VPOS="1261" WIDTH="23" HEIGHT="26" CONTENT="it" WC="0.71" CC="05"/>
						<SP ID="P47_SP00131" HPOS="403" VPOS="1293" WIDTH="18"/>
						<String ID="P47_ST00155" HPOS="421" VPOS="1269" WIDTH="53" HEIGHT="18" CONTENT="was" WC="0.53" CC="076"/>
						<SP ID="P47_SP00132" HPOS="474" VPOS="1293" WIDTH="17"/>
						<String ID="P47_ST00156" HPOS="491" VPOS="1260" WIDTH="67" HEIGHT="26" CONTENT="with" WC="0.62" CC="0257"/>
						<SP ID="P47_SP00133" HPOS="558" VPOS="1293" WIDTH="23"/>
						<String ID="P47_ST00157" HPOS="581" VPOS="1269" WIDTH="72" HEIGHT="17" CONTENT="some" WC="0.83" CC="6000"/>
						<SP ID="P47_SP00134" HPOS="653" VPOS="1293" WIDTH="15"/>
						<String ID="P47_ST00158" HPOS="668" VPOS="1260" WIDTH="133" HEIGHT="35" CONTENT="difficulty" WC="0.83" CC="0100006540"/>
						<SP ID="P47_SP00135" HPOS="801" VPOS="1295" WIDTH="12"/>
						<String ID="P47_ST00159" HPOS="813" VPOS="1261" WIDTH="62" HEIGHT="26" CONTENT="that" WC="0.57" CC="5604"/>
					</TextLine>
					<TextLine ID="P47_TL00022" HPOS="68" VPOS="1318" WIDTH="806" HEIGHT="29">
						<String ID="P47_ST00160" HPOS="68" VPOS="1320" WIDTH="165" HEIGHT="27" CONTENT="Maddalena" WC="0.82" CC="000008070"/>
						<SP ID="P47_SP00136" HPOS="233" VPOS="1347" WIDTH="12"/>
						<String ID="P47_ST00161" HPOS="245" VPOS="1319" WIDTH="98" HEIGHT="28" CONTENT="healed" WC="0.79" CC="700500"/>
						<SP ID="P47_SP00137" HPOS="343" VPOS="1347" WIDTH="13"/>
						<String ID="P47_ST00162" HPOS="356" VPOS="1319" WIDTH="49" HEIGHT="27" CONTENT="the" WC="0.58" CC="570"/>
						<SP ID="P47_SP00138" HPOS="405" VPOS="1347" WIDTH="14"/>
						<String ID="P47_ST00163" HPOS="419" VPOS="1319" WIDTH="99" HEIGHT="27" CONTENT="wound" WC="0.81" CC="00260"/>
						<SP ID="P47_SP00139" HPOS="518" VPOS="1347" WIDTH="10"/>
						<String ID="P47_ST00164" HPOS="528" VPOS="1319" WIDTH="88" HEIGHT="26" CONTENT="which" WC="0.71" CC="07007"/>
						<SP ID="P47_SP00140" HPOS="616" VPOS="1347" WIDTH="10"/>
						<String ID="P47_ST00165" HPOS="626" VPOS="1319" WIDTH="48" HEIGHT="26" CONTENT="she" WC="0.69" CC="170"/>
						<SP ID="P47_SP00141" HPOS="674" VPOS="1347" WIDTH="13"/>
						<String ID="P47_ST00166" HPOS="687" VPOS="1319" WIDTH="54" HEIGHT="26" CONTENT="had" WC="0.80" CC="600"/>
						<SP ID="P47_SP00142" HPOS="741" VPOS="1347" WIDTH="13"/>
						<String ID="P47_ST00167" HPOS="754" VPOS="1318" WIDTH="120" HEIGHT="27" CONTENT="inflicted" WC="0.77" CC="073300600"/>
					</TextLine>
					<TextLine ID="P47_TL00023" HPOS="66" VPOS="1376" WIDTH="808" HEIGHT="38">
						<String ID="P47_ST00168" HPOS="66" VPOS="1387" WIDTH="35" HEIGHT="19" CONTENT="on" WC="0.29" CC="67"/>
						<SP ID="P47_SP00143" HPOS="101" VPOS="1406" WIDTH="21"/>
						<String ID="P47_ST00169" HPOS="122" VPOS="1379" WIDTH="49" HEIGHT="26" CONTENT="her" WC="0.61" CC="704"/>
						<SP ID="P47_SP00144" HPOS="171" VPOS="1406" WIDTH="21"/>
						<String ID="P47_ST00170" HPOS="192" VPOS="1379" WIDTH="101" HEIGHT="35" CONTENT="vanity." WC="0.75" CC="0075400"/>
						<SP ID="P47_SP00145" HPOS="293" VPOS="1414" WIDTH="40"/>
						<String ID="P47_ST00171" HPOS="333" VPOS="1377" WIDTH="67" HEIGHT="27" CONTENT="Miss" WC="0.66" CC="0066"/>
						<SP ID="P47_SP00146" HPOS="400" VPOS="1414" WIDTH="24"/>
						<String ID="P47_ST00172" HPOS="424" VPOS="1377" WIDTH="102" HEIGHT="26" CONTENT="Atkins" WC="0.75" CC="030045"/>
						<SP ID="P47_SP00147" HPOS="526" VPOS="1414" WIDTH="13"/>
						<String ID="P47_ST00173" HPOS="539" VPOS="1376" WIDTH="54" HEIGHT="27" CONTENT="had" WC="0.75" CC="700"/>
						<SP ID="P47_SP00148" HPOS="593" VPOS="1414" WIDTH="20"/>
						<String ID="P47_ST00174" HPOS="613" VPOS="1385" WIDTH="51" HEIGHT="18" CONTENT="one" WC="0.59" CC="470"/>
						<SP ID="P47_SP00149" HPOS="664" VPOS="1414" WIDTH="13"/>
						<String ID="P47_ST00175" HPOS="677" VPOS="1376" WIDTH="31" HEIGHT="27" CONTENT="of" WC="0.83" CC="30"/>
						<SP ID="P47_SP00150" HPOS="708" VPOS="1414" WIDTH="16"/>
						<String ID="P47_ST00176" HPOS="724" VPOS="1376" WIDTH="79" HEIGHT="27" CONTENT="those" WC="0.60" CC="57060"/>
						<SP ID="P47_SP00151" HPOS="803" VPOS="1414" WIDTH="21"/>
						<String ID="P47_ST00177" HPOS="824" VPOS="1386" WIDTH="50" HEIGHT="16" CONTENT="un" SUBS_TYPE="HypPart1" SUBS_CONTENT="unhealthy" WC="0.63" CC="460"/>
						<HYP CONTENT="-"/>
					</TextLine>
					<TextLine ID="P47_TL00024" HPOS="67" VPOS="1435" WIDTH="686" HEIGHT="36">
						<String ID="P47_ST00178" HPOS="67" VPOS="1436" WIDTH="112" HEIGHT="35" CONTENT="healthy" SUBS_TYPE="HypPart2" SUBS_CONTENT="unhealthy" WC="0.77" CC="6100070"/>
						<SP ID="P47_SP00152" HPOS="179" VPOS="1471" WIDTH="13"/>
						<String ID="P47_ST00179" HPOS="192" VPOS="1437" WIDTH="91" HEIGHT="26" CONTENT="minds" WC="0.86" CC="00006"/>
						<SP ID="P47_SP00153" HPOS="283" VPOS="1471" WIDTH="13"/>
						<String ID="P47_ST00180" HPOS="296" VPOS="1436" WIDTH="29" HEIGHT="27" CONTENT="in" WC="0.67" CC="06"/>
						<SP ID="P47_SP00154" HPOS="325" VPOS="1471" WIDTH="14"/>
						<String ID="P47_ST00181" HPOS="339" VPOS="1436" WIDTH="89" HEIGHT="27" CONTENT="which" WC="0.47" CC="97207"/>
						<SP ID="P47_SP00155" HPOS="428" VPOS="1471" WIDTH="15"/>
						<String ID="P47_ST00182" HPOS="443" VPOS="1445" WIDTH="82" HEIGHT="26" CONTENT="every" WC="0.92" CC="00040"/>
						<SP ID="P47_SP00156" HPOS="525" VPOS="1471" WIDTH="12"/>
						<String ID="P47_ST00183" HPOS="537" VPOS="1435" WIDTH="104" HEIGHT="27" CONTENT="scratch" WC="0.58" CC="6059007"/>
						<SP ID="P47_SP00157" HPOS="641" VPOS="1471" WIDTH="12"/>
						<String ID="P47_ST00184" HPOS="653" VPOS="1435" WIDTH="100" HEIGHT="27" CONTENT="festers." WC="0.69" CC="00440662"/>
					</TextLine>
				</TextBlock>
				<TextBlock ID="P47_TB00008" HPOS="65" VPOS="1492" WIDTH="807" HEIGHT="93" STYLEREFS="TXT_0 PAR_LEFT">
					<TextLine ID="P47_TL00025" HPOS="104" VPOS="1493" WIDTH="768" HEIGHT="35">
						<String ID="P47_ST00185" HPOS="104" VPOS="1494" WIDTH="55" HEIGHT="27" CONTENT="She" WC="0.75" CC="070"/>
						<SP ID="P47_SP00158" HPOS="159" VPOS="1521" WIDTH="18"/>
						<String ID="P47_ST00186" HPOS="177" VPOS="1504" WIDTH="60" HEIGHT="24" CONTENT="was," WC="0.84" CC="0060"/>
						<SP ID="P47_SP00159" HPOS="237" VPOS="1528" WIDTH="18"/>
						<String ID="P47_ST00187" HPOS="255" VPOS="1496" WIDTH="133" HEIGHT="30" CONTENT="however," WC="0.79" CC="60003060"/>
						<SP ID="P47_SP00160" HPOS="388" VPOS="1528" WIDTH="21"/>
						<String ID="P47_ST00188" HPOS="409" VPOS="1494" WIDTH="147" HEIGHT="26" CONTENT="convinced" WC="0.86" CC="005007000"/>
						<SP ID="P47_SP00161" HPOS="556" VPOS="1528" WIDTH="19"/>
						<String ID="P47_ST00189" HPOS="575" VPOS="1494" WIDTH="62" HEIGHT="26" CONTENT="that" WC="0.69" CC="4700"/>
						<SP ID="P47_SP00162" HPOS="637" VPOS="1528" WIDTH="21"/>
						<String ID="P47_ST00190" HPOS="658" VPOS="1494" WIDTH="46" HEIGHT="26" CONTENT="she" WC="0.59" CC="470"/>
						<SP ID="P47_SP00163" HPOS="704" VPOS="1528" WIDTH="24"/>
						<String ID="P47_ST00191" HPOS="728" VPOS="1493" WIDTH="54" HEIGHT="27" CONTENT="had" WC="0.78" CC="600"/>
						<SP ID="P47_SP00164" HPOS="782" VPOS="1528" WIDTH="23"/>
						<String ID="P47_ST00192" HPOS="805" VPOS="1493" WIDTH="67" HEIGHT="26" CONTENT="been" WC="0.87" CC="0005"/>
					</TextLine>
					<TextLine ID="P47_TL00026" HPOS="65" VPOS="1551" WIDTH="807" HEIGHT="34">
						<String ID="P47_ST00193" HPOS="65" VPOS="1552" WIDTH="145" HEIGHT="32" CONTENT="mistaken," WC="0.69" CC="906000074"/>
						<SP ID="P47_SP00165" HPOS="210" VPOS="1584" WIDTH="23"/>
						<String ID="P47_ST00194" HPOS="233" VPOS="1553" WIDTH="53" HEIGHT="26" CONTENT="and" WC="0.75" CC="070"/>
						<SP ID="P47_SP00166" HPOS="286" VPOS="1584" WIDTH="24"/>
						<String ID="P47_ST00195" HPOS="310" VPOS="1556" WIDTH="28" HEIGHT="23" CONTENT="at" WC="0.41" CC="92"/>
						<SP ID="P47_SP00167" HPOS="338" VPOS="1584" WIDTH="22"/>
						<String ID="P47_ST00196" HPOS="360" VPOS="1552" WIDTH="95" HEIGHT="33" CONTENT="length" WC="0.72" CC="007017"/>
						<SP ID="P47_SP00168" HPOS="455" VPOS="1585" WIDTH="26"/>
						<String ID="P47_ST00197" HPOS="481" VPOS="1552" WIDTH="48" HEIGHT="27" CONTENT="she" WC="0.54" CC="660"/>
						<SP ID="P47_SP00169" HPOS="529" VPOS="1585" WIDTH="21"/>
						<String ID="P47_ST00198" HPOS="550" VPOS="1551" WIDTH="169" HEIGHT="28" CONTENT="determined" WC="0.79" CC="0060403600"/>
						<SP ID="P47_SP00170" HPOS="719" VPOS="1585" WIDTH="21"/>
						<String ID="P47_ST00199" HPOS="740" VPOS="1555" WIDTH="29" HEIGHT="23" CONTENT="to" WC="1.00" CC="00"/>
						<SP ID="P47_SP00171" HPOS="769" VPOS="1585" WIDTH="21"/>
						<String ID="P47_ST00200" HPOS="790" VPOS="1551" WIDTH="82" HEIGHT="34" CONTENT="speak" WC="0.85" CC="70000"/>
					</TextLine>
				</TextBlock>
			</PrintSpace>
		</Page>
	</Layout>
</alto>
