<?xml version="1.0" encoding="UTF-8"?>
<alto xmlns:xsi="http://www.w3.org/2001/XMLSchema-instance" xsi:noNamespaceSchemaLocation="http://www.bl.uk/schemas/alto/alto-1-4.xsd" xmlns:xlink="http://www.w3.org/1999/xlink">
	<Description>
		<MeasurementUnit>mm10</MeasurementUnit>
		<sourceImageInformation>
			<fileName>//head1/IN/2007-44/A0010858537.2/001882.jp2</fileName>
		</sourceImageInformation>
		<OCRProcessing ID="OCRPROCESSING_1">
			<preProcessingStep>
				<processingSoftware>
					<softwareCreator>CCS Content Conversion Specialists GmbH, Germany</softwareCreator>
					<softwareName>CCS docWORKS</softwareName>
					<softwareVersion>6.1-0.59</softwareVersion>
				</processingSoftware>
			</preProcessingStep>
			<ocrProcessingStep>
				<processingSoftware>
					<softwareCreator>ABBYY (BIT Software), Russia</softwareCreator>
					<softwareName>Finereader</softwareName>
				</processingSoftware>
			</ocrProcessingStep>
		</OCRProcessing>
	</Description>
	<Styles>
		<TextStyle ID="TXT_0" FONTSIZE="10" FONTFAMILY="Courier New"/>
		<TextStyle ID="TXT_1" FONTSIZE="9" FONTFAMILY="Courier New"/>
		<ParagraphStyle ID="PAR_LEFT" ALIGN="Left"/>
		<ParagraphStyle ID="PAR_CENTER" ALIGN="Center"/>
	</Styles>
	<Layout>
		<Page ID="P104" PHYSICAL_IMG_NR="104" HEIGHT="1683" WIDTH="989" PRINTED_IMG_NR="96" POSITION="Left" ACCURACY="77.14">
			<TopMargin ID="P104_TM00001" HPOS="0" VPOS="0" WIDTH="988" HEIGHT="116">
				<TextBlock ID="P104_TB00001" HPOS="103" VPOS="89" WIDTH="35" HEIGHT="26" STYLEREFS="TXT_0 PAR_LEFT">
					<TextLine ID="P104_TL00001" HPOS="122" VPOS="106" WIDTH="16" HEIGHT="9">
						<String ID="P104_ST00001" HPOS="122" VPOS="106" WIDTH="16" HEIGHT="9" CONTENT="96" WC="1.00" CC="00"/>
					</TextLine>
				</TextBlock>
				<TextBlock ID="P104_TB00002" HPOS="441" VPOS="95" WIDTH="130" HEIGHT="20" STYLEREFS="TXT_1 PAR_CENTER">
					<TextLine ID="P104_TL00002" HPOS="442" VPOS="96" WIDTH="129" HEIGHT="19">
						<String ID="P104_ST00002" HPOS="442" VPOS="96" WIDTH="129" HEIGHT="19" CONTENT="SEE-SAW." WC="0.83" CC="64002000"/>
					</TextLine>
				</TextBlock>
			</TopMargin>
			<LeftMargin ID="P104_LM00001" HPOS="0" VPOS="116" WIDTH="82" HEIGHT="1432"/>
			<RightMargin ID="P104_RM00001" HPOS="908" VPOS="116" WIDTH="80" HEIGHT="1432"/>
			<BottomMargin ID="P104_BM00001" HPOS="0" VPOS="1548" WIDTH="988" HEIGHT="135"/>
			<PrintSpace ID="P104_PS00001" HPOS="82" VPOS="116" WIDTH="828" HEIGHT="1432">
				<TextBlock ID="P104_TB00003" HPOS="101" VPOS="176" WIDTH="809" HEIGHT="88" STYLEREFS="TXT_1 PAR_LEFT">
					<TextLine ID="P104_TL00003" HPOS="102" VPOS="177" WIDTH="808" HEIGHT="40">
						<String ID="P104_ST00003" HPOS="102" VPOS="179" WIDTH="79" HEIGHT="28" CONTENT="stairs" WC="0.81" CC="330400"/>
						<SP ID="P104_SP00001" HPOS="181" VPOS="207" WIDTH="36"/>
						<String ID="P104_ST00004" HPOS="217" VPOS="181" WIDTH="67" HEIGHT="36" CONTENT="they" WC="0.81" CC="0700"/>
						<SP ID="P104_SP00002" HPOS="284" VPOS="217" WIDTH="32"/>
						<String ID="P104_ST00005" HPOS="316" VPOS="190" WIDTH="48" HEIGHT="17" CONTENT="can" WC="0.50" CC="077"/>
						<SP ID="P104_SP00003" HPOS="364" VPOS="217" WIDTH="40"/>
						<String ID="P104_ST00006" HPOS="404" VPOS="180" WIDTH="66" HEIGHT="27" CONTENT="send" WC="0.82" CC="0070"/>
						<SP ID="P104_SP00004" HPOS="470" VPOS="217" WIDTH="32"/>
						<String ID="P104_ST00007" HPOS="502" VPOS="190" WIDTH="44" HEIGHT="17" CONTENT="me" WC="1.00" CC="00"/>
						<SP ID="P104_SP00005" HPOS="546" VPOS="217" WIDTH="32"/>
						<String ID="P104_ST00008" HPOS="578" VPOS="189" WIDTH="16" HEIGHT="17" CONTENT="a" WC="1.00" CC="0"/>
						<SP ID="P104_SP00006" HPOS="594" VPOS="217" WIDTH="32"/>
						<String ID="P104_ST00009" HPOS="626" VPOS="178" WIDTH="115" HEIGHT="28" CONTENT="chicken" WC="0.90" CC="0700000"/>
						<SP ID="P104_SP00007" HPOS="741" VPOS="217" WIDTH="36"/>
						<String ID="P104_ST00010" HPOS="777" VPOS="177" WIDTH="71" HEIGHT="26" CONTENT="bone" WC="0.56" CC="6370"/>
						<SP ID="P104_SP00008" HPOS="848" VPOS="217" WIDTH="33"/>
						<String ID="P104_ST00011" HPOS="881" VPOS="185" WIDTH="29" HEIGHT="17" CONTENT="or" WC="0.37" CC="57"/>
					</TextLine>
					<TextLine ID="P104_TL00004" HPOS="101" VPOS="238" WIDTH="75" HEIGHT="26">
						<String ID="P104_ST00012" HPOS="101" VPOS="238" WIDTH="75" HEIGHT="26" CONTENT='two."' WC="0.81" CC="00421"/>
					</TextLine>
				</TextBlock>
				<TextBlock ID="P104_TB00004" HPOS="100" VPOS="292" WIDTH="808" HEIGHT="95" STYLEREFS="TXT_1 PAR_LEFT">
					<TextLine ID="P104_TL00005" HPOS="138" VPOS="293" WIDTH="770" HEIGHT="35">
						<String ID="P104_ST00013" HPOS="138" VPOS="300" WIDTH="13" HEIGHT="9" CONTENT='"' WC="0.95" CC="0"/>
						<SP ID="P104_SP00009" HPOS="151" VPOS="309" WIDTH="9"/>
						<String ID="P104_ST00014" HPOS="160" VPOS="296" WIDTH="63" HEIGHT="27" CONTENT="And" WC="0.48" CC="870"/>
						<SP ID="P104_SP00010" HPOS="223" VPOS="323" WIDTH="15"/>
						<String ID="P104_ST00015" HPOS="238" VPOS="296" WIDTH="13" HEIGHT="27" CONTENT="I" WC="1.00" CC="0"/>
						<SP ID="P104_SP00011" HPOS="251" VPOS="323" WIDTH="14"/>
						<String ID="P104_ST00016" HPOS="265" VPOS="300" WIDTH="72" HEIGHT="23" CONTENT="want" WC="0.83" CC="0060"/>
						<SP ID="P104_SP00012" HPOS="337" VPOS="323" WIDTH="12"/>
						<String ID="P104_ST00017" HPOS="349" VPOS="300" WIDTH="29" HEIGHT="23" CONTENT="to" WC="0.77" CC="40"/>
						<SP ID="P104_SP00013" HPOS="378" VPOS="323" WIDTH="20"/>
						<String ID="P104_ST00018" HPOS="398" VPOS="306" WIDTH="45" HEIGHT="17" CONTENT="see" WC="0.99" CC="000"/>
						<SP ID="P104_SP00014" HPOS="443" VPOS="323" WIDTH="19"/>
						<String ID="P104_ST00019" HPOS="462" VPOS="295" WIDTH="24" HEIGHT="27" CONTENT="if" WC="0.73" CC="50"/>
						<SP ID="P104_SP00015" HPOS="486" VPOS="323" WIDTH="19"/>
						<String ID="P104_ST00020" HPOS="505" VPOS="295" WIDTH="48" HEIGHT="27" CONTENT="the" WC="0.59" CC="570"/>
						<SP ID="P104_SP00016" HPOS="553" VPOS="323" WIDTH="20"/>
						<String ID="P104_ST00021" HPOS="573" VPOS="295" WIDTH="72" HEIGHT="27" CONTENT="child" WC="0.84" CC="06100"/>
						<SP ID="P104_SP00017" HPOS="645" VPOS="323" WIDTH="23"/>
						<String ID="P104_ST00022" HPOS="668" VPOS="294" WIDTH="50" HEIGHT="26" CONTENT="has" WC="0.76" CC="700"/>
						<SP ID="P104_SP00018" HPOS="718" VPOS="323" WIDTH="12"/>
						<String ID="P104_ST00023" HPOS="730" VPOS="293" WIDTH="72" HEIGHT="27" CONTENT="been" WC="0.88" CC="0004"/>
						<SP ID="P104_SP00019" HPOS="802" VPOS="323" WIDTH="13"/>
						<String ID="P104_ST00024" HPOS="815" VPOS="295" WIDTH="53" HEIGHT="33" CONTENT="put" WC="0.90" CC="002"/>
						<SP ID="P104_SP00020" HPOS="868" VPOS="328" WIDTH="12"/>
						<String ID="P104_ST00025" HPOS="880" VPOS="294" WIDTH="28" HEIGHT="23" CONTENT="to" WC="0.99" CC="00"/>
					</TextLine>
					<TextLine ID="P104_TL00006" HPOS="100" VPOS="353" WIDTH="460" HEIGHT="34">
						<String ID="P104_ST00026" HPOS="100" VPOS="354" WIDTH="60" HEIGHT="27" CONTENT="bed." WC="0.58" CC="7090"/>
						<SP ID="P104_SP00021" HPOS="160" VPOS="381" WIDTH="40"/>
						<String ID="P104_ST00027" HPOS="200" VPOS="355" WIDTH="49" HEIGHT="26" CONTENT="Let" WC="0.80" CC="005"/>
						<SP ID="P104_SP00022" HPOS="249" VPOS="381" WIDTH="14"/>
						<String ID="P104_ST00028" HPOS="263" VPOS="364" WIDTH="44" HEIGHT="17" CONTENT="me" WC="1.00" CC="00"/>
						<SP ID="P104_SP00023" HPOS="307" VPOS="381" WIDTH="14"/>
						<String ID="P104_ST00029" HPOS="321" VPOS="363" WIDTH="41" HEIGHT="24" CONTENT="go," WC="0.84" CC="003"/>
						<SP ID="P104_SP00024" HPOS="362" VPOS="387" WIDTH="14"/>
						<String ID="P104_ST00030" HPOS="376" VPOS="354" WIDTH="115" HEIGHT="31" CONTENT="dearest," WC="0.93" CC="00020011"/>
						<SP ID="P104_SP00025" HPOS="491" VPOS="387" WIDTH="14"/>
						<String ID="P104_ST00031" HPOS="505" VPOS="353" WIDTH="55" HEIGHT="26" CONTENT='do."' WC="1.00" CC="0000"/>
					</TextLine>
				</TextBlock>
				<TextBlock ID="P104_TB00005" HPOS="98" VPOS="408" WIDTH="808" HEIGHT="88" STYLEREFS="TXT_1 PAR_LEFT">
					<TextLine ID="P104_TL00007" HPOS="137" VPOS="408" WIDTH="769" HEIGHT="40">
						<String ID="P104_ST00032" HPOS="137" VPOS="416" WIDTH="13" HEIGHT="9" CONTENT='"' WC="1.00" CC="0"/>
						<SP ID="P104_SP00026" HPOS="150" VPOS="425" WIDTH="9"/>
						<String ID="P104_ST00033" HPOS="159" VPOS="412" WIDTH="27" HEIGHT="27" CONTENT="It" WC="0.80" CC="04"/>
						<SP ID="P104_SP00027" HPOS="186" VPOS="439" WIDTH="23"/>
						<String ID="P104_ST00034" HPOS="209" VPOS="412" WIDTH="22" HEIGHT="27" CONTENT="is" WC="0.70" CC="05"/>
						<SP ID="P104_SP00028" HPOS="231" VPOS="439" WIDTH="19"/>
						<String ID="P104_ST00035" HPOS="250" VPOS="422" WIDTH="60" HEIGHT="17" CONTENT="now" WC="0.75" CC="700"/>
						<SP ID="P104_SP00029" HPOS="310" VPOS="439" WIDTH="23"/>
						<String ID="P104_ST00036" HPOS="333" VPOS="412" WIDTH="93" HEIGHT="36" CONTENT="nearly" WC="0.58" CC="709330"/>
						<SP ID="P104_SP00030" HPOS="426" VPOS="448" WIDTH="13"/>
						<String ID="P104_ST00037" HPOS="439" VPOS="412" WIDTH="131" HEIGHT="35" CONTENT="half-past" WC="0.77" CC="700020063"/>
						<SP ID="P104_SP00031" HPOS="570" VPOS="448" WIDTH="19"/>
						<String ID="P104_ST00038" HPOS="589" VPOS="411" WIDTH="104" HEIGHT="28" CONTENT="twelve." WC="0.91" CC="3003000"/>
						<SP ID="P104_SP00032" HPOS="693" VPOS="448" WIDTH="50"/>
						<String ID="P104_ST00039" HPOS="743" VPOS="409" WIDTH="86" HEIGHT="27" CONTENT="What" WC="0.71" CC="0604"/>
						<SP ID="P104_SP00033" HPOS="829" VPOS="448" WIDTH="14"/>
						<String ID="P104_ST00040" HPOS="843" VPOS="408" WIDTH="63" HEIGHT="27" CONTENT="does" WC="0.61" CC="4406"/>
					</TextLine>
					<TextLine ID="P104_TL00008" HPOS="98" VPOS="467" WIDTH="808" HEIGHT="29">
						<String ID="P104_ST00041" HPOS="98" VPOS="470" WIDTH="22" HEIGHT="26" CONTENT="it" WC="0.37" CC="65"/>
						<SP ID="P104_SP00034" HPOS="120" VPOS="496" WIDTH="26"/>
						<String ID="P104_ST00042" HPOS="146" VPOS="473" WIDTH="100" HEIGHT="23" CONTENT="matter" WC="0.92" CC="000400"/>
						<SP ID="P104_SP00035" HPOS="246" VPOS="496" WIDTH="26"/>
						<String ID="P104_ST00043" HPOS="272" VPOS="470" WIDTH="22" HEIGHT="26" CONTENT="if" WC="0.88" CC="20"/>
						<SP ID="P104_SP00036" HPOS="294" VPOS="496" WIDTH="23"/>
						<String ID="P104_ST00044" HPOS="317" VPOS="470" WIDTH="48" HEIGHT="26" CONTENT="the" WC="0.76" CC="070"/>
						<SP ID="P104_SP00037" HPOS="365" VPOS="496" WIDTH="23"/>
						<String ID="P104_ST00045" HPOS="388" VPOS="469" WIDTH="73" HEIGHT="27" CONTENT="child" WC="0.81" CC="07100"/>
						<SP ID="P104_SP00038" HPOS="461" VPOS="496" WIDTH="26"/>
						<String ID="P104_ST00046" HPOS="487" VPOS="470" WIDTH="33" HEIGHT="26" CONTENT="be" WC="0.63" CC="70"/>
						<SP ID="P104_SP00039" HPOS="520" VPOS="496" WIDTH="26"/>
						<String ID="P104_ST00047" HPOS="546" VPOS="469" WIDTH="29" HEIGHT="26" CONTENT="in" WC="0.73" CC="50"/>
						<SP ID="P104_SP00040" HPOS="575" VPOS="496" WIDTH="20"/>
						<String ID="P104_ST00048" HPOS="595" VPOS="469" WIDTH="52" HEIGHT="26" CONTENT="bed" WC="0.76" CC="700"/>
						<SP ID="P104_SP00041" HPOS="647" VPOS="496" WIDTH="22"/>
						<String ID="P104_ST00049" HPOS="669" VPOS="478" WIDTH="17" HEIGHT="17" CONTENT="a" WC="1.00" CC="0"/>
						<SP ID="P104_SP00042" HPOS="686" VPOS="496" WIDTH="25"/>
						<String ID="P104_ST00050" HPOS="711" VPOS="468" WIDTH="52" HEIGHT="26" CONTENT="few" WC="0.85" CC="400"/>
						<SP ID="P104_SP00043" HPOS="763" VPOS="496" WIDTH="22"/>
						<String ID="P104_ST00051" HPOS="785" VPOS="467" WIDTH="121" HEIGHT="27" CONTENT="minutes" WC="0.79" CC="0074200"/>
					</TextLine>
				</TextBlock>
				<TextBlock ID="P104_TB00006" HPOS="97" VPOS="526" WIDTH="259" HEIGHT="27" STYLEREFS="TXT_1 PAR_LEFT">
					<TextLine ID="P104_TL00009" HPOS="97" VPOS="527" WIDTH="259" HEIGHT="26">
						<String ID="P104_ST00052" HPOS="97" VPOS="537" WIDTH="95" HEIGHT="16" CONTENT="sooner" WC="0.97" CC="100000"/>
						<SP ID="P104_SP00044" HPOS="192" VPOS="553" WIDTH="13"/>
						<String ID="P104_ST00053" HPOS="205" VPOS="537" WIDTH="29" HEIGHT="16" CONTENT="or" WC="0.74" CC="04"/>
						<SP ID="P104_SP00045" HPOS="234" VPOS="553" WIDTH="13"/>
						<String ID="P104_ST00054" HPOS="247" VPOS="527" WIDTH="70" HEIGHT="26" CONTENT="later" WC="0.89" CC="00004"/>
						<SP ID="P104_SP00046" HPOS="317" VPOS="553" WIDTH="8"/>
						<String ID="P104_ST00055" HPOS="325" VPOS="529" WIDTH="9" HEIGHT="24" CONTENT="?" WC="1.00" CC="0"/>
						<SP ID="P104_SP00047" HPOS="334" VPOS="553" WIDTH="11"/>
						<String ID="P104_ST00056" HPOS="345" VPOS="527" WIDTH="11" HEIGHT="10" CONTENT='"' WC="1.00" CC="0"/>
					</TextLine>
				</TextBlock>
				<TextBlock ID="P104_TB00007" HPOS="93" VPOS="583" WIDTH="812" HEIGHT="317" STYLEREFS="TXT_1 PAR_LEFT">
					<TextLine ID="P104_TL00010" HPOS="134" VPOS="583" WIDTH="771" HEIGHT="38">
						<String ID="P104_ST00057" HPOS="134" VPOS="588" WIDTH="14" HEIGHT="11" CONTENT='"' WC="1.00" CC="0"/>
						<SP ID="P104_SP00048" HPOS="148" VPOS="599" WIDTH="8"/>
						<String ID="P104_ST00058" HPOS="156" VPOS="586" WIDTH="55" HEIGHT="26" CONTENT="Yes" WC="0.78" CC="204"/>
						<String ID="P104_ST00059" HPOS="212" VPOS="602" WIDTH="36" HEIGHT="2" CONTENT="—" WC="0.20" CC="8"/>
						<String ID="P104_ST00060" HPOS="248" VPOS="594" WIDTH="53" HEIGHT="27" CONTENT="yes," WC="0.94" CC="0010"/>
						<SP ID="P104_SP00049" HPOS="301" VPOS="621" WIDTH="14"/>
						<String ID="P104_ST00061" HPOS="315" VPOS="585" WIDTH="22" HEIGHT="26" CONTENT="it" WC="0.67" CC="32"/>
						<SP ID="P104_SP00050" HPOS="337" VPOS="621" WIDTH="14"/>
						<String ID="P104_ST00062" HPOS="351" VPOS="584" WIDTH="22" HEIGHT="26" CONTENT="is" WC="1.00" CC="00"/>
						<SP ID="P104_SP00051" HPOS="373" VPOS="621" WIDTH="20"/>
						<String ID="P104_ST00063" HPOS="393" VPOS="584" WIDTH="93" HEIGHT="35" CONTENT="nearly" WC="0.82" CC="600400"/>
						<SP ID="P104_SP00052" HPOS="486" VPOS="621" WIDTH="12"/>
						<String ID="P104_ST00064" HPOS="498" VPOS="583" WIDTH="132" HEIGHT="36" CONTENT="half-past" WC="0.86" CC="600000050"/>
						<SP ID="P104_SP00053" HPOS="630" VPOS="621" WIDTH="20"/>
						<String ID="P104_ST00065" HPOS="650" VPOS="583" WIDTH="120" HEIGHT="32" CONTENT='twelve,"' WC="0.89" CC="10020040"/>
						<SP ID="P104_SP00054" HPOS="770" VPOS="621" WIDTH="15"/>
						<String ID="P104_ST00066" HPOS="785" VPOS="583" WIDTH="58" HEIGHT="27" CONTENT="said" WC="0.82" CC="3030"/>
						<SP ID="P104_SP00055" HPOS="843" VPOS="621" WIDTH="14"/>
						<String ID="P104_ST00067" HPOS="857" VPOS="583" WIDTH="48" HEIGHT="27" CONTENT="the" WC="0.75" CC="070"/>
					</TextLine>
					<TextLine ID="P104_TL00011" HPOS="95" VPOS="642" WIDTH="809" HEIGHT="35">
						<String ID="P104_ST00068" HPOS="95" VPOS="643" WIDTH="141" HEIGHT="32" CONTENT="Baroness," WC="0.64" CC="703260264"/>
						<SP ID="P104_SP00056" HPOS="236" VPOS="675" WIDTH="21"/>
						<String ID="P104_ST00069" HPOS="257" VPOS="643" WIDTH="114" HEIGHT="34" CONTENT="turning" WC="0.62" CC="0716370"/>
						<SP ID="P104_SP00057" HPOS="371" VPOS="677" WIDTH="24"/>
						<String ID="P104_ST00070" HPOS="395" VPOS="651" WIDTH="65" HEIGHT="26" CONTENT="very" WC="0.74" CC="0009"/>
						<SP ID="P104_SP00058" HPOS="460" VPOS="677" WIDTH="26"/>
						<String ID="P104_ST00071" HPOS="486" VPOS="642" WIDTH="67" HEIGHT="35" CONTENT="pale." WC="0.96" CC="00000"/>
						<SP ID="P104_SP00059" HPOS="553" VPOS="677" WIDTH="48"/>
						<String ID="P104_ST00072" HPOS="601" VPOS="642" WIDTH="79" HEIGHT="26" CONTENT="Then" WC="0.67" CC="0507"/>
						<SP ID="P104_SP00060" HPOS="680" VPOS="677" WIDTH="25"/>
						<String ID="P104_ST00073" HPOS="705" VPOS="642" WIDTH="68" HEIGHT="26" CONTENT="with" WC="0.59" CC="0356"/>
						<SP ID="P104_SP00061" HPOS="773" VPOS="677" WIDTH="26"/>
						<String ID="P104_ST00074" HPOS="799" VPOS="651" WIDTH="17" HEIGHT="17" CONTENT="a" WC="1.00" CC="0"/>
						<SP ID="P104_SP00062" HPOS="816" VPOS="677" WIDTH="25"/>
						<String ID="P104_ST00075" HPOS="841" VPOS="642" WIDTH="63" HEIGHT="26" CONTENT="mad" WC="1.00" CC="000"/>
					</TextLine>
					<TextLine ID="P104_TL00012" HPOS="95" VPOS="699" WIDTH="807" HEIGHT="38">
						<String ID="P104_ST00076" HPOS="95" VPOS="701" WIDTH="91" HEIGHT="35" CONTENT="laugh," WC="0.60" CC="187060"/>
						<SP ID="P104_SP00063" HPOS="186" VPOS="736" WIDTH="26"/>
						<String ID="P104_ST00077" HPOS="212" VPOS="701" WIDTH="49" HEIGHT="26" CONTENT="she" WC="0.64" CC="540"/>
						<SP ID="P104_SP00064" HPOS="261" VPOS="736" WIDTH="26"/>
						<String ID="P104_ST00078" HPOS="287" VPOS="709" WIDTH="100" HEIGHT="28" CONTENT="sprang" WC="0.73" CC="306005"/>
						<SP ID="P104_SP00065" HPOS="387" VPOS="737" WIDTH="29"/>
						<String ID="P104_ST00079" HPOS="416" VPOS="704" WIDTH="30" HEIGHT="22" CONTENT="to" WC="0.63" CC="70"/>
						<SP ID="P104_SP00066" HPOS="446" VPOS="737" WIDTH="31"/>
						<String ID="P104_ST00080" HPOS="477" VPOS="700" WIDTH="49" HEIGHT="26" CONTENT="the" WC="0.76" CC="070"/>
						<SP ID="P104_SP00067" HPOS="526" VPOS="737" WIDTH="33"/>
						<String ID="P104_ST00081" HPOS="559" VPOS="699" WIDTH="71" HEIGHT="28" CONTENT="door." WC="0.90" CC="00040"/>
						<SP ID="P104_SP00068" HPOS="630" VPOS="737" WIDTH="56"/>
						<String ID="P104_ST00082" HPOS="686" VPOS="702" WIDTH="14" HEIGHT="10" CONTENT='"' WC="0.74" CC="2"/>
						<SP ID="P104_SP00069" HPOS="700" VPOS="737" WIDTH="11"/>
						<String ID="P104_ST00083" HPOS="711" VPOS="699" WIDTH="13" HEIGHT="27" CONTENT="I" WC="0.27" CC="7"/>
						<SP ID="P104_SP00070" HPOS="724" VPOS="737" WIDTH="28"/>
						<String ID="P104_ST00084" HPOS="752" VPOS="702" WIDTH="84" HEIGHT="24" CONTENT="wont" WC="0.70" CC="2900"/>
						<SP ID="P104_SP00071" HPOS="836" VPOS="737" WIDTH="32"/>
						<String ID="P104_ST00085" HPOS="868" VPOS="699" WIDTH="34" HEIGHT="27" CONTENT="be" WC="0.62" CC="70"/>
					</TextLine>
					<TextLine ID="P104_TL00013" HPOS="94" VPOS="758" WIDTH="809" HEIGHT="35">
						<String ID="P104_ST00086" HPOS="94" VPOS="759" WIDTH="158" HEIGHT="34" CONTENT="tyrannised" WC="0.70" CC="0020770606"/>
						<SP ID="P104_SP00072" HPOS="252" VPOS="793" WIDTH="20"/>
						<String ID="P104_ST00087" HPOS="272" VPOS="759" WIDTH="83" HEIGHT="31" CONTENT='over,"' WC="0.89" CC="000600"/>
						<SP ID="P104_SP00073" HPOS="355" VPOS="793" WIDTH="22"/>
						<String ID="P104_ST00088" HPOS="377" VPOS="759" WIDTH="48" HEIGHT="26" CONTENT="she" WC="0.78" CC="060"/>
						<SP ID="P104_SP00074" HPOS="425" VPOS="793" WIDTH="22"/>
						<String ID="P104_ST00089" HPOS="447" VPOS="759" WIDTH="64" HEIGHT="31" CONTENT="said," WC="0.84" CC="30400"/>
						<SP ID="P104_SP00075" HPOS="511" VPOS="793" WIDTH="21"/>
						<String ID="P104_ST00090" HPOS="532" VPOS="759" WIDTH="67" HEIGHT="26" CONTENT="with" WC="0.63" CC="0517"/>
						<SP ID="P104_SP00076" HPOS="599" VPOS="793" WIDTH="22"/>
						<String ID="P104_ST00091" HPOS="621" VPOS="768" WIDTH="17" HEIGHT="16" CONTENT="a" WC="1.00" CC="0"/>
						<SP ID="P104_SP00077" HPOS="638" VPOS="793" WIDTH="26"/>
						<String ID="P104_ST00092" HPOS="664" VPOS="758" WIDTH="72" HEIGHT="27" CONTENT="little" WC="0.78" CC="200450"/>
						<SP ID="P104_SP00078" HPOS="736" VPOS="793" WIDTH="27"/>
						<String ID="P104_ST00093" HPOS="763" VPOS="758" WIDTH="140" HEIGHT="26" CONTENT="mutinous" WC="0.62" CC="23016067"/>
					</TextLine>
					<TextLine ID="P104_TL00014" HPOS="94" VPOS="816" WIDTH="808" HEIGHT="27">
						<String ID="P104_ST00094" HPOS="94" VPOS="817" WIDTH="85" HEIGHT="26" CONTENT="shake" WC="0.74" CC="57000"/>
						<SP ID="P104_SP00079" HPOS="179" VPOS="843" WIDTH="14"/>
						<String ID="P104_ST00095" HPOS="193" VPOS="818" WIDTH="29" HEIGHT="25" CONTENT="of" WC="1.00" CC="00"/>
						<SP ID="P104_SP00080" HPOS="222" VPOS="843" WIDTH="16"/>
						<String ID="P104_ST00096" HPOS="238" VPOS="817" WIDTH="49" HEIGHT="26" CONTENT="her" WC="0.60" CC="704"/>
						<SP ID="P104_SP00081" HPOS="287" VPOS="843" WIDTH="18"/>
						<String ID="P104_ST00097" HPOS="305" VPOS="817" WIDTH="78" HEIGHT="26" CONTENT="head." WC="0.85" CC="70000"/>
						<SP ID="P104_SP00082" HPOS="383" VPOS="843" WIDTH="41"/>
						<String ID="P104_ST00098" HPOS="424" VPOS="816" WIDTH="55" HEIGHT="27" CONTENT="She" WC="0.58" CC="560"/>
						<SP ID="P104_SP00083" HPOS="479" VPOS="843" WIDTH="20"/>
						<String ID="P104_ST00099" HPOS="499" VPOS="816" WIDTH="88" HEIGHT="27" CONTENT="seized" WC="0.84" CC="400400"/>
						<SP ID="P104_SP00084" HPOS="587" VPOS="843" WIDTH="25"/>
						<String ID="P104_ST00100" HPOS="612" VPOS="816" WIDTH="47" HEIGHT="26" CONTENT="the" WC="0.60" CC="470"/>
						<SP ID="P104_SP00085" HPOS="659" VPOS="843" WIDTH="21"/>
						<String ID="P104_ST00101" HPOS="680" VPOS="816" WIDTH="102" HEIGHT="26" CONTENT="handle" WC="0.71" CC="706030"/>
						<SP ID="P104_SP00086" HPOS="782" VPOS="843" WIDTH="24"/>
						<String ID="P104_ST00102" HPOS="806" VPOS="816" WIDTH="29" HEIGHT="27" CONTENT="of" WC="0.66" CC="60"/>
						<SP ID="P104_SP00087" HPOS="835" VPOS="843" WIDTH="20"/>
						<String ID="P104_ST00103" HPOS="855" VPOS="816" WIDTH="47" HEIGHT="27" CONTENT="the" WC="0.61" CC="470"/>
					</TextLine>
					<TextLine ID="P104_TL00015" HPOS="93" VPOS="875" WIDTH="69" HEIGHT="25">
						<String ID="P104_ST00104" HPOS="93" VPOS="875" WIDTH="69" HEIGHT="25" CONTENT="door." WC="0.86" CC="00070"/>
					</TextLine>
				</TextBlock>
				<TextBlock ID="P104_TB00008" HPOS="89" VPOS="930" WIDTH="811" HEIGHT="209" STYLEREFS="TXT_1 PAR_LEFT">
					<TextLine ID="P104_TL00016" HPOS="129" VPOS="930" WIDTH="771" HEIGHT="37">
						<String ID="P104_ST00105" HPOS="129" VPOS="933" WIDTH="44" HEIGHT="25" CONTENT="He" WC="0.70" CC="60"/>
						<SP ID="P104_SP00088" HPOS="173" VPOS="958" WIDTH="32"/>
						<String ID="P104_ST00106" HPOS="205" VPOS="941" WIDTH="67" HEIGHT="26" CONTENT="gave" WC="0.83" CC="0600"/>
						<SP ID="P104_SP00089" HPOS="272" VPOS="967" WIDTH="33"/>
						<String ID="P104_ST00107" HPOS="305" VPOS="941" WIDTH="16" HEIGHT="17" CONTENT="a" WC="0.37" CC="6"/>
						<SP ID="P104_SP00090" HPOS="321" VPOS="967" WIDTH="29"/>
						<String ID="P104_ST00108" HPOS="350" VPOS="931" WIDTH="91" HEIGHT="32" CONTENT="stride," WC="0.81" CC="0240500"/>
						<SP ID="P104_SP00091" HPOS="441" VPOS="967" WIDTH="19"/>
						<String ID="P104_ST00109" HPOS="460" VPOS="930" WIDTH="97" HEIGHT="36" CONTENT="passed" WC="0.92" CC="004000"/>
						<SP ID="P104_SP00092" HPOS="557" VPOS="967" WIDTH="29"/>
						<String ID="P104_ST00110" HPOS="586" VPOS="930" WIDTH="44" HEIGHT="27" CONTENT="his" WC="0.78" CC="600"/>
						<SP ID="P104_SP00093" HPOS="630" VPOS="967" WIDTH="26"/>
						<String ID="P104_ST00111" HPOS="656" VPOS="940" WIDTH="59" HEIGHT="17" CONTENT="arm" WC="0.78" CC="050"/>
						<SP ID="P104_SP00094" HPOS="715" VPOS="967" WIDTH="26"/>
						<String ID="P104_ST00112" HPOS="741" VPOS="931" WIDTH="88" HEIGHT="27" CONTENT="round" WC="0.63" CC="30670"/>
						<SP ID="P104_SP00095" HPOS="829" VPOS="967" WIDTH="23"/>
						<String ID="P104_ST00113" HPOS="852" VPOS="932" WIDTH="48" HEIGHT="26" CONTENT="her" WC="0.72" CC="610"/>
					</TextLine>
					<TextLine ID="P104_TL00017" HPOS="91" VPOS="988" WIDTH="809" HEIGHT="34">
						<String ID="P104_ST00114" HPOS="91" VPOS="991" WIDTH="84" HEIGHT="31" CONTENT="waist," WC="0.69" CC="000674"/>
						<SP ID="P104_SP00096" HPOS="175" VPOS="1022" WIDTH="14"/>
						<String ID="P104_ST00115" HPOS="189" VPOS="990" WIDTH="54" HEIGHT="26" CONTENT="and" WC="0.78" CC="060"/>
						<SP ID="P104_SP00097" HPOS="243" VPOS="1022" WIDTH="13"/>
						<String ID="P104_ST00116" HPOS="256" VPOS="990" WIDTH="78" HEIGHT="26" CONTENT="lifted" WC="0.90" CC="000500"/>
						<SP ID="P104_SP00098" HPOS="334" VPOS="1022" WIDTH="13"/>
						<String ID="P104_ST00117" HPOS="347" VPOS="990" WIDTH="49" HEIGHT="26" CONTENT="her" WC="0.60" CC="704"/>
						<SP ID="P104_SP00099" HPOS="396" VPOS="1022" WIDTH="13"/>
						<String ID="P104_ST00118" HPOS="409" VPOS="998" WIDTH="35" HEIGHT="17" CONTENT="on" WC="0.64" CC="07"/>
						<SP ID="P104_SP00100" HPOS="444" VPOS="1022" WIDTH="19"/>
						<String ID="P104_ST00119" HPOS="463" VPOS="991" WIDTH="29" HEIGHT="24" CONTENT="to" WC="1.00" CC="00"/>
						<SP ID="P104_SP00101" HPOS="492" VPOS="1022" WIDTH="19"/>
						<String ID="P104_ST00120" HPOS="511" VPOS="988" WIDTH="42" HEIGHT="27" CONTENT="his" WC="0.40" CC="646"/>
						<SP ID="P104_SP00102" HPOS="553" VPOS="1022" WIDTH="18"/>
						<String ID="P104_ST00121" HPOS="571" VPOS="988" WIDTH="91" HEIGHT="28" CONTENT="knees." WC="0.84" CC="060030"/>
						<SP ID="P104_SP00103" HPOS="662" VPOS="1022" WIDTH="40"/>
						<String ID="P104_ST00122" HPOS="702" VPOS="992" WIDTH="15" HEIGHT="10" CONTENT='"' WC="1.00" CC="0"/>
						<SP ID="P104_SP00104" HPOS="717" VPOS="1022" WIDTH="12"/>
						<String ID="P104_ST00123" HPOS="729" VPOS="989" WIDTH="128" HEIGHT="27" CONTENT="Patience" WC="0.83" CC="60000700"/>
						<SP ID="P104_SP00105" HPOS="857" VPOS="1022" WIDTH="12"/>
						<String ID="P104_ST00124" HPOS="869" VPOS="992" WIDTH="4" HEIGHT="24" CONTENT="!" WC="0.65" CC="3"/>
						<SP ID="P104_SP00106" HPOS="873" VPOS="1022" WIDTH="14"/>
						<String ID="P104_ST00125" HPOS="887" VPOS="990" WIDTH="13" HEIGHT="9" CONTENT='"' WC="0.91" CC="0"/>
					</TextLine>
					<TextLine ID="P104_TL00018" HPOS="90" VPOS="1046" WIDTH="806" HEIGHT="37">
						<String ID="P104_ST00126" HPOS="90" VPOS="1048" WIDTH="35" HEIGHT="26" CONTENT="he" WC="0.63" CC="70"/>
						<SP ID="P104_SP00107" HPOS="125" VPOS="1074" WIDTH="20"/>
						<String ID="P104_ST00127" HPOS="145" VPOS="1048" WIDTH="63" HEIGHT="26" CONTENT="said." WC="0.77" CC="50600"/>
						<SP ID="P104_SP00108" HPOS="208" VPOS="1074" WIDTH="41"/>
						<String ID="P104_ST00128" HPOS="249" VPOS="1051" WIDTH="13" HEIGHT="11" CONTENT='"' WC="1.00" CC="0"/>
						<SP ID="P104_SP00109" HPOS="262" VPOS="1074" WIDTH="11"/>
						<String ID="P104_ST00129" HPOS="273" VPOS="1047" WIDTH="14" HEIGHT="27" CONTENT="I" WC="1.00" CC="0"/>
						<SP ID="P104_SP00110" HPOS="287" VPOS="1074" WIDTH="23"/>
						<String ID="P104_ST00130" HPOS="310" VPOS="1048" WIDTH="68" HEIGHT="26" CONTENT="have" WC="0.75" CC="6030"/>
						<SP ID="P104_SP00111" HPOS="378" VPOS="1074" WIDTH="22"/>
						<String ID="P104_ST00131" HPOS="400" VPOS="1046" WIDTH="57" HEIGHT="28" CONTENT="told" WC="0.75" CC="0440"/>
						<SP ID="P104_SP00112" HPOS="457" VPOS="1074" WIDTH="22"/>
						<String ID="P104_ST00132" HPOS="479" VPOS="1056" WIDTH="53" HEIGHT="26" CONTENT="you" WC="0.40" CC="916"/>
						<SP ID="P104_SP00113" HPOS="532" VPOS="1082" WIDTH="23"/>
						<String ID="P104_ST00133" HPOS="555" VPOS="1046" WIDTH="62" HEIGHT="27" CONTENT="that" WC="0.54" CC="5704"/>
						<SP ID="P104_SP00114" HPOS="617" VPOS="1082" WIDTH="22"/>
						<String ID="P104_ST00134" HPOS="639" VPOS="1056" WIDTH="41" HEIGHT="18" CONTENT="we" WC="1.00" CC="00"/>
						<SP ID="P104_SP00115" HPOS="680" VPOS="1082" WIDTH="14"/>
						<String ID="P104_ST00135" HPOS="694" VPOS="1046" WIDTH="54" HEIGHT="27" CONTENT="will" WC="0.86" CC="0301"/>
						<SP ID="P104_SP00116" HPOS="748" VPOS="1082" WIDTH="21"/>
						<String ID="P104_ST00136" HPOS="769" VPOS="1057" WIDTH="34" HEIGHT="26" CONTENT="go" WC="0.76" CC="04"/>
						<SP ID="P104_SP00117" HPOS="803" VPOS="1083" WIDTH="15"/>
						<String ID="P104_ST00137" HPOS="818" VPOS="1048" WIDTH="78" HEIGHT="27" CONTENT="when" WC="0.76" CC="0701"/>
					</TextLine>
					<TextLine ID="P104_TL00019" HPOS="90" VPOS="1104" WIDTH="405" HEIGHT="35">
						<String ID="P104_ST00138" HPOS="90" VPOS="1107" WIDTH="14" HEIGHT="26" CONTENT="I" WC="1.00" CC="0"/>
						<SP ID="P104_SP00118" HPOS="104" VPOS="1133" WIDTH="13"/>
						<String ID="P104_ST00139" HPOS="117" VPOS="1107" WIDTH="69" HEIGHT="26" CONTENT="have" WC="0.82" CC="7000"/>
						<SP ID="P104_SP00119" HPOS="186" VPOS="1133" WIDTH="19"/>
						<String ID="P104_ST00140" HPOS="205" VPOS="1106" WIDTH="116" HEIGHT="26" CONTENT="finished" WC="0.73" CC="00706700"/>
						<SP ID="P104_SP00120" HPOS="321" VPOS="1133" WIDTH="13"/>
						<String ID="P104_ST00141" HPOS="334" VPOS="1115" WIDTH="47" HEIGHT="24" CONTENT="my" WC="0.61" CC="70"/>
						<SP ID="P104_SP00121" HPOS="381" VPOS="1139" WIDTH="19"/>
						<String ID="P104_ST00142" HPOS="400" VPOS="1104" WIDTH="95" HEIGHT="35" CONTENT='cigar."' WC="0.81" CC="0600401"/>
					</TextLine>
				</TextBlock>
				<TextBlock ID="P104_TB00009" HPOS="82" VPOS="1162" WIDTH="812" HEIGHT="386" STYLEREFS="TXT_1 PAR_LEFT">
					<TextLine ID="P104_TL00020" HPOS="126" VPOS="1162" WIDTH="768" HEIGHT="37">
						<String ID="P104_ST00143" HPOS="126" VPOS="1163" WIDTH="54" HEIGHT="27" CONTENT="She" WC="0.57" CC="570"/>
						<SP ID="P104_SP00122" HPOS="180" VPOS="1190" WIDTH="20"/>
						<String ID="P104_ST00144" HPOS="200" VPOS="1167" WIDTH="42" HEIGHT="23" CONTENT="sat" WC="0.74" CC="204"/>
						<SP ID="P104_SP00123" HPOS="242" VPOS="1190" WIDTH="19"/>
						<String ID="P104_ST00145" HPOS="261" VPOS="1163" WIDTH="84" HEIGHT="31" CONTENT="there," WC="0.76" CC="170401"/>
						<SP ID="P104_SP00124" HPOS="345" VPOS="1194" WIDTH="13"/>
						<String ID="P104_ST00146" HPOS="358" VPOS="1162" WIDTH="155" HEIGHT="35" CONTENT="trembling," WC="0.72" CC="4200724700"/>
						<SP ID="P104_SP00125" HPOS="513" VPOS="1197" WIDTH="18"/>
						<String ID="P104_ST00147" HPOS="531" VPOS="1162" WIDTH="55" HEIGHT="27" CONTENT="and" WC="0.75" CC="070"/>
						<SP ID="P104_SP00126" HPOS="586" VPOS="1197" WIDTH="19"/>
						<String ID="P104_ST00148" HPOS="605" VPOS="1162" WIDTH="112" HEIGHT="37" CONTENT="looking" WC="0.80" CC="0600070"/>
						<SP ID="P104_SP00127" HPOS="717" VPOS="1199" WIDTH="19"/>
						<String ID="P104_ST00149" HPOS="736" VPOS="1164" WIDTH="70" HEIGHT="27" CONTENT="from" WC="0.78" CC="0620"/>
						<SP ID="P104_SP00128" HPOS="806" VPOS="1199" WIDTH="21"/>
						<String ID="P104_ST00150" HPOS="827" VPOS="1165" WIDTH="67" HEIGHT="27" CONTENT="time" WC="0.86" CC="5000"/>
					</TextLine>
					<TextLine ID="P104_TL00021" HPOS="87" VPOS="1221" WIDTH="807" HEIGHT="38">
						<String ID="P104_ST00151" HPOS="87" VPOS="1227" WIDTH="28" HEIGHT="22" CONTENT="to" WC="0.77" CC="22"/>
						<SP ID="P104_SP00129" HPOS="115" VPOS="1249" WIDTH="25"/>
						<String ID="P104_ST00152" HPOS="140" VPOS="1223" WIDTH="67" HEIGHT="25" CONTENT="time" WC="0.97" CC="0010"/>
						<SP ID="P104_SP00130" HPOS="207" VPOS="1249" WIDTH="26"/>
						<String ID="P104_ST00153" HPOS="233" VPOS="1225" WIDTH="28" HEIGHT="23" CONTENT="at" WC="0.98" CC="00"/>
						<SP ID="P104_SP00131" HPOS="261" VPOS="1249" WIDTH="26"/>
						<String ID="P104_ST00154" HPOS="287" VPOS="1221" WIDTH="41" HEIGHT="26" CONTENT="his" WC="0.66" CC="603"/>
						<SP ID="P104_SP00132" HPOS="328" VPOS="1249" WIDTH="26"/>
						<String ID="P104_ST00155" HPOS="354" VPOS="1221" WIDTH="80" HEIGHT="35" CONTENT="cigar." WC="0.93" CC="000040"/>
						<SP ID="P104_SP00133" HPOS="434" VPOS="1256" WIDTH="38"/>
						<String ID="P104_ST00156" HPOS="472" VPOS="1221" WIDTH="58" HEIGHT="26" CONTENT="The" WC="0.76" CC="070"/>
						<SP ID="P104_SP00134" HPOS="530" VPOS="1256" WIDTH="23"/>
						<String ID="P104_ST00157" HPOS="553" VPOS="1222" WIDTH="76" HEIGHT="26" CONTENT="clock" WC="1.00" CC="00000"/>
						<SP ID="P104_SP00135" HPOS="629" VPOS="1256" WIDTH="22"/>
						<String ID="P104_ST00158" HPOS="651" VPOS="1223" WIDTH="93" HEIGHT="26" CONTENT="struck" WC="0.84" CC="611000"/>
						<SP ID="P104_SP00136" HPOS="744" VPOS="1256" WIDTH="19"/>
						<String ID="P104_ST00159" HPOS="763" VPOS="1223" WIDTH="131" HEIGHT="36" CONTENT="half-past" WC="0.71" CC="714000075"/>
					</TextLine>
					<TextLine ID="P104_TL00022" HPOS="86" VPOS="1278" WIDTH="807" HEIGHT="36">
						<String ID="P104_ST00160" HPOS="86" VPOS="1280" WIDTH="103" HEIGHT="26" CONTENT="twelve." WC="0.92" CC="0004000"/>
						<SP ID="P104_SP00137" HPOS="189" VPOS="1306" WIDTH="52"/>
						<String ID="P104_ST00161" HPOS="241" VPOS="1279" WIDTH="54" HEIGHT="27" CONTENT="She" WC="0.84" CC="040"/>
						<SP ID="P104_SP00138" HPOS="295" VPOS="1306" WIDTH="32"/>
						<String ID="P104_ST00162" HPOS="327" VPOS="1278" WIDTH="104" HEIGHT="28" CONTENT="started" WC="0.79" CC="5300500"/>
						<SP ID="P104_SP00139" HPOS="431" VPOS="1306" WIDTH="33"/>
						<String ID="P104_ST00163" HPOS="464" VPOS="1278" WIDTH="54" HEIGHT="27" CONTENT="and" WC="0.75" CC="070"/>
						<SP ID="P104_SP00140" HPOS="518" VPOS="1306" WIDTH="31"/>
						<String ID="P104_ST00164" HPOS="549" VPOS="1279" WIDTH="114" HEIGHT="35" CONTENT="glanced" WC="0.89" CC="0007000"/>
						<SP ID="P104_SP00141" HPOS="663" VPOS="1314" WIDTH="29"/>
						<String ID="P104_ST00165" HPOS="692" VPOS="1284" WIDTH="29" HEIGHT="22" CONTENT="at" WC="0.93" CC="01"/>
						<SP ID="P104_SP00142" HPOS="721" VPOS="1314" WIDTH="32"/>
						<String ID="P104_ST00166" HPOS="753" VPOS="1281" WIDTH="43" HEIGHT="27" CONTENT="his" WC="0.74" CC="700"/>
						<SP ID="P104_SP00143" HPOS="796" VPOS="1314" WIDTH="33"/>
						<String ID="P104_ST00167" HPOS="829" VPOS="1282" WIDTH="64" HEIGHT="28" CONTENT="face." WC="1.00" CC="00000"/>
					</TextLine>
					<TextLine ID="P104_TL00023" HPOS="86" VPOS="1336" WIDTH="808" HEIGHT="36">
						<String ID="P104_ST00168" HPOS="86" VPOS="1337" WIDTH="90" HEIGHT="26" CONTENT="When" WC="0.69" CC="0506"/>
						<SP ID="P104_SP00144" HPOS="176" VPOS="1363" WIDTH="13"/>
						<String ID="P104_ST00169" HPOS="189" VPOS="1337" WIDTH="48" HEIGHT="25" CONTENT="she" WC="0.60" CC="470"/>
						<SP ID="P104_SP00145" HPOS="237" VPOS="1363" WIDTH="13"/>
						<String ID="P104_ST00170" HPOS="250" VPOS="1346" WIDTH="54" HEIGHT="16" CONTENT="saw" WC="0.77" CC="600"/>
						<SP ID="P104_SP00146" HPOS="304" VPOS="1363" WIDTH="19"/>
						<String ID="P104_ST00171" HPOS="323" VPOS="1336" WIDTH="42" HEIGHT="27" CONTENT="his" WC="0.66" CC="702"/>
						<SP ID="P104_SP00147" HPOS="365" VPOS="1363" WIDTH="15"/>
						<String ID="P104_ST00172" HPOS="380" VPOS="1345" WIDTH="63" HEIGHT="27" CONTENT="eyes" WC="1.00" CC="0000"/>
						<SP ID="P104_SP00148" HPOS="443" VPOS="1372" WIDTH="19"/>
						<String ID="P104_ST00173" HPOS="462" VPOS="1336" WIDTH="47" HEIGHT="26" CONTENT="she" WC="0.52" CC="670"/>
						<SP ID="P104_SP00149" HPOS="509" VPOS="1372" WIDTH="19"/>
						<String ID="P104_ST00174" HPOS="528" VPOS="1345" WIDTH="69" HEIGHT="27" CONTENT="gave" WC="1.00" CC="0000"/>
						<SP ID="P104_SP00150" HPOS="597" VPOS="1372" WIDTH="19"/>
						<String ID="P104_ST00175" HPOS="616" VPOS="1346" WIDTH="17" HEIGHT="17" CONTENT="a" WC="0.77" CC="2"/>
						<SP ID="P104_SP00151" HPOS="633" VPOS="1372" WIDTH="20"/>
						<String ID="P104_ST00176" HPOS="653" VPOS="1337" WIDTH="92" HEIGHT="27" CONTENT="shriek" WC="0.65" CC="672400"/>
						<SP ID="P104_SP00152" HPOS="745" VPOS="1372" WIDTH="20"/>
						<String ID="P104_ST00177" HPOS="765" VPOS="1339" WIDTH="54" HEIGHT="27" CONTENT="and" WC="0.43" CC="069"/>
						<SP ID="P104_SP00153" HPOS="819" VPOS="1372" WIDTH="24"/>
						<String ID="P104_ST00178" HPOS="843" VPOS="1350" WIDTH="51" HEIGHT="16" CONTENT="ran" WC="1.00" CC="000"/>
					</TextLine>
					<TextLine ID="P104_TL00024" HPOS="84" VPOS="1394" WIDTH="808" HEIGHT="35">
						<String ID="P104_ST00179" HPOS="84" VPOS="1399" WIDTH="28" HEIGHT="23" CONTENT="to" WC="0.66" CC="60"/>
						<SP ID="P104_SP00154" HPOS="112" VPOS="1422" WIDTH="14"/>
						<String ID="P104_ST00180" HPOS="126" VPOS="1395" WIDTH="46" HEIGHT="27" CONTENT="the" WC="0.67" CC="270"/>
						<SP ID="P104_SP00155" HPOS="172" VPOS="1422" WIDTH="14"/>
						<String ID="P104_ST00181" HPOS="186" VPOS="1394" WIDTH="70" HEIGHT="27" CONTENT="door." WC="0.76" CC="22320"/>
						<SP ID="P104_SP00156" HPOS="256" VPOS="1422" WIDTH="40"/>
						<String ID="P104_ST00182" HPOS="296" VPOS="1394" WIDTH="44" HEIGHT="26" CONTENT="He" WC="0.67" CC="60"/>
						<SP ID="P104_SP00157" HPOS="340" VPOS="1422" WIDTH="14"/>
						<String ID="P104_ST00183" HPOS="354" VPOS="1403" WIDTH="100" HEIGHT="26" CONTENT="sprang" WC="0.85" CC="503000"/>
						<SP ID="P104_SP00158" HPOS="454" VPOS="1429" WIDTH="12"/>
						<String ID="P104_ST00184" HPOS="466" VPOS="1394" WIDTH="92" HEIGHT="27" CONTENT="before" WC="0.79" CC="700050"/>
						<SP ID="P104_SP00159" HPOS="558" VPOS="1429" WIDTH="21"/>
						<String ID="P104_ST00185" HPOS="579" VPOS="1394" WIDTH="28" HEIGHT="28" CONTENT="it." WC="0.87" CC="030"/>
						<SP ID="P104_SP00160" HPOS="607" VPOS="1429" WIDTH="40"/>
						<String ID="P104_ST00186" HPOS="647" VPOS="1394" WIDTH="55" HEIGHT="28" CONTENT="She" WC="0.55" CC="760"/>
						<SP ID="P104_SP00161" HPOS="702" VPOS="1429" WIDTH="21"/>
						<String ID="P104_ST00187" HPOS="723" VPOS="1396" WIDTH="60" HEIGHT="27" CONTENT="flew" WC="0.74" CC="0009"/>
						<SP ID="P104_SP00162" HPOS="783" VPOS="1429" WIDTH="20"/>
						<String ID="P104_ST00188" HPOS="803" VPOS="1407" WIDTH="89" HEIGHT="18" CONTENT="across" WC="0.82" CC="306001"/>
					</TextLine>
					<TextLine ID="P104_TL00025" HPOS="84" VPOS="1451" WIDTH="808" HEIGHT="41">
						<String ID="P104_ST00189" HPOS="84" VPOS="1453" WIDTH="47" HEIGHT="27" CONTENT="the" WC="0.75" CC="060"/>
						<SP ID="P104_SP00163" HPOS="131" VPOS="1480" WIDTH="25"/>
						<String ID="P104_ST00190" HPOS="156" VPOS="1462" WIDTH="75" HEIGHT="17" CONTENT="room" WC="0.96" CC="0100"/>
						<SP ID="P104_SP00164" HPOS="231" VPOS="1480" WIDTH="18"/>
						<String ID="P104_ST00191" HPOS="249" VPOS="1451" WIDTH="116" HEIGHT="27" CONTENT="towards" WC="0.80" CC="0000606"/>
						<SP ID="P104_SP00165" HPOS="365" VPOS="1480" WIDTH="19"/>
						<String ID="P104_ST00192" HPOS="384" VPOS="1452" WIDTH="48" HEIGHT="26" CONTENT="the" WC="0.60" CC="470"/>
						<SP ID="P104_SP00166" HPOS="432" VPOS="1480" WIDTH="19"/>
						<String ID="P104_ST00193" HPOS="451" VPOS="1452" WIDTH="123" HEIGHT="32" CONTENT="window," WC="0.86" CC="0260000"/>
						<SP ID="P104_SP00167" HPOS="574" VPOS="1484" WIDTH="33"/>
						<String ID="P104_ST00194" HPOS="607" VPOS="1453" WIDTH="50" HEIGHT="27" CONTENT="her" WC="0.61" CC="604"/>
						<SP ID="P104_SP00168" HPOS="657" VPOS="1484" WIDTH="28"/>
						<String ID="P104_ST00195" HPOS="685" VPOS="1454" WIDTH="61" HEIGHT="27" CONTENT="hair" WC="0.84" CC="6000"/>
						<SP ID="P104_SP00169" HPOS="746" VPOS="1484" WIDTH="30"/>
						<String ID="P104_ST00196" HPOS="776" VPOS="1455" WIDTH="116" HEIGHT="37" CONTENT="drifting" WC="0.92" CC="03000020"/>
					</TextLine>
					<TextLine ID="P104_TL00026" HPOS="83" VPOS="1510" WIDTH="809" HEIGHT="38">
						<String ID="P104_ST00197" HPOS="83" VPOS="1511" WIDTH="108" HEIGHT="32" CONTENT="behind," WC="0.59" CC="7475003"/>
						<SP ID="P104_SP00170" HPOS="191" VPOS="1543" WIDTH="14"/>
						<String ID="P104_ST00198" HPOS="205" VPOS="1511" WIDTH="49" HEIGHT="27" CONTENT="her" WC="0.71" CC="701"/>
						<SP ID="P104_SP00171" HPOS="254" VPOS="1543" WIDTH="19"/>
						<String ID="P104_ST00199" HPOS="273" VPOS="1520" WIDTH="70" HEIGHT="17" CONTENT="arms" WC="0.93" CC="0200"/>
						<SP ID="P104_SP00172" HPOS="343" VPOS="1543" WIDTH="20"/>
						<String ID="P104_ST00200" HPOS="363" VPOS="1510" WIDTH="192" HEIGHT="28" CONTENT="outstretched." WC="0.77" CC="0530630307000"/>
						<SP ID="P104_SP00173" HPOS="555" VPOS="1543" WIDTH="40"/>
						<String ID="P104_ST00201" HPOS="595" VPOS="1511" WIDTH="39" HEIGHT="27" CONTENT="As" WC="0.16" CC="97"/>
						<SP ID="P104_SP00174" HPOS="634" VPOS="1543" WIDTH="19"/>
						<String ID="P104_ST00202" HPOS="653" VPOS="1512" WIDTH="49" HEIGHT="27" CONTENT="she" WC="0.61" CC="470"/>
						<SP ID="P104_SP00175" HPOS="702" VPOS="1543" WIDTH="22"/>
						<String ID="P104_ST00203" HPOS="724" VPOS="1514" WIDTH="96" HEIGHT="34" CONTENT="placed" WC="0.63" CC="039034"/>
						<SP ID="P104_SP00176" HPOS="820" VPOS="1548" WIDTH="21"/>
						<String ID="P104_ST00204" HPOS="841" VPOS="1515" WIDTH="51" HEIGHT="27" CONTENT="her" WC="0.74" CC="600"/>
					</TextLine>
				</TextBlock>
			</PrintSpace>
		</Page>
	</Layout>
</alto>
